folder,image_path,status,width,height
C:\Users\hanif\Downloads\capstone-agung\capstone-agung\Data\bubat barat\pagi,C:\Users\hanif\Downloads\capstone-agung\capstone-agung\Data\bubat barat\pagi\BubatBrt_20260512_225046.jpg,ok,640,480
C:\Users\hanif\Downloads\capstone-agung\capstone-agung\Data\bubat barat\pagi,C:\Users\hanif\Downloads\capstone-agung\capstone-agung\Data\bubat barat\pagi\BubatBrt_20260512_225125.jpg,ok,640,480
C:\Users\hanif\Downloads\capstone-agung\capstone-agung\Data\bubat barat\pagi,C:\Users\hanif\Downloads\capstone-agung\capstone-agung\Data\bubat barat\pagi\BubatBrt_20260512_225204.jpg,ok,640,480
C:\Users\hanif\Downloads\capstone-agung\capstone-agung\Data\bubat barat\pagi,C:\Users\hanif\Downloads\capstone-agung\capstone-agung\Data\bubat barat\pagi\BubatBrt_20260512_225242.jpg,ok,640,480
C:\Users\hanif\Downloads\capstone-agung\capstone-agung\Data\bubat barat\pagi,C:\Users\hanif\Downloads\capstone-agung\capstone-agung\Data\bubat barat\pagi\BubatBrt_20260512_225321.jpg,ok,640,480
C:\Users\hanif\Downloads\capstone-agung\capstone-agung\Data\bubat barat\pagi,C:\Users\hanif\Downloads\capstone-agung\capstone-agung\Data\bubat barat\pagi\BubatBrt_20260512_225400.jpg,ok,640,480
C:\Users\hanif\Downloads\capstone-agung\capstone-agung\Data\bubat barat\pagi,C:\Users\hanif\Downloads\capstone-agung\capstone-agung\Data\bubat barat\pagi\BubatBrt_20260512_225439.jpg,ok,640,480
C:\Users\hanif\Downloads\capstone-agung\capstone-agung\Data\bubat barat\pagi,C:\Users\hanif\Downloads\capstone-agung\capstone-agung\Data\bubat barat\pagi\BubatBrt_20260512_225519.jpg,ok,640,480
C:\Users\hanif\Downloads\capstone-agung\capstone-agung\Data\bubat barat\pagi,C:\Users\hanif\Downloads\capstone-agung\capstone-agung\Data\bubat barat\pagi\BubatBrt_20260512_225558.jpg,ok,640,480
C:\Users\hanif\Downloads\capstone-agung\capstone-agung\Data\bubat barat\pagi,C:\Users\hanif\Downloads\capstone-agung\capstone-agung\Data\bubat barat\pagi\BubatBrt_20260512_225636.jpg,ok,640,480
C:\Users\hanif\Downloads\capstone-agung\capstone-agung\Data\bubat barat\pagi,C:\Users\hanif\Downloads\capstone-agung\capstone-agung\Data\bubat barat\pagi\BubatBrt_20260512_225716.jpg,ok,640,480
C:\Users\hanif\Downloads\capstone-agung\capstone-agung\Data\bubat barat\pagi,C:\Users\hanif\Downloads\capstone-agung\capstone-agung\Data\bubat barat\pagi\BubatBrt_20260512_225755.jpg,ok,640,480
C:\Users\hanif\Downloads\capstone-agung\capstone-agung\Data\bubat barat\pagi,C:\Users\hanif\Downloads\capstone-agung\capstone-agung\Data\bubat barat\pagi\BubatBrt_20260512_225834.jpg,ok,640,480
C:\Users\hanif\Downloads\capstone-agung\capstone-agung\Data\bubat barat\pagi,C:\Users\hanif\Downloads\capstone-agung\capstone-agung\Data\bubat barat\pagi\BubatBrt_20260512_225912.jpg,ok,640,480
C:\Users\hanif\Downloads\capstone-agung\capstone-agung\Data\bubat barat\pagi,C:\Users\hanif\Downloads\capstone-agung\capstone-agung\Data\bubat barat\pagi\BubatBrt_20260512_225951.jpg,ok,640,480
C:\Users\hanif\Downloads\capstone-agung\capstone-agung\Data\bubat barat\pagi,C:\Users\hanif\Downloads\capstone-agung\capstone-agung\Data\bubat barat\pagi\BubatBrt_20260512_230030.jpg,ok,640,480
C:\Users\hanif\Downloads\capstone-agung\capstone-agung\Data\bubat barat\pagi,C:\Users\hanif\Downloads\capstone-agung\capstone-agung\Data\bubat barat\pagi\BubatBrt_20260512_230109.jpg,ok,640,480
C:\Users\hanif\Downloads\capstone-agung\capstone-agung\Data\bubat barat\pagi,C:\Users\hanif\Downloads\capstone-agung\capstone-agung\Data\bubat barat\pagi\BubatBrt_20260512_230148.jpg,ok,640,480
C:\Users\hanif\Downloads\capstone-agung\capstone-agung\Data\bubat barat\pagi,C:\Users\hanif\Downloads\capstone-agung\capstone-agung\Data\bubat barat\pagi\BubatBrt_20260512_230227.jpg,ok,640,480
C:\Users\hanif\Downloads\capstone-agung\capstone-agung\Data\bubat barat\pagi,C:\Users\hanif\Downloads\capstone-agung\capstone-agung\Data\bubat barat\pagi\BubatBrt_20260512_230305.jpg,ok,640,480
C:\Users\hanif\Downloads\capstone-agung\capstone-agung\Data\bubat barat\pagi,C:\Users\hanif\Downloads\capstone-agung\capstone-agung\Data\bubat barat\pagi\BubatBrt_20260512_230344.jpg,ok,640,480
C:\Users\hanif\Downloads\capstone-agung\capstone-agung\Data\bubat barat\pagi,C:\Users\hanif\Downloads\capstone-agung\capstone-agung\Data\bubat barat\pagi\BubatBrt_20260512_230442.jpg,ok,640,480
C:\Users\hanif\Downloads\capstone-agung\capstone-agung\Data\bubat barat\pagi,C:\Users\hanif\Downloads\capstone-agung\capstone-agung\Data\bubat barat\pagi\BubatBrt_20260512_230521.jpg,ok,640,480
C:\Users\hanif\Downloads\capstone-agung\capstone-agung\Data\bubat barat\pagi,C:\Users\hanif\Downloads\capstone-agung\capstone-agung\Data\bubat barat\pagi\BubatBrt_20260512_230600.jpg,ok,640,480
C:\Users\hanif\Downloads\capstone-agung\capstone-agung\Data\bubat barat\pagi,C:\Users\hanif\Downloads\capstone-agung\capstone-agung\Data\bubat barat\pagi\BubatBrt_20260512_230638.jpg,ok,640,480
C:\Users\hanif\Downloads\capstone-agung\capstone-agung\Data\bubat barat\pagi,C:\Users\hanif\Downloads\capstone-agung\capstone-agung\Data\bubat barat\pagi\BubatBrt_20260512_230717.jpg,ok,640,480
C:\Users\hanif\Downloads\capstone-agung\capstone-agung\Data\bubat barat\pagi,C:\Users\hanif\Downloads\capstone-agung\capstone-agung\Data\bubat barat\pagi\BubatBrt_20260512_230756.jpg,ok,640,480
C:\Users\hanif\Downloads\capstone-agung\capstone-agung\Data\bubat barat\pagi,C:\Users\hanif\Downloads\capstone-agung\capstone-agung\Data\bubat barat\pagi\BubatBrt_20260512_230835.jpg,ok,640,480
C:\Users\hanif\Downloads\capstone-agung\capstone-agung\Data\bubat barat\pagi,C:\Users\hanif\Downloads\capstone-agung\capstone-agung\Data\bubat barat\pagi\BubatBrt_20260512_230933.jpg,ok,640,480
C:\Users\hanif\Downloads\capstone-agung\capstone-agung\Data\bubat barat\pagi,C:\Users\hanif\Downloads\capstone-agung\capstone-agung\Data\bubat barat\pagi\BubatBrt_20260512_231012.jpg,ok,640,480
C:\Users\hanif\Downloads\capstone-agung\capstone-agung\Data\bubat barat\pagi,C:\Users\hanif\Downloads\capstone-agung\capstone-agung\Data\bubat barat\pagi\BubatBrt_20260512_231051.jpg,ok,640,480
C:\Users\hanif\Downloads\capstone-agung\capstone-agung\Data\bubat barat\pagi,C:\Users\hanif\Downloads\capstone-agung\capstone-agung\Data\bubat barat\pagi\BubatBrt_20260512_231130.jpg,ok,640,480
C:\Users\hanif\Downloads\capstone-agung\capstone-agung\Data\bubat barat\pagi,C:\Users\hanif\Downloads\capstone-agung\capstone-agung\Data\bubat barat\pagi\BubatBrt_20260512_231248.jpg,ok,640,480
C:\Users\hanif\Downloads\capstone-agung\capstone-agung\Data\bubat barat\pagi,C:\Users\hanif\Downloads\capstone-agung\capstone-agung\Data\bubat barat\pagi\BubatBrt_20260512_231346.jpg,ok,640,480
C:\Users\hanif\Downloads\capstone-agung\capstone-agung\Data\bubat barat\pagi,C:\Users\hanif\Downloads\capstone-agung\capstone-agung\Data\bubat barat\pagi\BubatBrt_20260512_231425.jpg,ok,640,480
C:\Users\hanif\Downloads\capstone-agung\capstone-agung\Data\bubat barat\pagi,C:\Users\hanif\Downloads\capstone-agung\capstone-agung\Data\bubat barat\pagi\BubatBrt_20260512_231504.jpg,ok,640,480
C:\Users\hanif\Downloads\capstone-agung\capstone-agung\Data\bubat barat\pagi,C:\Users\hanif\Downloads\capstone-agung\capstone-agung\Data\bubat barat\pagi\BubatBrt_20260512_231543.jpg,ok,640,480
C:\Users\hanif\Downloads\capstone-agung\capstone-agung\Data\bubat barat\pagi,C:\Users\hanif\Downloads\capstone-agung\capstone-agung\Data\bubat barat\pagi\BubatBrt_20260512_231622.jpg,ok,640,480
C:\Users\hanif\Downloads\capstone-agung\capstone-agung\Data\bubat barat\pagi,C:\Users\hanif\Downloads\capstone-agung\capstone-agung\Data\bubat barat\pagi\BubatBrt_20260512_231701.jpg,ok,640,480
C:\Users\hanif\Downloads\capstone-agung\capstone-agung\Data\bubat barat\pagi,C:\Users\hanif\Downloads\capstone-agung\capstone-agung\Data\bubat barat\pagi\BubatBrt_20260512_231740.jpg,ok,640,480
C:\Users\hanif\Downloads\capstone-agung\capstone-agung\Data\bubat barat\pagi,C:\Users\hanif\Downloads\capstone-agung\capstone-agung\Data\bubat barat\pagi\BubatBrt_20260512_231819.jpg,ok,640,480
C:\Users\hanif\Downloads\capstone-agung\capstone-agung\Data\bubat barat\pagi,C:\Users\hanif\Downloads\capstone-agung\capstone-agung\Data\bubat barat\pagi\BubatBrt_20260512_231858.jpg,ok,640,480
C:\Users\hanif\Downloads\capstone-agung\capstone-agung\Data\bubat barat\pagi,C:\Users\hanif\Downloads\capstone-agung\capstone-agung\Data\bubat barat\pagi\BubatBrt_20260512_231937.jpg,ok,640,480
C:\Users\hanif\Downloads\capstone-agung\capstone-agung\Data\bubat barat\pagi,C:\Users\hanif\Downloads\capstone-agung\capstone-agung\Data\bubat barat\pagi\BubatBrt_20260512_232015.jpg,ok,640,480
C:\Users\hanif\Downloads\capstone-agung\capstone-agung\Data\bubat barat\pagi,C:\Users\hanif\Downloads\capstone-agung\capstone-agung\Data\bubat barat\pagi\BubatBrt_20260512_232054.jpg,ok,640,480
C:\Users\hanif\Downloads\capstone-agung\capstone-agung\Data\bubat barat\pagi,C:\Users\hanif\Downloads\capstone-agung\capstone-agung\Data\bubat barat\pagi\BubatBrt_20260512_232133.jpg,ok,640,480
C:\Users\hanif\Downloads\capstone-agung\capstone-agung\Data\bubat barat\pagi,C:\Users\hanif\Downloads\capstone-agung\capstone-agung\Data\bubat barat\pagi\BubatBrt_20260512_232212.jpg,ok,640,480
C:\Users\hanif\Downloads\capstone-agung\capstone-agung\Data\bubat barat\pagi,C:\Users\hanif\Downloads\capstone-agung\capstone-agung\Data\bubat barat\pagi\BubatBrt_20260512_232251.jpg,ok,640,480
C:\Users\hanif\Downloads\capstone-agung\capstone-agung\Data\bubat barat\pagi,C:\Users\hanif\Downloads\capstone-agung\capstone-agung\Data\bubat barat\pagi\BubatBrt_20260512_232330.jpg,ok,640,480
C:\Users\hanif\Downloads\capstone-agung\capstone-agung\Data\bubat barat\pagi,C:\Users\hanif\Downloads\capstone-agung\capstone-agung\Data\bubat barat\pagi\BubatBrt_20260512_232409.jpg,ok,640,480
C:\Users\hanif\Downloads\capstone-agung\capstone-agung\Data\bubat barat\pagi,C:\Users\hanif\Downloads\capstone-agung\capstone-agung\Data\bubat barat\pagi\BubatBrt_20260512_232447.jpg,ok,640,480
C:\Users\hanif\Downloads\capstone-agung\capstone-agung\Data\bubat barat\pagi,C:\Users\hanif\Downloads\capstone-agung\capstone-agung\Data\bubat barat\pagi\BubatBrt_20260512_232527.jpg,ok,640,480
C:\Users\hanif\Downloads\capstone-agung\capstone-agung\Data\bubat barat\pagi,C:\Users\hanif\Downloads\capstone-agung\capstone-agung\Data\bubat barat\pagi\BubatBrt_20260512_232606.jpg,ok,640,480
C:\Users\hanif\Downloads\capstone-agung\capstone-agung\Data\bubat barat\pagi,C:\Users\hanif\Downloads\capstone-agung\capstone-agung\Data\bubat barat\pagi\BubatBrt_20260512_232645.jpg,ok,640,480
C:\Users\hanif\Downloads\capstone-agung\capstone-agung\Data\bubat barat\pagi,C:\Users\hanif\Downloads\capstone-agung\capstone-agung\Data\bubat barat\pagi\BubatBrt_20260512_232822.jpg,ok,640,480
C:\Users\hanif\Downloads\capstone-agung\capstone-agung\Data\bubat barat\pagi,C:\Users\hanif\Downloads\capstone-agung\capstone-agung\Data\bubat barat\pagi\BubatBrt_20260512_232901.jpg,ok,640,480
C:\Users\hanif\Downloads\capstone-agung\capstone-agung\Data\bubat barat\pagi,C:\Users\hanif\Downloads\capstone-agung\capstone-agung\Data\bubat barat\pagi\BubatBrt_20260512_232940.jpg,ok,640,480
C:\Users\hanif\Downloads\capstone-agung\capstone-agung\Data\bubat barat\pagi,C:\Users\hanif\Downloads\capstone-agung\capstone-agung\Data\bubat barat\pagi\BubatBrt_20260512_233019.jpg,ok,640,480
C:\Users\hanif\Downloads\capstone-agung\capstone-agung\Data\bubat barat\pagi,C:\Users\hanif\Downloads\capstone-agung\capstone-agung\Data\bubat barat\pagi\BubatBrt_20260512_233059.jpg,ok,640,480
C:\Users\hanif\Downloads\capstone-agung\capstone-agung\Data\bubat barat\pagi,C:\Users\hanif\Downloads\capstone-agung\capstone-agung\Data\bubat barat\pagi\BubatBrt_20260512_233236.jpg,ok,640,480
C:\Users\hanif\Downloads\capstone-agung\capstone-agung\Data\bubat barat\pagi,C:\Users\hanif\Downloads\capstone-agung\capstone-agung\Data\bubat barat\pagi\BubatBrt_20260512_233315.jpg,ok,640,480
C:\Users\hanif\Downloads\capstone-agung\capstone-agung\Data\bubat barat\pagi,C:\Users\hanif\Downloads\capstone-agung\capstone-agung\Data\bubat barat\pagi\BubatBrt_20260512_233354.jpg,ok,640,480
C:\Users\hanif\Downloads\capstone-agung\capstone-agung\Data\bubat barat\pagi,C:\Users\hanif\Downloads\capstone-agung\capstone-agung\Data\bubat barat\pagi\BubatBrt_20260512_233433.jpg,ok,640,480
C:\Users\hanif\Downloads\capstone-agung\capstone-agung\Data\bubat barat\pagi,C:\Users\hanif\Downloads\capstone-agung\capstone-agung\Data\bubat barat\pagi\BubatBrt_20260512_233531.jpg,ok,640,480
C:\Users\hanif\Downloads\capstone-agung\capstone-agung\Data\bubat barat\pagi,C:\Users\hanif\Downloads\capstone-agung\capstone-agung\Data\bubat barat\pagi\BubatBrt_20260512_233610.jpg,ok,640,480
C:\Users\hanif\Downloads\capstone-agung\capstone-agung\Data\bubat barat\pagi,C:\Users\hanif\Downloads\capstone-agung\capstone-agung\Data\bubat barat\pagi\BubatBrt_20260512_233649.jpg,ok,640,480
C:\Users\hanif\Downloads\capstone-agung\capstone-agung\Data\bubat barat\pagi,C:\Users\hanif\Downloads\capstone-agung\capstone-agung\Data\bubat barat\pagi\BubatBrt_20260512_233728.jpg,ok,640,480
C:\Users\hanif\Downloads\capstone-agung\capstone-agung\Data\bubat barat\pagi,C:\Users\hanif\Downloads\capstone-agung\capstone-agung\Data\bubat barat\pagi\BubatBrt_20260512_233806.jpg,ok,640,480
C:\Users\hanif\Downloads\capstone-agung\capstone-agung\Data\bubat barat\pagi,C:\Users\hanif\Downloads\capstone-agung\capstone-agung\Data\bubat barat\pagi\BubatBrt_20260512_233845.jpg,ok,640,480
C:\Users\hanif\Downloads\capstone-agung\capstone-agung\Data\bubat barat\pagi,C:\Users\hanif\Downloads\capstone-agung\capstone-agung\Data\bubat barat\pagi\BubatBrt_20260512_233924.jpg,ok,640,480
C:\Users\hanif\Downloads\capstone-agung\capstone-agung\Data\bubat barat\pagi,C:\Users\hanif\Downloads\capstone-agung\capstone-agung\Data\bubat barat\pagi\BubatBrt_20260512_234022.jpg,ok,640,480
C:\Users\hanif\Downloads\capstone-agung\capstone-agung\Data\bubat barat\pagi,C:\Users\hanif\Downloads\capstone-agung\capstone-agung\Data\bubat barat\pagi\BubatBrt_20260512_234101.jpg,ok,640,480
C:\Users\hanif\Downloads\capstone-agung\capstone-agung\Data\bubat barat\pagi,C:\Users\hanif\Downloads\capstone-agung\capstone-agung\Data\bubat barat\pagi\BubatBrt_20260512_234200.jpg,ok,640,480
C:\Users\hanif\Downloads\capstone-agung\capstone-agung\Data\bubat barat\pagi,C:\Users\hanif\Downloads\capstone-agung\capstone-agung\Data\bubat barat\pagi\BubatBrt_20260512_234238.jpg,ok,640,480
C:\Users\hanif\Downloads\capstone-agung\capstone-agung\Data\bubat barat\pagi,C:\Users\hanif\Downloads\capstone-agung\capstone-agung\Data\bubat barat\pagi\BubatBrt_20260512_234317.jpg,ok,640,480
C:\Users\hanif\Downloads\capstone-agung\capstone-agung\Data\bubat barat\pagi,C:\Users\hanif\Downloads\capstone-agung\capstone-agung\Data\bubat barat\pagi\BubatBrt_20260512_234356.jpg,ok,640,480
C:\Users\hanif\Downloads\capstone-agung\capstone-agung\Data\bubat barat\pagi,C:\Users\hanif\Downloads\capstone-agung\capstone-agung\Data\bubat barat\pagi\BubatBrt_20260512_234435.jpg,ok,640,480
C:\Users\hanif\Downloads\capstone-agung\capstone-agung\Data\bubat barat\pagi,C:\Users\hanif\Downloads\capstone-agung\capstone-agung\Data\bubat barat\pagi\BubatBrt_20260512_234513.jpg,ok,640,480
C:\Users\hanif\Downloads\capstone-agung\capstone-agung\Data\bubat barat\pagi,C:\Users\hanif\Downloads\capstone-agung\capstone-agung\Data\bubat barat\pagi\BubatBrt_20260512_234535.jpg,ok,640,480
C:\Users\hanif\Downloads\capstone-agung\capstone-agung\Data\bubat barat\pagi,C:\Users\hanif\Downloads\capstone-agung\capstone-agung\Data\bubat barat\pagi\BubatBrt_20260512_234614.jpg,ok,640,480
C:\Users\hanif\Downloads\capstone-agung\capstone-agung\Data\bubat barat\pagi,C:\Users\hanif\Downloads\capstone-agung\capstone-agung\Data\bubat barat\pagi\BubatBrt_20260512_234653.jpg,ok,640,480
C:\Users\hanif\Downloads\capstone-agung\capstone-agung\Data\bubat barat\pagi,C:\Users\hanif\Downloads\capstone-agung\capstone-agung\Data\bubat barat\pagi\BubatBrt_20260512_234731.jpg,ok,640,480
C:\Users\hanif\Downloads\capstone-agung\capstone-agung\Data\bubat barat\pagi,C:\Users\hanif\Downloads\capstone-agung\capstone-agung\Data\bubat barat\pagi\BubatBrt_20260512_234810.jpg,ok,640,480
C:\Users\hanif\Downloads\capstone-agung\capstone-agung\Data\bubat barat\pagi,C:\Users\hanif\Downloads\capstone-agung\capstone-agung\Data\bubat barat\pagi\BubatBrt_20260512_234849.jpg,ok,640,480
C:\Users\hanif\Downloads\capstone-agung\capstone-agung\Data\bubat barat\pagi,C:\Users\hanif\Downloads\capstone-agung\capstone-agung\Data\bubat barat\pagi\BubatBrt_20260512_234928.jpg,ok,640,480
C:\Users\hanif\Downloads\capstone-agung\capstone-agung\Data\bubat barat\pagi,C:\Users\hanif\Downloads\capstone-agung\capstone-agung\Data\bubat barat\pagi\BubatBrt_20260512_235027.jpg,ok,640,480
C:\Users\hanif\Downloads\capstone-agung\capstone-agung\Data\bubat barat\pagi,C:\Users\hanif\Downloads\capstone-agung\capstone-agung\Data\bubat barat\pagi\BubatBrt_20260512_235106.jpg,ok,640,480
C:\Users\hanif\Downloads\capstone-agung\capstone-agung\Data\bubat barat\pagi,C:\Users\hanif\Downloads\capstone-agung\capstone-agung\Data\bubat barat\pagi\BubatBrt_20260512_235145.jpg,ok,640,480
C:\Users\hanif\Downloads\capstone-agung\capstone-agung\Data\bubat barat\pagi,C:\Users\hanif\Downloads\capstone-agung\capstone-agung\Data\bubat barat\pagi\BubatBrt_20260512_235224.jpg,ok,640,480
C:\Users\hanif\Downloads\capstone-agung\capstone-agung\Data\bubat barat\pagi,C:\Users\hanif\Downloads\capstone-agung\capstone-agung\Data\bubat barat\pagi\BubatBrt_20260512_235302.jpg,ok,640,480
C:\Users\hanif\Downloads\capstone-agung\capstone-agung\Data\bubat barat\pagi,C:\Users\hanif\Downloads\capstone-agung\capstone-agung\Data\bubat barat\pagi\BubatBrt_20260512_235341.jpg,ok,640,480
C:\Users\hanif\Downloads\capstone-agung\capstone-agung\Data\bubat barat\pagi,C:\Users\hanif\Downloads\capstone-agung\capstone-agung\Data\bubat barat\pagi\BubatBrt_20260512_235420.jpg,ok,640,480
C:\Users\hanif\Downloads\capstone-agung\capstone-agung\Data\bubat barat\pagi,C:\Users\hanif\Downloads\capstone-agung\capstone-agung\Data\bubat barat\pagi\BubatBrt_20260512_235618.jpg,ok,640,480
C:\Users\hanif\Downloads\capstone-agung\capstone-agung\Data\bubat barat\pagi,C:\Users\hanif\Downloads\capstone-agung\capstone-agung\Data\bubat barat\pagi\BubatBrt_20260512_235657.jpg,ok,640,480
C:\Users\hanif\Downloads\capstone-agung\capstone-agung\Data\bubat barat\pagi,C:\Users\hanif\Downloads\capstone-agung\capstone-agung\Data\bubat barat\pagi\BubatBrt_20260512_235737.jpg,ok,640,480
C:\Users\hanif\Downloads\capstone-agung\capstone-agung\Data\bubat barat\pagi,C:\Users\hanif\Downloads\capstone-agung\capstone-agung\Data\bubat barat\pagi\BubatBrt_20260512_235816.jpg,ok,640,480
C:\Users\hanif\Downloads\capstone-agung\capstone-agung\Data\bubat barat\pagi,C:\Users\hanif\Downloads\capstone-agung\capstone-agung\Data\bubat barat\pagi\BubatBrt_20260512_235855.jpg,ok,640,480
C:\Users\hanif\Downloads\capstone-agung\capstone-agung\Data\bubat barat\pagi,C:\Users\hanif\Downloads\capstone-agung\capstone-agung\Data\bubat barat\pagi\BubatBrt_20260512_235934.jpg,ok,640,480
C:\Users\hanif\Downloads\capstone-agung\capstone-agung\Data\bubat barat\pagi,C:\Users\hanif\Downloads\capstone-agung\capstone-agung\Data\bubat barat\pagi\BubatBrt_20260513_000013.jpg,ok,640,480
C:\Users\hanif\Downloads\capstone-agung\capstone-agung\Data\bubat barat\pagi,C:\Users\hanif\Downloads\capstone-agung\capstone-agung\Data\bubat barat\pagi\BubatBrt_20260513_000051.jpg,ok,640,480
C:\Users\hanif\Downloads\capstone-agung\capstone-agung\Data\bubat barat\pagi,C:\Users\hanif\Downloads\capstone-agung\capstone-agung\Data\bubat barat\pagi\BubatBrt_20260513_000130.jpg,ok,640,480
C:\Users\hanif\Downloads\capstone-agung\capstone-agung\Data\bubat barat\pagi,C:\Users\hanif\Downloads\capstone-agung\capstone-agung\Data\bubat barat\pagi\BubatBrt_20260513_000209.jpg,ok,640,480
C:\Users\hanif\Downloads\capstone-agung\capstone-agung\Data\bubat barat\pagi,C:\Users\hanif\Downloads\capstone-agung\capstone-agung\Data\bubat barat\pagi\BubatBrt_20260513_000248.jpg,ok,640,480
C:\Users\hanif\Downloads\capstone-agung\capstone-agung\Data\bubat barat\pagi,C:\Users\hanif\Downloads\capstone-agung\capstone-agung\Data\bubat barat\pagi\BubatBrt_20260513_000347.jpg,ok,640,480
C:\Users\hanif\Downloads\capstone-agung\capstone-agung\Data\bubat barat\pagi,C:\Users\hanif\Downloads\capstone-agung\capstone-agung\Data\bubat barat\pagi\BubatBrt_20260513_000427.jpg,ok,640,480
C:\Users\hanif\Downloads\capstone-agung\capstone-agung\Data\bubat barat\pagi,C:\Users\hanif\Downloads\capstone-agung\capstone-agung\Data\bubat barat\pagi\BubatBrt_20260513_000506.jpg,ok,640,480
C:\Users\hanif\Downloads\capstone-agung\capstone-agung\Data\bubat barat\pagi,C:\Users\hanif\Downloads\capstone-agung\capstone-agung\Data\bubat barat\pagi\BubatBrt_20260513_000545.jpg,ok,640,480
C:\Users\hanif\Downloads\capstone-agung\capstone-agung\Data\bubat barat\pagi,C:\Users\hanif\Downloads\capstone-agung\capstone-agung\Data\bubat barat\pagi\BubatBrt_20260513_000624.jpg,ok,640,480
C:\Users\hanif\Downloads\capstone-agung\capstone-agung\Data\bubat barat\pagi,C:\Users\hanif\Downloads\capstone-agung\capstone-agung\Data\bubat barat\pagi\BubatBrt_20260513_000704.jpg,ok,640,480
C:\Users\hanif\Downloads\capstone-agung\capstone-agung\Data\bubat barat\pagi,C:\Users\hanif\Downloads\capstone-agung\capstone-agung\Data\bubat barat\pagi\BubatBrt_20260513_000822.jpg,ok,640,480
C:\Users\hanif\Downloads\capstone-agung\capstone-agung\Data\bubat barat\pagi,C:\Users\hanif\Downloads\capstone-agung\capstone-agung\Data\bubat barat\pagi\BubatBrt_20260513_000901.jpg,ok,640,480
C:\Users\hanif\Downloads\capstone-agung\capstone-agung\Data\bubat barat\pagi,C:\Users\hanif\Downloads\capstone-agung\capstone-agung\Data\bubat barat\pagi\BubatBrt_20260513_000940.jpg,ok,640,480
C:\Users\hanif\Downloads\capstone-agung\capstone-agung\Data\bubat barat\pagi,C:\Users\hanif\Downloads\capstone-agung\capstone-agung\Data\bubat barat\pagi\BubatBrt_20260513_001019.jpg,ok,640,480
C:\Users\hanif\Downloads\capstone-agung\capstone-agung\Data\bubat barat\pagi,C:\Users\hanif\Downloads\capstone-agung\capstone-agung\Data\bubat barat\pagi\BubatBrt_20260513_001058.jpg,ok,640,480
C:\Users\hanif\Downloads\capstone-agung\capstone-agung\Data\bubat barat\pagi,C:\Users\hanif\Downloads\capstone-agung\capstone-agung\Data\bubat barat\pagi\BubatBrt_20260513_001137.jpg,ok,640,480
C:\Users\hanif\Downloads\capstone-agung\capstone-agung\Data\bubat barat\pagi,C:\Users\hanif\Downloads\capstone-agung\capstone-agung\Data\bubat barat\pagi\BubatBrt_20260513_001217.jpg,ok,640,480
C:\Users\hanif\Downloads\capstone-agung\capstone-agung\Data\bubat barat\pagi,C:\Users\hanif\Downloads\capstone-agung\capstone-agung\Data\bubat barat\pagi\BubatBrt_20260513_001256.jpg,ok,640,480
C:\Users\hanif\Downloads\capstone-agung\capstone-agung\Data\bubat barat\pagi,C:\Users\hanif\Downloads\capstone-agung\capstone-agung\Data\bubat barat\pagi\BubatBrt_20260513_001335.jpg,ok,640,480
C:\Users\hanif\Downloads\capstone-agung\capstone-agung\Data\bubat barat\pagi,C:\Users\hanif\Downloads\capstone-agung\capstone-agung\Data\bubat barat\pagi\BubatBrt_20260513_001414.jpg,ok,640,480
C:\Users\hanif\Downloads\capstone-agung\capstone-agung\Data\bubat barat\pagi,C:\Users\hanif\Downloads\capstone-agung\capstone-agung\Data\bubat barat\pagi\BubatBrt_20260513_001453.jpg,ok,640,480
C:\Users\hanif\Downloads\capstone-agung\capstone-agung\Data\bubat barat\pagi,C:\Users\hanif\Downloads\capstone-agung\capstone-agung\Data\bubat barat\pagi\BubatBrt_20260513_001552.jpg,ok,640,480
C:\Users\hanif\Downloads\capstone-agung\capstone-agung\Data\bubat barat\pagi,C:\Users\hanif\Downloads\capstone-agung\capstone-agung\Data\bubat barat\pagi\BubatBrt_20260513_001631.jpg,ok,640,480
C:\Users\hanif\Downloads\capstone-agung\capstone-agung\Data\bubat barat\pagi,C:\Users\hanif\Downloads\capstone-agung\capstone-agung\Data\bubat barat\pagi\BubatBrt_20260513_001652.jpg,ok,640,480
C:\Users\hanif\Downloads\capstone-agung\capstone-agung\Data\bubat barat\pagi,C:\Users\hanif\Downloads\capstone-agung\capstone-agung\Data\bubat barat\pagi\BubatBrt_20260513_001731.jpg,ok,640,480
C:\Users\hanif\Downloads\capstone-agung\capstone-agung\Data\bubat barat\pagi,C:\Users\hanif\Downloads\capstone-agung\capstone-agung\Data\bubat barat\pagi\BubatBrt_20260513_001810.jpg,ok,640,480
C:\Users\hanif\Downloads\capstone-agung\capstone-agung\Data\bubat barat\pagi,C:\Users\hanif\Downloads\capstone-agung\capstone-agung\Data\bubat barat\pagi\BubatBrt_20260513_001849.jpg,ok,640,480
C:\Users\hanif\Downloads\capstone-agung\capstone-agung\Data\bubat barat\pagi,C:\Users\hanif\Downloads\capstone-agung\capstone-agung\Data\bubat barat\pagi\BubatBrt_20260513_001928.jpg,ok,640,480
C:\Users\hanif\Downloads\capstone-agung\capstone-agung\Data\bubat barat\pagi,C:\Users\hanif\Downloads\capstone-agung\capstone-agung\Data\bubat barat\pagi\BubatBrt_20260513_002007.jpg,ok,640,480
C:\Users\hanif\Downloads\capstone-agung\capstone-agung\Data\bubat barat\pagi,C:\Users\hanif\Downloads\capstone-agung\capstone-agung\Data\bubat barat\pagi\BubatBrt_20260513_002046.jpg,ok,640,480
C:\Users\hanif\Downloads\capstone-agung\capstone-agung\Data\bubat barat\pagi,C:\Users\hanif\Downloads\capstone-agung\capstone-agung\Data\bubat barat\pagi\BubatBrt_20260513_002125.jpg,ok,640,480
C:\Users\hanif\Downloads\capstone-agung\capstone-agung\Data\bubat barat\pagi,C:\Users\hanif\Downloads\capstone-agung\capstone-agung\Data\bubat barat\pagi\BubatBrt_20260513_002244.jpg,ok,640,480
C:\Users\hanif\Downloads\capstone-agung\capstone-agung\Data\bubat barat\pagi,C:\Users\hanif\Downloads\capstone-agung\capstone-agung\Data\bubat barat\pagi\BubatBrt_20260513_002323.jpg,ok,640,480
C:\Users\hanif\Downloads\capstone-agung\capstone-agung\Data\bubat barat\pagi,C:\Users\hanif\Downloads\capstone-agung\capstone-agung\Data\bubat barat\pagi\BubatBrt_20260513_002402.jpg,ok,640,480
C:\Users\hanif\Downloads\capstone-agung\capstone-agung\Data\bubat barat\pagi,C:\Users\hanif\Downloads\capstone-agung\capstone-agung\Data\bubat barat\pagi\BubatBrt_20260513_002441.jpg,ok,640,480
C:\Users\hanif\Downloads\capstone-agung\capstone-agung\Data\bubat barat\pagi,C:\Users\hanif\Downloads\capstone-agung\capstone-agung\Data\bubat barat\pagi\BubatBrt_20260513_002520.jpg,ok,640,480
C:\Users\hanif\Downloads\capstone-agung\capstone-agung\Data\bubat barat\pagi,C:\Users\hanif\Downloads\capstone-agung\capstone-agung\Data\bubat barat\pagi\BubatBrt_20260513_002559.jpg,ok,640,480
C:\Users\hanif\Downloads\capstone-agung\capstone-agung\Data\bubat barat\pagi,C:\Users\hanif\Downloads\capstone-agung\capstone-agung\Data\bubat barat\pagi\BubatBrt_20260513_002639.jpg,ok,640,480
C:\Users\hanif\Downloads\capstone-agung\capstone-agung\Data\bubat barat\pagi,C:\Users\hanif\Downloads\capstone-agung\capstone-agung\Data\bubat barat\pagi\BubatBrt_20260513_002718.jpg,ok,640,480
C:\Users\hanif\Downloads\capstone-agung\capstone-agung\Data\bubat barat\pagi,C:\Users\hanif\Downloads\capstone-agung\capstone-agung\Data\bubat barat\pagi\BubatBrt_20260513_002756.jpg,ok,640,480
C:\Users\hanif\Downloads\capstone-agung\capstone-agung\Data\bubat barat\pagi,C:\Users\hanif\Downloads\capstone-agung\capstone-agung\Data\bubat barat\pagi\BubatBrt_20260513_002836.jpg,ok,640,480
C:\Users\hanif\Downloads\capstone-agung\capstone-agung\Data\bubat barat\pagi,C:\Users\hanif\Downloads\capstone-agung\capstone-agung\Data\bubat barat\pagi\BubatBrt_20260513_002914.jpg,ok,640,480
C:\Users\hanif\Downloads\capstone-agung\capstone-agung\Data\bubat barat\pagi,C:\Users\hanif\Downloads\capstone-agung\capstone-agung\Data\bubat barat\pagi\BubatBrt_20260513_002953.jpg,ok,640,480
C:\Users\hanif\Downloads\capstone-agung\capstone-agung\Data\bubat barat\pagi,C:\Users\hanif\Downloads\capstone-agung\capstone-agung\Data\bubat barat\pagi\BubatBrt_20260513_003032.jpg,ok,640,480
C:\Users\hanif\Downloads\capstone-agung\capstone-agung\Data\bubat barat\pagi,C:\Users\hanif\Downloads\capstone-agung\capstone-agung\Data\bubat barat\pagi\BubatBrt_20260513_003111.jpg,ok,640,480
C:\Users\hanif\Downloads\capstone-agung\capstone-agung\Data\bubat barat\pagi,C:\Users\hanif\Downloads\capstone-agung\capstone-agung\Data\bubat barat\pagi\BubatBrt_20260513_003151.jpg,ok,640,480
C:\Users\hanif\Downloads\capstone-agung\capstone-agung\Data\bubat barat\pagi,C:\Users\hanif\Downloads\capstone-agung\capstone-agung\Data\bubat barat\pagi\BubatBrt_20260513_003230.jpg,ok,640,480
C:\Users\hanif\Downloads\capstone-agung\capstone-agung\Data\bubat barat\pagi,C:\Users\hanif\Downloads\capstone-agung\capstone-agung\Data\bubat barat\pagi\BubatBrt_20260513_003308.jpg,ok,640,480
C:\Users\hanif\Downloads\capstone-agung\capstone-agung\Data\bubat barat\pagi,C:\Users\hanif\Downloads\capstone-agung\capstone-agung\Data\bubat barat\pagi\BubatBrt_20260513_003348.jpg,ok,640,480
C:\Users\hanif\Downloads\capstone-agung\capstone-agung\Data\bubat barat\pagi,C:\Users\hanif\Downloads\capstone-agung\capstone-agung\Data\bubat barat\pagi\BubatBrt_20260513_003427.jpg,ok,640,480
C:\Users\hanif\Downloads\capstone-agung\capstone-agung\Data\bubat barat\pagi,C:\Users\hanif\Downloads\capstone-agung\capstone-agung\Data\bubat barat\pagi\BubatBrt_20260513_003545.jpg,ok,640,480
C:\Users\hanif\Downloads\capstone-agung\capstone-agung\Data\bubat barat\pagi,C:\Users\hanif\Downloads\capstone-agung\capstone-agung\Data\bubat barat\pagi\BubatBrt_20260513_003606.jpg,ok,640,480
C:\Users\hanif\Downloads\capstone-agung\capstone-agung\Data\bubat barat\pagi,C:\Users\hanif\Downloads\capstone-agung\capstone-agung\Data\bubat barat\pagi\BubatBrt_20260513_003645.jpg,ok,640,480
C:\Users\hanif\Downloads\capstone-agung\capstone-agung\Data\bubat barat\pagi,C:\Users\hanif\Downloads\capstone-agung\capstone-agung\Data\bubat barat\pagi\BubatBrt_20260513_003744.jpg,ok,640,480
C:\Users\hanif\Downloads\capstone-agung\capstone-agung\Data\bubat barat\pagi,C:\Users\hanif\Downloads\capstone-agung\capstone-agung\Data\bubat barat\pagi\BubatBrt_20260513_003823.jpg,ok,640,480
C:\Users\hanif\Downloads\capstone-agung\capstone-agung\Data\bubat barat\pagi,C:\Users\hanif\Downloads\capstone-agung\capstone-agung\Data\bubat barat\pagi\BubatBrt_20260513_003902.jpg,ok,640,480
C:\Users\hanif\Downloads\capstone-agung\capstone-agung\Data\bubat barat\pagi,C:\Users\hanif\Downloads\capstone-agung\capstone-agung\Data\bubat barat\pagi\BubatBrt_20260513_003941.jpg,ok,640,480
C:\Users\hanif\Downloads\capstone-agung\capstone-agung\Data\bubat barat\pagi,C:\Users\hanif\Downloads\capstone-agung\capstone-agung\Data\bubat barat\pagi\BubatBrt_20260513_004020.jpg,ok,640,480
C:\Users\hanif\Downloads\capstone-agung\capstone-agung\Data\bubat barat\pagi,C:\Users\hanif\Downloads\capstone-agung\capstone-agung\Data\bubat barat\pagi\BubatBrt_20260513_004059.jpg,ok,640,480
C:\Users\hanif\Downloads\capstone-agung\capstone-agung\Data\bubat barat\pagi,C:\Users\hanif\Downloads\capstone-agung\capstone-agung\Data\bubat barat\pagi\BubatBrt_20260513_004138.jpg,ok,640,480
C:\Users\hanif\Downloads\capstone-agung\capstone-agung\Data\bubat barat\pagi,C:\Users\hanif\Downloads\capstone-agung\capstone-agung\Data\bubat barat\pagi\BubatBrt_20260513_004217.jpg,ok,640,480
C:\Users\hanif\Downloads\capstone-agung\capstone-agung\Data\bubat barat\pagi,C:\Users\hanif\Downloads\capstone-agung\capstone-agung\Data\bubat barat\pagi\BubatBrt_20260513_004256.jpg,ok,640,480
C:\Users\hanif\Downloads\capstone-agung\capstone-agung\Data\bubat barat\pagi,C:\Users\hanif\Downloads\capstone-agung\capstone-agung\Data\bubat barat\pagi\BubatBrt_20260513_004335.jpg,ok,640,480
C:\Users\hanif\Downloads\capstone-agung\capstone-agung\Data\bubat barat\pagi,C:\Users\hanif\Downloads\capstone-agung\capstone-agung\Data\bubat barat\pagi\BubatBrt_20260513_004414.jpg,ok,640,480
C:\Users\hanif\Downloads\capstone-agung\capstone-agung\Data\bubat barat\pagi,C:\Users\hanif\Downloads\capstone-agung\capstone-agung\Data\bubat barat\pagi\BubatBrt_20260513_004453.jpg,ok,640,480
C:\Users\hanif\Downloads\capstone-agung\capstone-agung\Data\bubat barat\pagi,C:\Users\hanif\Downloads\capstone-agung\capstone-agung\Data\bubat barat\pagi\BubatBrt_20260513_004532.jpg,ok,640,480
C:\Users\hanif\Downloads\capstone-agung\capstone-agung\Data\bubat barat\pagi,C:\Users\hanif\Downloads\capstone-agung\capstone-agung\Data\bubat barat\pagi\BubatBrt_20260513_004611.jpg,ok,640,480
C:\Users\hanif\Downloads\capstone-agung\capstone-agung\Data\bubat barat\pagi,C:\Users\hanif\Downloads\capstone-agung\capstone-agung\Data\bubat barat\pagi\BubatBrt_20260513_004650.jpg,ok,640,480
C:\Users\hanif\Downloads\capstone-agung\capstone-agung\Data\bubat barat\pagi,C:\Users\hanif\Downloads\capstone-agung\capstone-agung\Data\bubat barat\pagi\BubatBrt_20260513_005024.jpg,ok,640,480
C:\Users\hanif\Downloads\capstone-agung\capstone-agung\Data\bubat barat\pagi,C:\Users\hanif\Downloads\capstone-agung\capstone-agung\Data\bubat barat\pagi\BubatBrt_20260513_005103.jpg,ok,640,480
C:\Users\hanif\Downloads\capstone-agung\capstone-agung\Data\bubat barat\pagi,C:\Users\hanif\Downloads\capstone-agung\capstone-agung\Data\bubat barat\pagi\BubatBrt_20260513_005142.jpg,ok,640,480
C:\Users\hanif\Downloads\capstone-agung\capstone-agung\Data\bubat barat\pagi,C:\Users\hanif\Downloads\capstone-agung\capstone-agung\Data\bubat barat\pagi\BubatBrt_20260513_005221.jpg,ok,640,480
C:\Users\hanif\Downloads\capstone-agung\capstone-agung\Data\bubat barat\pagi,C:\Users\hanif\Downloads\capstone-agung\capstone-agung\Data\bubat barat\pagi\BubatBrt_20260513_005300.jpg,ok,640,480
C:\Users\hanif\Downloads\capstone-agung\capstone-agung\Data\bubat barat\pagi,C:\Users\hanif\Downloads\capstone-agung\capstone-agung\Data\bubat barat\pagi\BubatBrt_20260513_005338.jpg,ok,640,480
C:\Users\hanif\Downloads\capstone-agung\capstone-agung\Data\bubat barat\pagi,C:\Users\hanif\Downloads\capstone-agung\capstone-agung\Data\bubat barat\pagi\BubatBrt_20260513_005417.jpg,ok,640,480
C:\Users\hanif\Downloads\capstone-agung\capstone-agung\Data\bubat barat\pagi,C:\Users\hanif\Downloads\capstone-agung\capstone-agung\Data\bubat barat\pagi\BubatBrt_20260513_005456.jpg,ok,640,480
C:\Users\hanif\Downloads\capstone-agung\capstone-agung\Data\bubat barat\pagi,C:\Users\hanif\Downloads\capstone-agung\capstone-agung\Data\bubat barat\pagi\BubatBrt_20260513_005535.jpg,ok,640,480
C:\Users\hanif\Downloads\capstone-agung\capstone-agung\Data\bubat barat\pagi,C:\Users\hanif\Downloads\capstone-agung\capstone-agung\Data\bubat barat\pagi\BubatBrt_20260513_005614.jpg,ok,640,480
C:\Users\hanif\Downloads\capstone-agung\capstone-agung\Data\bubat barat\pagi,C:\Users\hanif\Downloads\capstone-agung\capstone-agung\Data\bubat barat\pagi\BubatBrt_20260513_005653.jpg,ok,640,480
C:\Users\hanif\Downloads\capstone-agung\capstone-agung\Data\bubat barat\pagi,C:\Users\hanif\Downloads\capstone-agung\capstone-agung\Data\bubat barat\pagi\BubatBrt_20260513_005732.jpg,ok,640,480
C:\Users\hanif\Downloads\capstone-agung\capstone-agung\Data\bubat barat\pagi,C:\Users\hanif\Downloads\capstone-agung\capstone-agung\Data\bubat barat\pagi\BubatBrt_20260513_005811.jpg,ok,640,480
C:\Users\hanif\Downloads\capstone-agung\capstone-agung\Data\bubat barat\pagi,C:\Users\hanif\Downloads\capstone-agung\capstone-agung\Data\bubat barat\pagi\BubatBrt_20260513_005850.jpg,ok,640,480
C:\Users\hanif\Downloads\capstone-agung\capstone-agung\Data\bubat barat\pagi,C:\Users\hanif\Downloads\capstone-agung\capstone-agung\Data\bubat barat\pagi\BubatBrt_20260513_005929.jpg,ok,640,480
C:\Users\hanif\Downloads\capstone-agung\capstone-agung\Data\bubat barat\pagi,C:\Users\hanif\Downloads\capstone-agung\capstone-agung\Data\bubat barat\pagi\BubatBrt_20260513_010008.jpg,ok,640,480
C:\Users\hanif\Downloads\capstone-agung\capstone-agung\Data\bubat barat\pagi,C:\Users\hanif\Downloads\capstone-agung\capstone-agung\Data\bubat barat\pagi\BubatBrt_20260513_010047.jpg,ok,640,480
C:\Users\hanif\Downloads\capstone-agung\capstone-agung\Data\bubat barat\pagi,C:\Users\hanif\Downloads\capstone-agung\capstone-agung\Data\bubat barat\pagi\BubatBrt_20260513_010127.jpg,ok,640,480
C:\Users\hanif\Downloads\capstone-agung\capstone-agung\Data\bubat barat\pagi,C:\Users\hanif\Downloads\capstone-agung\capstone-agung\Data\bubat barat\pagi\BubatBrt_20260513_010205.jpg,ok,640,480
C:\Users\hanif\Downloads\capstone-agung\capstone-agung\Data\bubat barat\pagi,C:\Users\hanif\Downloads\capstone-agung\capstone-agung\Data\bubat barat\pagi\BubatBrt_20260513_010323.jpg,ok,640,480
C:\Users\hanif\Downloads\capstone-agung\capstone-agung\Data\bubat barat\pagi,C:\Users\hanif\Downloads\capstone-agung\capstone-agung\Data\bubat barat\pagi\BubatBrt_20260513_010402.jpg,ok,640,480
C:\Users\hanif\Downloads\capstone-agung\capstone-agung\Data\bubat barat\pagi,C:\Users\hanif\Downloads\capstone-agung\capstone-agung\Data\bubat barat\pagi\BubatBrt_20260513_010520.jpg,ok,640,480
C:\Users\hanif\Downloads\capstone-agung\capstone-agung\Data\bubat barat\pagi,C:\Users\hanif\Downloads\capstone-agung\capstone-agung\Data\bubat barat\pagi\BubatBrt_20260513_010559.jpg,ok,640,480
C:\Users\hanif\Downloads\capstone-agung\capstone-agung\Data\bubat barat\pagi,C:\Users\hanif\Downloads\capstone-agung\capstone-agung\Data\bubat barat\pagi\BubatBrt_20260513_010638.jpg,ok,640,480
C:\Users\hanif\Downloads\capstone-agung\capstone-agung\Data\bubat barat\pagi,C:\Users\hanif\Downloads\capstone-agung\capstone-agung\Data\bubat barat\pagi\BubatBrt_20260513_010717.jpg,ok,640,480
C:\Users\hanif\Downloads\capstone-agung\capstone-agung\Data\bubat barat\pagi,C:\Users\hanif\Downloads\capstone-agung\capstone-agung\Data\bubat barat\pagi\BubatBrt_20260513_010757.jpg,ok,640,480
C:\Users\hanif\Downloads\capstone-agung\capstone-agung\Data\bubat barat\pagi,C:\Users\hanif\Downloads\capstone-agung\capstone-agung\Data\bubat barat\pagi\BubatBrt_20260513_010836.jpg,ok,640,480
C:\Users\hanif\Downloads\capstone-agung\capstone-agung\Data\bubat barat\pagi,C:\Users\hanif\Downloads\capstone-agung\capstone-agung\Data\bubat barat\pagi\BubatBrt_20260513_010915.jpg,ok,640,480
C:\Users\hanif\Downloads\capstone-agung\capstone-agung\Data\bubat barat\pagi,C:\Users\hanif\Downloads\capstone-agung\capstone-agung\Data\bubat barat\pagi\BubatBrt_20260513_010954.jpg,ok,640,480
C:\Users\hanif\Downloads\capstone-agung\capstone-agung\Data\bubat barat\pagi,C:\Users\hanif\Downloads\capstone-agung\capstone-agung\Data\bubat barat\pagi\BubatBrt_20260513_011033.jpg,ok,640,480
C:\Users\hanif\Downloads\capstone-agung\capstone-agung\Data\bubat barat\pagi,C:\Users\hanif\Downloads\capstone-agung\capstone-agung\Data\bubat barat\pagi\BubatBrt_20260513_011230.jpg,ok,640,480
C:\Users\hanif\Downloads\capstone-agung\capstone-agung\Data\bubat barat\pagi,C:\Users\hanif\Downloads\capstone-agung\capstone-agung\Data\bubat barat\pagi\BubatBrt_20260513_011310.jpg,ok,640,480
C:\Users\hanif\Downloads\capstone-agung\capstone-agung\Data\bubat barat\pagi,C:\Users\hanif\Downloads\capstone-agung\capstone-agung\Data\bubat barat\pagi\BubatBrt_20260513_011330.jpg,ok,640,480
C:\Users\hanif\Downloads\capstone-agung\capstone-agung\Data\bubat barat\pagi,C:\Users\hanif\Downloads\capstone-agung\capstone-agung\Data\bubat barat\pagi\BubatBrt_20260513_011410.jpg,ok,640,480
C:\Users\hanif\Downloads\capstone-agung\capstone-agung\Data\bubat barat\pagi,C:\Users\hanif\Downloads\capstone-agung\capstone-agung\Data\bubat barat\pagi\BubatBrt_20260513_011449.jpg,ok,640,480
C:\Users\hanif\Downloads\capstone-agung\capstone-agung\Data\bubat barat\pagi,C:\Users\hanif\Downloads\capstone-agung\capstone-agung\Data\bubat barat\pagi\BubatBrt_20260513_011528.jpg,ok,640,480
C:\Users\hanif\Downloads\capstone-agung\capstone-agung\Data\bubat barat\pagi,C:\Users\hanif\Downloads\capstone-agung\capstone-agung\Data\bubat barat\pagi\BubatBrt_20260513_011607.jpg,ok,640,480
C:\Users\hanif\Downloads\capstone-agung\capstone-agung\Data\bubat barat\pagi,C:\Users\hanif\Downloads\capstone-agung\capstone-agung\Data\bubat barat\pagi\BubatBrt_20260513_011627.jpg,ok,640,480
C:\Users\hanif\Downloads\capstone-agung\capstone-agung\Data\bubat barat\pagi,C:\Users\hanif\Downloads\capstone-agung\capstone-agung\Data\bubat barat\pagi\BubatBrt_20260513_011706.jpg,ok,640,480
C:\Users\hanif\Downloads\capstone-agung\capstone-agung\Data\bubat barat\pagi,C:\Users\hanif\Downloads\capstone-agung\capstone-agung\Data\bubat barat\pagi\BubatBrt_20260513_011745.jpg,ok,640,480
C:\Users\hanif\Downloads\capstone-agung\capstone-agung\Data\bubat barat\pagi,C:\Users\hanif\Downloads\capstone-agung\capstone-agung\Data\bubat barat\pagi\BubatBrt_20260513_011904.jpg,ok,640,480
C:\Users\hanif\Downloads\capstone-agung\capstone-agung\Data\bubat barat\pagi,C:\Users\hanif\Downloads\capstone-agung\capstone-agung\Data\bubat barat\pagi\BubatBrt_20260513_011943.jpg,ok,640,480
C:\Users\hanif\Downloads\capstone-agung\capstone-agung\Data\bubat barat\pagi,C:\Users\hanif\Downloads\capstone-agung\capstone-agung\Data\bubat barat\pagi\BubatBrt_20260513_012022.jpg,ok,640,480
C:\Users\hanif\Downloads\capstone-agung\capstone-agung\Data\bubat barat\pagi,C:\Users\hanif\Downloads\capstone-agung\capstone-agung\Data\bubat barat\pagi\BubatBrt_20260513_012101.jpg,ok,640,480
C:\Users\hanif\Downloads\capstone-agung\capstone-agung\Data\bubat barat\pagi,C:\Users\hanif\Downloads\capstone-agung\capstone-agung\Data\bubat barat\pagi\BubatBrt_20260513_012140.jpg,ok,640,480
C:\Users\hanif\Downloads\capstone-agung\capstone-agung\Data\bubat barat\pagi,C:\Users\hanif\Downloads\capstone-agung\capstone-agung\Data\bubat barat\pagi\BubatBrt_20260513_012220.jpg,ok,640,480
C:\Users\hanif\Downloads\capstone-agung\capstone-agung\Data\bubat barat\pagi,C:\Users\hanif\Downloads\capstone-agung\capstone-agung\Data\bubat barat\pagi\BubatBrt_20260513_012259.jpg,ok,640,480
C:\Users\hanif\Downloads\capstone-agung\capstone-agung\Data\bubat barat\pagi,C:\Users\hanif\Downloads\capstone-agung\capstone-agung\Data\bubat barat\pagi\BubatBrt_20260513_012338.jpg,ok,640,480
C:\Users\hanif\Downloads\capstone-agung\capstone-agung\Data\bubat barat\pagi,C:\Users\hanif\Downloads\capstone-agung\capstone-agung\Data\bubat barat\pagi\BubatBrt_20260513_012417.jpg,ok,640,480
C:\Users\hanif\Downloads\capstone-agung\capstone-agung\Data\bubat barat\pagi,C:\Users\hanif\Downloads\capstone-agung\capstone-agung\Data\bubat barat\pagi\BubatBrt_20260513_012456.jpg,ok,640,480
C:\Users\hanif\Downloads\capstone-agung\capstone-agung\Data\bubat barat\pagi,C:\Users\hanif\Downloads\capstone-agung\capstone-agung\Data\bubat barat\pagi\BubatBrt_20260513_012535.jpg,ok,640,480
C:\Users\hanif\Downloads\capstone-agung\capstone-agung\Data\bubat barat\pagi,C:\Users\hanif\Downloads\capstone-agung\capstone-agung\Data\bubat barat\pagi\BubatBrt_20260513_012614.jpg,ok,640,480
C:\Users\hanif\Downloads\capstone-agung\capstone-agung\Data\bubat barat\pagi,C:\Users\hanif\Downloads\capstone-agung\capstone-agung\Data\bubat barat\pagi\BubatBrt_20260513_012654.jpg,ok,640,480
C:\Users\hanif\Downloads\capstone-agung\capstone-agung\Data\bubat barat\pagi,C:\Users\hanif\Downloads\capstone-agung\capstone-agung\Data\bubat barat\pagi\BubatBrt_20260513_012733.jpg,ok,640,480
C:\Users\hanif\Downloads\capstone-agung\capstone-agung\Data\bubat barat\pagi,C:\Users\hanif\Downloads\capstone-agung\capstone-agung\Data\bubat barat\pagi\BubatBrt_20260513_012812.jpg,ok,640,480
C:\Users\hanif\Downloads\capstone-agung\capstone-agung\Data\bubat barat\pagi,C:\Users\hanif\Downloads\capstone-agung\capstone-agung\Data\bubat barat\pagi\BubatBrt_20260513_012851.jpg,ok,640,480
C:\Users\hanif\Downloads\capstone-agung\capstone-agung\Data\bubat barat\pagi,C:\Users\hanif\Downloads\capstone-agung\capstone-agung\Data\bubat barat\pagi\BubatBrt_20260513_012930.jpg,ok,640,480
C:\Users\hanif\Downloads\capstone-agung\capstone-agung\Data\bubat barat\pagi,C:\Users\hanif\Downloads\capstone-agung\capstone-agung\Data\bubat barat\pagi\BubatBrt_20260513_013009.jpg,ok,640,480
C:\Users\hanif\Downloads\capstone-agung\capstone-agung\Data\bubat barat\pagi,C:\Users\hanif\Downloads\capstone-agung\capstone-agung\Data\bubat barat\pagi\BubatBrt_20260513_013129.jpg,ok,640,480
C:\Users\hanif\Downloads\capstone-agung\capstone-agung\Data\bubat barat\pagi,C:\Users\hanif\Downloads\capstone-agung\capstone-agung\Data\bubat barat\pagi\BubatBrt_20260513_013208.jpg,ok,640,480
C:\Users\hanif\Downloads\capstone-agung\capstone-agung\Data\bubat barat\pagi,C:\Users\hanif\Downloads\capstone-agung\capstone-agung\Data\bubat barat\pagi\BubatBrt_20260513_013306.jpg,ok,640,480
C:\Users\hanif\Downloads\capstone-agung\capstone-agung\Data\bubat barat\pagi,C:\Users\hanif\Downloads\capstone-agung\capstone-agung\Data\bubat barat\pagi\BubatBrt_20260513_013345.jpg,ok,640,480
C:\Users\hanif\Downloads\capstone-agung\capstone-agung\Data\bubat barat\pagi,C:\Users\hanif\Downloads\capstone-agung\capstone-agung\Data\bubat barat\pagi\BubatBrt_20260513_013424.jpg,ok,640,480
C:\Users\hanif\Downloads\capstone-agung\capstone-agung\Data\bubat barat\pagi,C:\Users\hanif\Downloads\capstone-agung\capstone-agung\Data\bubat barat\pagi\BubatBrt_20260513_013503.jpg,ok,640,480
C:\Users\hanif\Downloads\capstone-agung\capstone-agung\Data\bubat barat\pagi,C:\Users\hanif\Downloads\capstone-agung\capstone-agung\Data\bubat barat\pagi\BubatBrt_20260513_013542.jpg,ok,640,480
C:\Users\hanif\Downloads\capstone-agung\capstone-agung\Data\bubat barat\pagi,C:\Users\hanif\Downloads\capstone-agung\capstone-agung\Data\bubat barat\pagi\BubatBrt_20260513_013621.jpg,ok,640,480
C:\Users\hanif\Downloads\capstone-agung\capstone-agung\Data\bubat barat\pagi,C:\Users\hanif\Downloads\capstone-agung\capstone-agung\Data\bubat barat\pagi\BubatBrt_20260513_013700.jpg,ok,640,480
C:\Users\hanif\Downloads\capstone-agung\capstone-agung\Data\bubat barat\pagi,C:\Users\hanif\Downloads\capstone-agung\capstone-agung\Data\bubat barat\pagi\BubatBrt_20260513_013838.jpg,ok,640,480
C:\Users\hanif\Downloads\capstone-agung\capstone-agung\Data\bubat barat\pagi,C:\Users\hanif\Downloads\capstone-agung\capstone-agung\Data\bubat barat\pagi\BubatBrt_20260513_013917.jpg,ok,640,480
C:\Users\hanif\Downloads\capstone-agung\capstone-agung\Data\bubat barat\pagi,C:\Users\hanif\Downloads\capstone-agung\capstone-agung\Data\bubat barat\pagi\BubatBrt_20260513_013956.jpg,ok,640,480
C:\Users\hanif\Downloads\capstone-agung\capstone-agung\Data\bubat barat\pagi,C:\Users\hanif\Downloads\capstone-agung\capstone-agung\Data\bubat barat\pagi\BubatBrt_20260513_014035.jpg,ok,640,480
C:\Users\hanif\Downloads\capstone-agung\capstone-agung\Data\bubat barat\pagi,C:\Users\hanif\Downloads\capstone-agung\capstone-agung\Data\bubat barat\pagi\BubatBrt_20260513_014115.jpg,ok,640,480
C:\Users\hanif\Downloads\capstone-agung\capstone-agung\Data\bubat barat\pagi,C:\Users\hanif\Downloads\capstone-agung\capstone-agung\Data\bubat barat\pagi\BubatBrt_20260513_014154.jpg,ok,640,480
C:\Users\hanif\Downloads\capstone-agung\capstone-agung\Data\bubat barat\pagi,C:\Users\hanif\Downloads\capstone-agung\capstone-agung\Data\bubat barat\pagi\BubatBrt_20260513_014233.jpg,ok,640,480
C:\Users\hanif\Downloads\capstone-agung\capstone-agung\Data\bubat barat\pagi,C:\Users\hanif\Downloads\capstone-agung\capstone-agung\Data\bubat barat\pagi\BubatBrt_20260513_014313.jpg,ok,640,480
C:\Users\hanif\Downloads\capstone-agung\capstone-agung\Data\bubat barat\pagi,C:\Users\hanif\Downloads\capstone-agung\capstone-agung\Data\bubat barat\pagi\BubatBrt_20260513_014351.jpg,ok,640,480
C:\Users\hanif\Downloads\capstone-agung\capstone-agung\Data\bubat barat\pagi,C:\Users\hanif\Downloads\capstone-agung\capstone-agung\Data\bubat barat\pagi\BubatBrt_20260513_014549.jpg,ok,640,480
C:\Users\hanif\Downloads\capstone-agung\capstone-agung\Data\bubat barat\pagi,C:\Users\hanif\Downloads\capstone-agung\capstone-agung\Data\bubat barat\pagi\BubatBrt_20260513_014628.jpg,ok,640,480
C:\Users\hanif\Downloads\capstone-agung\capstone-agung\Data\bubat barat\pagi,C:\Users\hanif\Downloads\capstone-agung\capstone-agung\Data\bubat barat\pagi\BubatBrt_20260513_014708.jpg,ok,640,480
C:\Users\hanif\Downloads\capstone-agung\capstone-agung\Data\bubat barat\pagi,C:\Users\hanif\Downloads\capstone-agung\capstone-agung\Data\bubat barat\pagi\BubatBrt_20260513_014747.jpg,ok,640,480
C:\Users\hanif\Downloads\capstone-agung\capstone-agung\Data\bubat barat\pagi,C:\Users\hanif\Downloads\capstone-agung\capstone-agung\Data\bubat barat\pagi\BubatBrt_20260513_014825.jpg,ok,640,480
C:\Users\hanif\Downloads\capstone-agung\capstone-agung\Data\bubat barat\pagi,C:\Users\hanif\Downloads\capstone-agung\capstone-agung\Data\bubat barat\pagi\BubatBrt_20260513_014905.jpg,ok,640,480
C:\Users\hanif\Downloads\capstone-agung\capstone-agung\Data\bubat barat\pagi,C:\Users\hanif\Downloads\capstone-agung\capstone-agung\Data\bubat barat\pagi\BubatBrt_20260513_014944.jpg,ok,640,480
C:\Users\hanif\Downloads\capstone-agung\capstone-agung\Data\bubat barat\pagi,C:\Users\hanif\Downloads\capstone-agung\capstone-agung\Data\bubat barat\pagi\BubatBrt_20260513_015023.jpg,ok,640,480
C:\Users\hanif\Downloads\capstone-agung\capstone-agung\Data\bubat barat\pagi,C:\Users\hanif\Downloads\capstone-agung\capstone-agung\Data\bubat barat\pagi\BubatBrt_20260513_015102.jpg,ok,640,480
C:\Users\hanif\Downloads\capstone-agung\capstone-agung\Data\bubat barat\pagi,C:\Users\hanif\Downloads\capstone-agung\capstone-agung\Data\bubat barat\pagi\BubatBrt_20260513_015141.jpg,ok,640,480
C:\Users\hanif\Downloads\capstone-agung\capstone-agung\Data\bubat barat\pagi,C:\Users\hanif\Downloads\capstone-agung\capstone-agung\Data\bubat barat\pagi\BubatBrt_20260513_015240.jpg,ok,640,480
C:\Users\hanif\Downloads\capstone-agung\capstone-agung\Data\bubat barat\pagi,C:\Users\hanif\Downloads\capstone-agung\capstone-agung\Data\bubat barat\pagi\BubatBrt_20260513_015319.jpg,ok,640,480
C:\Users\hanif\Downloads\capstone-agung\capstone-agung\Data\bubat barat\pagi,C:\Users\hanif\Downloads\capstone-agung\capstone-agung\Data\bubat barat\pagi\BubatBrt_20260513_015358.jpg,ok,640,480
C:\Users\hanif\Downloads\capstone-agung\capstone-agung\Data\bubat barat\pagi,C:\Users\hanif\Downloads\capstone-agung\capstone-agung\Data\bubat barat\pagi\BubatBrt_20260513_015437.jpg,ok,640,480
C:\Users\hanif\Downloads\capstone-agung\capstone-agung\Data\bubat barat\pagi,C:\Users\hanif\Downloads\capstone-agung\capstone-agung\Data\bubat barat\pagi\BubatBrt_20260513_015516.jpg,ok,640,480
C:\Users\hanif\Downloads\capstone-agung\capstone-agung\Data\bubat barat\pagi,C:\Users\hanif\Downloads\capstone-agung\capstone-agung\Data\bubat barat\pagi\BubatBrt_20260513_015555.jpg,ok,640,480
C:\Users\hanif\Downloads\capstone-agung\capstone-agung\Data\bubat barat\pagi,C:\Users\hanif\Downloads\capstone-agung\capstone-agung\Data\bubat barat\pagi\BubatBrt_20260513_015634.jpg,ok,640,480
C:\Users\hanif\Downloads\capstone-agung\capstone-agung\Data\bubat barat\pagi,C:\Users\hanif\Downloads\capstone-agung\capstone-agung\Data\bubat barat\pagi\BubatBrt_20260513_015713.jpg,ok,640,480
C:\Users\hanif\Downloads\capstone-agung\capstone-agung\Data\bubat barat\pagi,C:\Users\hanif\Downloads\capstone-agung\capstone-agung\Data\bubat barat\pagi\BubatBrt_20260513_015752.jpg,ok,640,480
C:\Users\hanif\Downloads\capstone-agung\capstone-agung\Data\bubat barat\pagi,C:\Users\hanif\Downloads\capstone-agung\capstone-agung\Data\bubat barat\pagi\BubatBrt_20260513_015831.jpg,ok,640,480
C:\Users\hanif\Downloads\capstone-agung\capstone-agung\Data\bubat barat\pagi,C:\Users\hanif\Downloads\capstone-agung\capstone-agung\Data\bubat barat\pagi\BubatBrt_20260513_015910.jpg,ok,640,480
C:\Users\hanif\Downloads\capstone-agung\capstone-agung\Data\bubat barat\pagi,C:\Users\hanif\Downloads\capstone-agung\capstone-agung\Data\bubat barat\pagi\BubatBrt_20260513_015950.jpg,ok,640,480
C:\Users\hanif\Downloads\capstone-agung\capstone-agung\Data\bubat barat\pagi,C:\Users\hanif\Downloads\capstone-agung\capstone-agung\Data\bubat barat\pagi\BubatBrt_20260513_020029.jpg,ok,640,480
C:\Users\hanif\Downloads\capstone-agung\capstone-agung\Data\bubat barat\pagi,C:\Users\hanif\Downloads\capstone-agung\capstone-agung\Data\bubat barat\pagi\BubatBrt_20260513_020108.jpg,ok,640,480
C:\Users\hanif\Downloads\capstone-agung\capstone-agung\Data\bubat barat\pagi,C:\Users\hanif\Downloads\capstone-agung\capstone-agung\Data\bubat barat\pagi\BubatBrt_20260513_020147.jpg,ok,640,480
C:\Users\hanif\Downloads\capstone-agung\capstone-agung\Data\bubat barat\pagi,C:\Users\hanif\Downloads\capstone-agung\capstone-agung\Data\bubat barat\pagi\BubatBrt_20260513_020226.jpg,ok,640,480
C:\Users\hanif\Downloads\capstone-agung\capstone-agung\Data\bubat barat\pagi,C:\Users\hanif\Downloads\capstone-agung\capstone-agung\Data\bubat barat\pagi\BubatBrt_20260513_020305.jpg,ok,640,480
C:\Users\hanif\Downloads\capstone-agung\capstone-agung\Data\bubat barat\pagi,C:\Users\hanif\Downloads\capstone-agung\capstone-agung\Data\bubat barat\pagi\BubatBrt_20260513_020345.jpg,ok,640,480
C:\Users\hanif\Downloads\capstone-agung\capstone-agung\Data\bubat barat\pagi,C:\Users\hanif\Downloads\capstone-agung\capstone-agung\Data\bubat barat\pagi\BubatBrt_20260513_020424.jpg,ok,640,480
C:\Users\hanif\Downloads\capstone-agung\capstone-agung\Data\bubat barat\pagi,C:\Users\hanif\Downloads\capstone-agung\capstone-agung\Data\bubat barat\pagi\BubatBrt_20260513_020503.jpg,ok,640,480
C:\Users\hanif\Downloads\capstone-agung\capstone-agung\Data\bubat barat\pagi,C:\Users\hanif\Downloads\capstone-agung\capstone-agung\Data\bubat barat\pagi\BubatBrt_20260513_020543.jpg,ok,640,480
C:\Users\hanif\Downloads\capstone-agung\capstone-agung\Data\bubat barat\pagi,C:\Users\hanif\Downloads\capstone-agung\capstone-agung\Data\bubat barat\pagi\BubatBrt_20260513_020622.jpg,ok,640,480
C:\Users\hanif\Downloads\capstone-agung\capstone-agung\Data\bubat barat\pagi,C:\Users\hanif\Downloads\capstone-agung\capstone-agung\Data\bubat barat\pagi\BubatBrt_20260513_020702.jpg,ok,640,480
C:\Users\hanif\Downloads\capstone-agung\capstone-agung\Data\bubat barat\pagi,C:\Users\hanif\Downloads\capstone-agung\capstone-agung\Data\bubat barat\pagi\BubatBrt_20260513_020742.jpg,ok,640,480
C:\Users\hanif\Downloads\capstone-agung\capstone-agung\Data\bubat barat\pagi,C:\Users\hanif\Downloads\capstone-agung\capstone-agung\Data\bubat barat\pagi\BubatBrt_20260513_020821.jpg,ok,640,480
C:\Users\hanif\Downloads\capstone-agung\capstone-agung\Data\bubat barat\pagi,C:\Users\hanif\Downloads\capstone-agung\capstone-agung\Data\bubat barat\pagi\BubatBrt_20260513_020901.jpg,ok,640,480
C:\Users\hanif\Downloads\capstone-agung\capstone-agung\Data\bubat barat\pagi,C:\Users\hanif\Downloads\capstone-agung\capstone-agung\Data\bubat barat\pagi\BubatBrt_20260513_020940.jpg,ok,640,480
C:\Users\hanif\Downloads\capstone-agung\capstone-agung\Data\bubat barat\pagi,C:\Users\hanif\Downloads\capstone-agung\capstone-agung\Data\bubat barat\pagi\BubatBrt_20260513_021019.jpg,ok,640,480
C:\Users\hanif\Downloads\capstone-agung\capstone-agung\Data\bubat barat\pagi,C:\Users\hanif\Downloads\capstone-agung\capstone-agung\Data\bubat barat\pagi\BubatBrt_20260513_021058.jpg,ok,640,480
C:\Users\hanif\Downloads\capstone-agung\capstone-agung\Data\bubat barat\pagi,C:\Users\hanif\Downloads\capstone-agung\capstone-agung\Data\bubat barat\pagi\BubatBrt_20260513_021137.jpg,ok,640,480
C:\Users\hanif\Downloads\capstone-agung\capstone-agung\Data\bubat barat\pagi,C:\Users\hanif\Downloads\capstone-agung\capstone-agung\Data\bubat barat\pagi\BubatBrt_20260513_021216.jpg,ok,640,480
C:\Users\hanif\Downloads\capstone-agung\capstone-agung\Data\bubat barat\pagi,C:\Users\hanif\Downloads\capstone-agung\capstone-agung\Data\bubat barat\pagi\BubatBrt_20260513_021255.jpg,ok,640,480
C:\Users\hanif\Downloads\capstone-agung\capstone-agung\Data\bubat barat\pagi,C:\Users\hanif\Downloads\capstone-agung\capstone-agung\Data\bubat barat\pagi\BubatBrt_20260513_021335.jpg,ok,640,480
C:\Users\hanif\Downloads\capstone-agung\capstone-agung\Data\bubat barat\pagi,C:\Users\hanif\Downloads\capstone-agung\capstone-agung\Data\bubat barat\pagi\BubatBrt_20260513_021415.jpg,ok,640,480
C:\Users\hanif\Downloads\capstone-agung\capstone-agung\Data\bubat barat\pagi,C:\Users\hanif\Downloads\capstone-agung\capstone-agung\Data\bubat barat\pagi\BubatBrt_20260513_021454.jpg,ok,640,480
C:\Users\hanif\Downloads\capstone-agung\capstone-agung\Data\bubat barat\pagi,C:\Users\hanif\Downloads\capstone-agung\capstone-agung\Data\bubat barat\pagi\BubatBrt_20260513_021533.jpg,ok,640,480
C:\Users\hanif\Downloads\capstone-agung\capstone-agung\Data\bubat barat\pagi,C:\Users\hanif\Downloads\capstone-agung\capstone-agung\Data\bubat barat\pagi\BubatBrt_20260513_021612.jpg,ok,640,480
C:\Users\hanif\Downloads\capstone-agung\capstone-agung\Data\bubat barat\pagi,C:\Users\hanif\Downloads\capstone-agung\capstone-agung\Data\bubat barat\pagi\BubatBrt_20260513_021632.jpg,ok,640,480
C:\Users\hanif\Downloads\capstone-agung\capstone-agung\Data\bubat barat\pagi,C:\Users\hanif\Downloads\capstone-agung\capstone-agung\Data\bubat barat\pagi\BubatBrt_20260513_021711.jpg,ok,640,480
C:\Users\hanif\Downloads\capstone-agung\capstone-agung\Data\bubat barat\pagi,C:\Users\hanif\Downloads\capstone-agung\capstone-agung\Data\bubat barat\pagi\BubatBrt_20260513_021751.jpg,ok,640,480
C:\Users\hanif\Downloads\capstone-agung\capstone-agung\Data\bubat barat\pagi,C:\Users\hanif\Downloads\capstone-agung\capstone-agung\Data\bubat barat\pagi\BubatBrt_20260513_021830.jpg,ok,640,480
C:\Users\hanif\Downloads\capstone-agung\capstone-agung\Data\bubat barat\pagi,C:\Users\hanif\Downloads\capstone-agung\capstone-agung\Data\bubat barat\pagi\BubatBrt_20260513_021929.jpg,ok,640,480
C:\Users\hanif\Downloads\capstone-agung\capstone-agung\Data\bubat barat\pagi,C:\Users\hanif\Downloads\capstone-agung\capstone-agung\Data\bubat barat\pagi\BubatBrt_20260513_022008.jpg,ok,640,480
C:\Users\hanif\Downloads\capstone-agung\capstone-agung\Data\bubat barat\pagi,C:\Users\hanif\Downloads\capstone-agung\capstone-agung\Data\bubat barat\pagi\BubatBrt_20260513_022047.jpg,ok,640,480
C:\Users\hanif\Downloads\capstone-agung\capstone-agung\Data\bubat barat\pagi,C:\Users\hanif\Downloads\capstone-agung\capstone-agung\Data\bubat barat\pagi\BubatBrt_20260513_022127.jpg,ok,640,480
C:\Users\hanif\Downloads\capstone-agung\capstone-agung\Data\bubat barat\pagi,C:\Users\hanif\Downloads\capstone-agung\capstone-agung\Data\bubat barat\pagi\BubatBrt_20260513_022206.jpg,ok,640,480
C:\Users\hanif\Downloads\capstone-agung\capstone-agung\Data\bubat barat\pagi,C:\Users\hanif\Downloads\capstone-agung\capstone-agung\Data\bubat barat\pagi\BubatBrt_20260513_022245.jpg,ok,640,480
C:\Users\hanif\Downloads\capstone-agung\capstone-agung\Data\bubat barat\pagi,C:\Users\hanif\Downloads\capstone-agung\capstone-agung\Data\bubat barat\pagi\BubatBrt_20260513_022324.jpg,ok,640,480
C:\Users\hanif\Downloads\capstone-agung\capstone-agung\Data\bubat barat\pagi,C:\Users\hanif\Downloads\capstone-agung\capstone-agung\Data\bubat barat\pagi\BubatBrt_20260513_022403.jpg,ok,640,480
C:\Users\hanif\Downloads\capstone-agung\capstone-agung\Data\bubat barat\pagi,C:\Users\hanif\Downloads\capstone-agung\capstone-agung\Data\bubat barat\pagi\BubatBrt_20260513_022443.jpg,ok,640,480
C:\Users\hanif\Downloads\capstone-agung\capstone-agung\Data\bubat barat\pagi,C:\Users\hanif\Downloads\capstone-agung\capstone-agung\Data\bubat barat\pagi\BubatBrt_20260513_022522.jpg,ok,640,480
C:\Users\hanif\Downloads\capstone-agung\capstone-agung\Data\bubat barat\pagi,C:\Users\hanif\Downloads\capstone-agung\capstone-agung\Data\bubat barat\pagi\BubatBrt_20260513_022601.jpg,ok,640,480
C:\Users\hanif\Downloads\capstone-agung\capstone-agung\Data\bubat barat\pagi,C:\Users\hanif\Downloads\capstone-agung\capstone-agung\Data\bubat barat\pagi\BubatBrt_20260513_022640.jpg,ok,640,480
C:\Users\hanif\Downloads\capstone-agung\capstone-agung\Data\bubat barat\pagi,C:\Users\hanif\Downloads\capstone-agung\capstone-agung\Data\bubat barat\pagi\BubatBrt_20260513_022719.jpg,ok,640,480
C:\Users\hanif\Downloads\capstone-agung\capstone-agung\Data\bubat barat\pagi,C:\Users\hanif\Downloads\capstone-agung\capstone-agung\Data\bubat barat\pagi\BubatBrt_20260513_022806.jpg,ok,640,480
C:\Users\hanif\Downloads\capstone-agung\capstone-agung\Data\bubat barat\pagi,C:\Users\hanif\Downloads\capstone-agung\capstone-agung\Data\bubat barat\pagi\BubatBrt_20260513_022845.jpg,ok,640,480
C:\Users\hanif\Downloads\capstone-agung\capstone-agung\Data\bubat barat\pagi,C:\Users\hanif\Downloads\capstone-agung\capstone-agung\Data\bubat barat\pagi\BubatBrt_20260513_022924.jpg,ok,640,480
C:\Users\hanif\Downloads\capstone-agung\capstone-agung\Data\bubat barat\pagi,C:\Users\hanif\Downloads\capstone-agung\capstone-agung\Data\bubat barat\pagi\BubatBrt_20260513_023003.jpg,ok,640,480
C:\Users\hanif\Downloads\capstone-agung\capstone-agung\Data\bubat barat\pagi,C:\Users\hanif\Downloads\capstone-agung\capstone-agung\Data\bubat barat\pagi\BubatBrt_20260513_023043.jpg,ok,640,480
C:\Users\hanif\Downloads\capstone-agung\capstone-agung\Data\bubat barat\pagi,C:\Users\hanif\Downloads\capstone-agung\capstone-agung\Data\bubat barat\pagi\BubatBrt_20260513_023122.jpg,ok,640,480
C:\Users\hanif\Downloads\capstone-agung\capstone-agung\Data\bubat barat\pagi,C:\Users\hanif\Downloads\capstone-agung\capstone-agung\Data\bubat barat\pagi\BubatBrt_20260513_023201.jpg,ok,640,480
C:\Users\hanif\Downloads\capstone-agung\capstone-agung\Data\bubat barat\pagi,C:\Users\hanif\Downloads\capstone-agung\capstone-agung\Data\bubat barat\pagi\BubatBrt_20260513_023240.jpg,ok,640,480
C:\Users\hanif\Downloads\capstone-agung\capstone-agung\Data\bubat barat\pagi,C:\Users\hanif\Downloads\capstone-agung\capstone-agung\Data\bubat barat\pagi\BubatBrt_20260513_023320.jpg,ok,640,480
C:\Users\hanif\Downloads\capstone-agung\capstone-agung\Data\bubat barat\pagi,C:\Users\hanif\Downloads\capstone-agung\capstone-agung\Data\bubat barat\pagi\BubatBrt_20260513_023359.jpg,ok,640,480
C:\Users\hanif\Downloads\capstone-agung\capstone-agung\Data\bubat barat\pagi,C:\Users\hanif\Downloads\capstone-agung\capstone-agung\Data\bubat barat\pagi\BubatBrt_20260513_023438.jpg,ok,640,480
C:\Users\hanif\Downloads\capstone-agung\capstone-agung\Data\bubat barat\pagi,C:\Users\hanif\Downloads\capstone-agung\capstone-agung\Data\bubat barat\pagi\BubatBrt_20260513_023517.jpg,ok,640,480
C:\Users\hanif\Downloads\capstone-agung\capstone-agung\Data\bubat barat\pagi,C:\Users\hanif\Downloads\capstone-agung\capstone-agung\Data\bubat barat\pagi\BubatBrt_20260513_023556.jpg,ok,640,480
C:\Users\hanif\Downloads\capstone-agung\capstone-agung\Data\bubat barat\pagi,C:\Users\hanif\Downloads\capstone-agung\capstone-agung\Data\bubat barat\pagi\BubatBrt_20260513_023635.jpg,ok,640,480
C:\Users\hanif\Downloads\capstone-agung\capstone-agung\Data\bubat barat\pagi,C:\Users\hanif\Downloads\capstone-agung\capstone-agung\Data\bubat barat\pagi\BubatBrt_20260513_023714.jpg,ok,640,480
C:\Users\hanif\Downloads\capstone-agung\capstone-agung\Data\bubat barat\pagi,C:\Users\hanif\Downloads\capstone-agung\capstone-agung\Data\bubat barat\pagi\BubatBrt_20260513_023754.jpg,ok,640,480
C:\Users\hanif\Downloads\capstone-agung\capstone-agung\Data\bubat barat\pagi,C:\Users\hanif\Downloads\capstone-agung\capstone-agung\Data\bubat barat\pagi\BubatBrt_20260513_023833.jpg,ok,640,480
C:\Users\hanif\Downloads\capstone-agung\capstone-agung\Data\bubat barat\pagi,C:\Users\hanif\Downloads\capstone-agung\capstone-agung\Data\bubat barat\pagi\BubatBrt_20260513_023912.jpg,ok,640,480
C:\Users\hanif\Downloads\capstone-agung\capstone-agung\Data\bubat barat\pagi,C:\Users\hanif\Downloads\capstone-agung\capstone-agung\Data\bubat barat\pagi\BubatBrt_20260513_023951.jpg,ok,640,480
C:\Users\hanif\Downloads\capstone-agung\capstone-agung\Data\bubat barat\pagi,C:\Users\hanif\Downloads\capstone-agung\capstone-agung\Data\bubat barat\pagi\BubatBrt_20260513_024031.jpg,ok,640,480
C:\Users\hanif\Downloads\capstone-agung\capstone-agung\Data\bubat barat\pagi,C:\Users\hanif\Downloads\capstone-agung\capstone-agung\Data\bubat barat\pagi\BubatBrt_20260513_024110.jpg,ok,640,480
C:\Users\hanif\Downloads\capstone-agung\capstone-agung\Data\bubat barat\pagi,C:\Users\hanif\Downloads\capstone-agung\capstone-agung\Data\bubat barat\pagi\BubatBrt_20260513_024149.jpg,ok,640,480
C:\Users\hanif\Downloads\capstone-agung\capstone-agung\Data\bubat barat\pagi,C:\Users\hanif\Downloads\capstone-agung\capstone-agung\Data\bubat barat\pagi\BubatBrt_20260513_024228.jpg,ok,640,480
C:\Users\hanif\Downloads\capstone-agung\capstone-agung\Data\bubat barat\pagi,C:\Users\hanif\Downloads\capstone-agung\capstone-agung\Data\bubat barat\pagi\BubatBrt_20260513_024307.jpg,ok,640,480
C:\Users\hanif\Downloads\capstone-agung\capstone-agung\Data\bubat barat\pagi,C:\Users\hanif\Downloads\capstone-agung\capstone-agung\Data\bubat barat\pagi\BubatBrt_20260513_024346.jpg,ok,640,480
C:\Users\hanif\Downloads\capstone-agung\capstone-agung\Data\bubat barat\pagi,C:\Users\hanif\Downloads\capstone-agung\capstone-agung\Data\bubat barat\pagi\BubatBrt_20260513_024426.jpg,ok,640,480
C:\Users\hanif\Downloads\capstone-agung\capstone-agung\Data\bubat barat\pagi,C:\Users\hanif\Downloads\capstone-agung\capstone-agung\Data\bubat barat\pagi\BubatBrt_20260513_024505.jpg,ok,640,480
C:\Users\hanif\Downloads\capstone-agung\capstone-agung\Data\bubat barat\pagi,C:\Users\hanif\Downloads\capstone-agung\capstone-agung\Data\bubat barat\pagi\BubatBrt_20260513_024544.jpg,ok,640,480
C:\Users\hanif\Downloads\capstone-agung\capstone-agung\Data\bubat barat\pagi,C:\Users\hanif\Downloads\capstone-agung\capstone-agung\Data\bubat barat\pagi\BubatBrt_20260513_024623.jpg,ok,640,480
C:\Users\hanif\Downloads\capstone-agung\capstone-agung\Data\bubat barat\pagi,C:\Users\hanif\Downloads\capstone-agung\capstone-agung\Data\bubat barat\pagi\BubatBrt_20260513_024702.jpg,ok,640,480
C:\Users\hanif\Downloads\capstone-agung\capstone-agung\Data\bubat barat\pagi,C:\Users\hanif\Downloads\capstone-agung\capstone-agung\Data\bubat barat\pagi\BubatBrt_20260513_024741.jpg,ok,640,480
C:\Users\hanif\Downloads\capstone-agung\capstone-agung\Data\bubat barat\pagi,C:\Users\hanif\Downloads\capstone-agung\capstone-agung\Data\bubat barat\pagi\BubatBrt_20260513_024820.jpg,ok,640,480
C:\Users\hanif\Downloads\capstone-agung\capstone-agung\Data\bubat barat\pagi,C:\Users\hanif\Downloads\capstone-agung\capstone-agung\Data\bubat barat\pagi\BubatBrt_20260513_024859.jpg,ok,640,480
C:\Users\hanif\Downloads\capstone-agung\capstone-agung\Data\bubat barat\pagi,C:\Users\hanif\Downloads\capstone-agung\capstone-agung\Data\bubat barat\pagi\BubatBrt_20260513_024938.jpg,ok,640,480
C:\Users\hanif\Downloads\capstone-agung\capstone-agung\Data\bubat barat\pagi,C:\Users\hanif\Downloads\capstone-agung\capstone-agung\Data\bubat barat\pagi\BubatBrt_20260513_025017.jpg,ok,640,480
C:\Users\hanif\Downloads\capstone-agung\capstone-agung\Data\bubat barat\pagi,C:\Users\hanif\Downloads\capstone-agung\capstone-agung\Data\bubat barat\pagi\BubatBrt_20260513_025057.jpg,ok,640,480
C:\Users\hanif\Downloads\capstone-agung\capstone-agung\Data\bubat barat\pagi,C:\Users\hanif\Downloads\capstone-agung\capstone-agung\Data\bubat barat\pagi\BubatBrt_20260513_025136.jpg,ok,640,480
C:\Users\hanif\Downloads\capstone-agung\capstone-agung\Data\bubat barat\pagi,C:\Users\hanif\Downloads\capstone-agung\capstone-agung\Data\bubat barat\pagi\BubatBrt_20260513_025215.jpg,ok,640,480
C:\Users\hanif\Downloads\capstone-agung\capstone-agung\Data\bubat barat\pagi,C:\Users\hanif\Downloads\capstone-agung\capstone-agung\Data\bubat barat\pagi\BubatBrt_20260513_025255.jpg,ok,640,480
C:\Users\hanif\Downloads\capstone-agung\capstone-agung\Data\bubat barat\pagi,C:\Users\hanif\Downloads\capstone-agung\capstone-agung\Data\bubat barat\pagi\BubatBrt_20260513_025334.jpg,ok,640,480
C:\Users\hanif\Downloads\capstone-agung\capstone-agung\Data\bubat barat\pagi,C:\Users\hanif\Downloads\capstone-agung\capstone-agung\Data\bubat barat\pagi\BubatBrt_20260513_025413.jpg,ok,640,480
C:\Users\hanif\Downloads\capstone-agung\capstone-agung\Data\bubat barat\pagi,C:\Users\hanif\Downloads\capstone-agung\capstone-agung\Data\bubat barat\pagi\BubatBrt_20260513_025453.jpg,ok,640,480
C:\Users\hanif\Downloads\capstone-agung\capstone-agung\Data\bubat barat\pagi,C:\Users\hanif\Downloads\capstone-agung\capstone-agung\Data\bubat barat\pagi\BubatBrt_20260513_025532.jpg,ok,640,480
C:\Users\hanif\Downloads\capstone-agung\capstone-agung\Data\bubat barat\pagi,C:\Users\hanif\Downloads\capstone-agung\capstone-agung\Data\bubat barat\pagi\BubatBrt_20260513_025611.jpg,ok,640,480
C:\Users\hanif\Downloads\capstone-agung\capstone-agung\Data\bubat barat\pagi,C:\Users\hanif\Downloads\capstone-agung\capstone-agung\Data\bubat barat\pagi\BubatBrt_20260513_025650.jpg,ok,640,480
C:\Users\hanif\Downloads\capstone-agung\capstone-agung\Data\bubat barat\pagi,C:\Users\hanif\Downloads\capstone-agung\capstone-agung\Data\bubat barat\pagi\BubatBrt_20260513_025730.jpg,ok,640,480
C:\Users\hanif\Downloads\capstone-agung\capstone-agung\Data\bubat barat\pagi,C:\Users\hanif\Downloads\capstone-agung\capstone-agung\Data\bubat barat\pagi\BubatBrt_20260513_025808.jpg,ok,640,480
C:\Users\hanif\Downloads\capstone-agung\capstone-agung\Data\bubat barat\pagi,C:\Users\hanif\Downloads\capstone-agung\capstone-agung\Data\bubat barat\pagi\BubatBrt_20260513_025848.jpg,ok,640,480
C:\Users\hanif\Downloads\capstone-agung\capstone-agung\Data\bubat barat\pagi,C:\Users\hanif\Downloads\capstone-agung\capstone-agung\Data\bubat barat\pagi\BubatBrt_20260513_025926.jpg,ok,640,480
C:\Users\hanif\Downloads\capstone-agung\capstone-agung\Data\bubat barat\pagi,C:\Users\hanif\Downloads\capstone-agung\capstone-agung\Data\bubat barat\pagi\BubatBrt_20260513_030005.jpg,ok,640,480
C:\Users\hanif\Downloads\capstone-agung\capstone-agung\Data\bubat barat\pagi,C:\Users\hanif\Downloads\capstone-agung\capstone-agung\Data\bubat barat\pagi\BubatBrt_20260513_030045.jpg,ok,640,480
C:\Users\hanif\Downloads\capstone-agung\capstone-agung\Data\bubat barat\pagi,C:\Users\hanif\Downloads\capstone-agung\capstone-agung\Data\bubat barat\pagi\BubatBrt_20260513_030124.jpg,ok,640,480
C:\Users\hanif\Downloads\capstone-agung\capstone-agung\Data\bubat barat\pagi,C:\Users\hanif\Downloads\capstone-agung\capstone-agung\Data\bubat barat\pagi\BubatBrt_20260513_030203.jpg,ok,640,480
C:\Users\hanif\Downloads\capstone-agung\capstone-agung\Data\bubat barat\pagi,C:\Users\hanif\Downloads\capstone-agung\capstone-agung\Data\bubat barat\pagi\BubatBrt_20260513_030243.jpg,ok,640,480
C:\Users\hanif\Downloads\capstone-agung\capstone-agung\Data\bubat barat\pagi,C:\Users\hanif\Downloads\capstone-agung\capstone-agung\Data\bubat barat\pagi\BubatBrt_20260513_030303.jpg,ok,640,480
C:\Users\hanif\Downloads\capstone-agung\capstone-agung\Data\bubat barat\pagi,C:\Users\hanif\Downloads\capstone-agung\capstone-agung\Data\bubat barat\pagi\BubatBrt_20260513_030343.jpg,ok,640,480
C:\Users\hanif\Downloads\capstone-agung\capstone-agung\Data\bubat barat\pagi,C:\Users\hanif\Downloads\capstone-agung\capstone-agung\Data\bubat barat\pagi\BubatBrt_20260513_030421.jpg,ok,640,480
C:\Users\hanif\Downloads\capstone-agung\capstone-agung\Data\bubat barat\pagi,C:\Users\hanif\Downloads\capstone-agung\capstone-agung\Data\bubat barat\pagi\BubatBrt_20260513_030457.jpg,ok,640,480
C:\Users\hanif\Downloads\capstone-agung\capstone-agung\Data\bubat barat\pagi,C:\Users\hanif\Downloads\capstone-agung\capstone-agung\Data\bubat barat\pagi\BubatBrt_20260513_030519.jpg,ok,640,480
C:\Users\hanif\Downloads\capstone-agung\capstone-agung\Data\bubat barat\pagi,C:\Users\hanif\Downloads\capstone-agung\capstone-agung\Data\bubat barat\pagi\BubatBrt_20260513_030539.jpg,ok,640,480
C:\Users\hanif\Downloads\capstone-agung\capstone-agung\Data\bubat barat\pagi,C:\Users\hanif\Downloads\capstone-agung\capstone-agung\Data\bubat barat\pagi\BubatBrt_20260513_030618.jpg,ok,640,480
C:\Users\hanif\Downloads\capstone-agung\capstone-agung\Data\bubat barat\pagi,C:\Users\hanif\Downloads\capstone-agung\capstone-agung\Data\bubat barat\pagi\BubatBrt_20260513_030658.jpg,ok,640,480
C:\Users\hanif\Downloads\capstone-agung\capstone-agung\Data\bubat barat\pagi,C:\Users\hanif\Downloads\capstone-agung\capstone-agung\Data\bubat barat\pagi\BubatBrt_20260513_030737.jpg,ok,640,480
C:\Users\hanif\Downloads\capstone-agung\capstone-agung\Data\bubat barat\pagi,C:\Users\hanif\Downloads\capstone-agung\capstone-agung\Data\bubat barat\pagi\BubatBrt_20260513_030816.jpg,ok,640,480
C:\Users\hanif\Downloads\capstone-agung\capstone-agung\Data\bubat barat\pagi,C:\Users\hanif\Downloads\capstone-agung\capstone-agung\Data\bubat barat\pagi\BubatBrt_20260513_030855.jpg,ok,640,480
C:\Users\hanif\Downloads\capstone-agung\capstone-agung\Data\bubat barat\pagi,C:\Users\hanif\Downloads\capstone-agung\capstone-agung\Data\bubat barat\pagi\BubatBrt_20260513_030935.jpg,ok,640,480
C:\Users\hanif\Downloads\capstone-agung\capstone-agung\Data\bubat barat\pagi,C:\Users\hanif\Downloads\capstone-agung\capstone-agung\Data\bubat barat\pagi\BubatBrt_20260513_031014.jpg,ok,640,480
C:\Users\hanif\Downloads\capstone-agung\capstone-agung\Data\bubat barat\pagi,C:\Users\hanif\Downloads\capstone-agung\capstone-agung\Data\bubat barat\pagi\BubatBrt_20260513_031053.jpg,ok,640,480
C:\Users\hanif\Downloads\capstone-agung\capstone-agung\Data\bubat barat\pagi,C:\Users\hanif\Downloads\capstone-agung\capstone-agung\Data\bubat barat\pagi\BubatBrt_20260513_031133.jpg,ok,640,480
C:\Users\hanif\Downloads\capstone-agung\capstone-agung\Data\bubat barat\pagi,C:\Users\hanif\Downloads\capstone-agung\capstone-agung\Data\bubat barat\pagi\BubatBrt_20260513_031212.jpg,ok,640,480
C:\Users\hanif\Downloads\capstone-agung\capstone-agung\Data\bubat barat\pagi,C:\Users\hanif\Downloads\capstone-agung\capstone-agung\Data\bubat barat\pagi\BubatBrt_20260513_031251.jpg,ok,640,480
C:\Users\hanif\Downloads\capstone-agung\capstone-agung\Data\bubat barat\pagi,C:\Users\hanif\Downloads\capstone-agung\capstone-agung\Data\bubat barat\pagi\BubatBrt_20260513_031331.jpg,ok,640,480
C:\Users\hanif\Downloads\capstone-agung\capstone-agung\Data\bubat barat\pagi,C:\Users\hanif\Downloads\capstone-agung\capstone-agung\Data\bubat barat\pagi\BubatBrt_20260513_031410.jpg,ok,640,480
C:\Users\hanif\Downloads\capstone-agung\capstone-agung\Data\bubat barat\pagi,C:\Users\hanif\Downloads\capstone-agung\capstone-agung\Data\bubat barat\pagi\BubatBrt_20260513_031449.jpg,ok,640,480
C:\Users\hanif\Downloads\capstone-agung\capstone-agung\Data\bubat barat\pagi,C:\Users\hanif\Downloads\capstone-agung\capstone-agung\Data\bubat barat\pagi\BubatBrt_20260513_031528.jpg,ok,640,480
C:\Users\hanif\Downloads\capstone-agung\capstone-agung\Data\bubat barat\pagi,C:\Users\hanif\Downloads\capstone-agung\capstone-agung\Data\bubat barat\pagi\BubatBrt_20260513_031608.jpg,ok,640,480
C:\Users\hanif\Downloads\capstone-agung\capstone-agung\Data\bubat barat\pagi,C:\Users\hanif\Downloads\capstone-agung\capstone-agung\Data\bubat barat\pagi\BubatBrt_20260513_031647.jpg,ok,640,480
C:\Users\hanif\Downloads\capstone-agung\capstone-agung\Data\bubat barat\pagi,C:\Users\hanif\Downloads\capstone-agung\capstone-agung\Data\bubat barat\pagi\BubatBrt_20260513_031726.jpg,ok,640,480
C:\Users\hanif\Downloads\capstone-agung\capstone-agung\Data\bubat barat\pagi,C:\Users\hanif\Downloads\capstone-agung\capstone-agung\Data\bubat barat\pagi\BubatBrt_20260513_031806.jpg,ok,640,480
C:\Users\hanif\Downloads\capstone-agung\capstone-agung\Data\bubat barat\pagi,C:\Users\hanif\Downloads\capstone-agung\capstone-agung\Data\bubat barat\pagi\BubatBrt_20260513_031845.jpg,ok,640,480
C:\Users\hanif\Downloads\capstone-agung\capstone-agung\Data\bubat barat\pagi,C:\Users\hanif\Downloads\capstone-agung\capstone-agung\Data\bubat barat\pagi\BubatBrt_20260513_031924.jpg,ok,640,480
C:\Users\hanif\Downloads\capstone-agung\capstone-agung\Data\bubat barat\pagi,C:\Users\hanif\Downloads\capstone-agung\capstone-agung\Data\bubat barat\pagi\BubatBrt_20260513_032003.jpg,ok,640,480
C:\Users\hanif\Downloads\capstone-agung\capstone-agung\Data\bubat barat\pagi,C:\Users\hanif\Downloads\capstone-agung\capstone-agung\Data\bubat barat\pagi\BubatBrt_20260513_032043.jpg,ok,640,480
C:\Users\hanif\Downloads\capstone-agung\capstone-agung\Data\bubat barat\pagi,C:\Users\hanif\Downloads\capstone-agung\capstone-agung\Data\bubat barat\pagi\BubatBrt_20260513_032122.jpg,ok,640,480
C:\Users\hanif\Downloads\capstone-agung\capstone-agung\Data\bubat barat\pagi,C:\Users\hanif\Downloads\capstone-agung\capstone-agung\Data\bubat barat\pagi\BubatBrt_20260513_032201.jpg,ok,640,480
C:\Users\hanif\Downloads\capstone-agung\capstone-agung\Data\bubat barat\pagi,C:\Users\hanif\Downloads\capstone-agung\capstone-agung\Data\bubat barat\pagi\BubatBrt_20260513_032240.jpg,ok,640,480
C:\Users\hanif\Downloads\capstone-agung\capstone-agung\Data\bubat barat\pagi,C:\Users\hanif\Downloads\capstone-agung\capstone-agung\Data\bubat barat\pagi\BubatBrt_20260513_032320.jpg,ok,640,480
C:\Users\hanif\Downloads\capstone-agung\capstone-agung\Data\bubat barat\pagi,C:\Users\hanif\Downloads\capstone-agung\capstone-agung\Data\bubat barat\pagi\BubatBrt_20260513_033510.jpg,ok,640,480
C:\Users\hanif\Downloads\capstone-agung\capstone-agung\Data\bubat barat\pagi,C:\Users\hanif\Downloads\capstone-agung\capstone-agung\Data\bubat barat\pagi\BubatBrt_20260513_033550.jpg,ok,640,480
C:\Users\hanif\Downloads\capstone-agung\capstone-agung\Data\bubat barat\pagi,C:\Users\hanif\Downloads\capstone-agung\capstone-agung\Data\bubat barat\pagi\BubatBrt_20260513_033612.jpg,ok,640,480
C:\Users\hanif\Downloads\capstone-agung\capstone-agung\Data\bubat barat\pagi,C:\Users\hanif\Downloads\capstone-agung\capstone-agung\Data\bubat barat\pagi\BubatBrt_20260513_033651.jpg,ok,640,480
C:\Users\hanif\Downloads\capstone-agung\capstone-agung\Data\bubat barat\pagi,C:\Users\hanif\Downloads\capstone-agung\capstone-agung\Data\bubat barat\pagi\BubatBrt_20260513_033751.jpg,ok,640,480
C:\Users\hanif\Downloads\capstone-agung\capstone-agung\Data\bubat barat\pagi,C:\Users\hanif\Downloads\capstone-agung\capstone-agung\Data\bubat barat\pagi\BubatBrt_20260513_033850.jpg,ok,640,480
C:\Users\hanif\Downloads\capstone-agung\capstone-agung\Data\bubat barat\pagi,C:\Users\hanif\Downloads\capstone-agung\capstone-agung\Data\bubat barat\pagi\BubatBrt_20260513_043748.jpg,ok,640,480
C:\Users\hanif\Downloads\capstone-agung\capstone-agung\Data\bubat barat\pagi,C:\Users\hanif\Downloads\capstone-agung\capstone-agung\Data\bubat barat\pagi\BubatBrt_20260513_043827.jpg,ok,640,480
C:\Users\hanif\Downloads\capstone-agung\capstone-agung\Data\bubat barat\pagi,C:\Users\hanif\Downloads\capstone-agung\capstone-agung\Data\bubat barat\pagi\BubatBrt_20260513_043907.jpg,ok,640,480
C:\Users\hanif\Downloads\capstone-agung\capstone-agung\Data\bubat barat\pagi,C:\Users\hanif\Downloads\capstone-agung\capstone-agung\Data\bubat barat\pagi\BubatBrt_20260513_043928.jpg,ok,640,480
C:\Users\hanif\Downloads\capstone-agung\capstone-agung\Data\bubat barat\pagi,C:\Users\hanif\Downloads\capstone-agung\capstone-agung\Data\bubat barat\pagi\BubatBrt_20260513_044009.jpg,ok,640,480
C:\Users\hanif\Downloads\capstone-agung\capstone-agung\Data\bubat barat\pagi,C:\Users\hanif\Downloads\capstone-agung\capstone-agung\Data\bubat barat\pagi\BubatBrt_20260513_044030.jpg,ok,640,480
C:\Users\hanif\Downloads\capstone-agung\capstone-agung\Data\bubat barat\pagi,C:\Users\hanif\Downloads\capstone-agung\capstone-agung\Data\bubat barat\pagi\BubatBrt_20260513_044111.jpg,ok,640,480
C:\Users\hanif\Downloads\capstone-agung\capstone-agung\Data\bubat barat\pagi,C:\Users\hanif\Downloads\capstone-agung\capstone-agung\Data\bubat barat\pagi\BubatBrt_20260513_044133.jpg,ok,640,480
C:\Users\hanif\Downloads\capstone-agung\capstone-agung\Data\bubat barat\pagi,C:\Users\hanif\Downloads\capstone-agung\capstone-agung\Data\bubat barat\pagi\BubatBrt_20260513_044214.jpg,ok,640,480
C:\Users\hanif\Downloads\capstone-agung\capstone-agung\Data\bubat barat\pagi,C:\Users\hanif\Downloads\capstone-agung\capstone-agung\Data\bubat barat\pagi\BubatBrt_20260513_044235.jpg,ok,640,480
C:\Users\hanif\Downloads\capstone-agung\capstone-agung\Data\bubat barat\pagi,C:\Users\hanif\Downloads\capstone-agung\capstone-agung\Data\bubat barat\pagi\BubatBrt_20260513_044316.jpg,ok,640,480
C:\Users\hanif\Downloads\capstone-agung\capstone-agung\Data\bubat barat\pagi,C:\Users\hanif\Downloads\capstone-agung\capstone-agung\Data\bubat barat\pagi\BubatBrt_20260513_044500.jpg,ok,640,480
C:\Users\hanif\Downloads\capstone-agung\capstone-agung\Data\bubat barat\pagi,C:\Users\hanif\Downloads\capstone-agung\capstone-agung\Data\bubat barat\pagi\BubatBrt_20260513_044521.jpg,ok,640,480
C:\Users\hanif\Downloads\capstone-agung\capstone-agung\Data\bubat barat\pagi,C:\Users\hanif\Downloads\capstone-agung\capstone-agung\Data\bubat barat\pagi\BubatBrt_20260513_044542.jpg,ok,640,480
C:\Users\hanif\Downloads\capstone-agung\capstone-agung\Data\bubat barat\pagi,C:\Users\hanif\Downloads\capstone-agung\capstone-agung\Data\bubat barat\pagi\BubatBrt_20260513_044602.jpg,ok,640,480
C:\Users\hanif\Downloads\capstone-agung\capstone-agung\Data\bubat barat\pagi,C:\Users\hanif\Downloads\capstone-agung\capstone-agung\Data\bubat barat\pagi\BubatBrt_20260513_044622.jpg,ok,640,480
C:\Users\hanif\Downloads\capstone-agung\capstone-agung\Data\bubat barat\pagi,C:\Users\hanif\Downloads\capstone-agung\capstone-agung\Data\bubat barat\pagi\BubatBrt_20260513_044645.jpg,ok,640,480
C:\Users\hanif\Downloads\capstone-agung\capstone-agung\Data\bubat barat\pagi,C:\Users\hanif\Downloads\capstone-agung\capstone-agung\Data\bubat barat\pagi\BubatBrt_20260513_044726.jpg,ok,640,480
C:\Users\hanif\Downloads\capstone-agung\capstone-agung\Data\bubat barat\pagi,C:\Users\hanif\Downloads\capstone-agung\capstone-agung\Data\bubat barat\pagi\BubatBrt_20260513_044747.jpg,ok,640,480
C:\Users\hanif\Downloads\capstone-agung\capstone-agung\Data\bubat barat\pagi,C:\Users\hanif\Downloads\capstone-agung\capstone-agung\Data\bubat barat\pagi\BubatBrt_20260513_044828.jpg,ok,640,480
C:\Users\hanif\Downloads\capstone-agung\capstone-agung\Data\bubat barat\pagi,C:\Users\hanif\Downloads\capstone-agung\capstone-agung\Data\bubat barat\pagi\BubatBrt_20260513_044907.jpg,ok,640,480
C:\Users\hanif\Downloads\capstone-agung\capstone-agung\Data\bubat barat\pagi,C:\Users\hanif\Downloads\capstone-agung\capstone-agung\Data\bubat barat\pagi\BubatBrt_20260513_044930.jpg,ok,640,480
C:\Users\hanif\Downloads\capstone-agung\capstone-agung\Data\bubat barat\pagi,C:\Users\hanif\Downloads\capstone-agung\capstone-agung\Data\bubat barat\pagi\BubatBrt_20260513_044952.jpg,ok,640,480
C:\Users\hanif\Downloads\capstone-agung\capstone-agung\Data\bubat barat\pagi,C:\Users\hanif\Downloads\capstone-agung\capstone-agung\Data\bubat barat\pagi\BubatBrt_20260513_045033.jpg,ok,640,480
C:\Users\hanif\Downloads\capstone-agung\capstone-agung\Data\bubat barat\pagi,C:\Users\hanif\Downloads\capstone-agung\capstone-agung\Data\bubat barat\pagi\BubatBrt_20260513_045135.jpg,ok,640,480
C:\Users\hanif\Downloads\capstone-agung\capstone-agung\Data\bubat barat\pagi,C:\Users\hanif\Downloads\capstone-agung\capstone-agung\Data\bubat barat\pagi\BubatBrt_20260513_045157.jpg,ok,640,480
C:\Users\hanif\Downloads\capstone-agung\capstone-agung\Data\bubat barat\pagi,C:\Users\hanif\Downloads\capstone-agung\capstone-agung\Data\bubat barat\pagi\BubatBrt_20260513_045239.jpg,ok,640,480
C:\Users\hanif\Downloads\capstone-agung\capstone-agung\Data\bubat barat\pagi,C:\Users\hanif\Downloads\capstone-agung\capstone-agung\Data\bubat barat\pagi\BubatBrt_20260513_045301.jpg,ok,640,480
C:\Users\hanif\Downloads\capstone-agung\capstone-agung\Data\bubat barat\pagi,C:\Users\hanif\Downloads\capstone-agung\capstone-agung\Data\bubat barat\pagi\BubatBrt_20260513_045324.jpg,ok,640,480
C:\Users\hanif\Downloads\capstone-agung\capstone-agung\Data\bubat barat\pagi,C:\Users\hanif\Downloads\capstone-agung\capstone-agung\Data\bubat barat\pagi\BubatBrt_20260513_045346.jpg,ok,640,480
C:\Users\hanif\Downloads\capstone-agung\capstone-agung\Data\bubat barat\pagi,C:\Users\hanif\Downloads\capstone-agung\capstone-agung\Data\bubat barat\pagi\BubatBrt_20260513_045406.jpg,ok,640,480
C:\Users\hanif\Downloads\capstone-agung\capstone-agung\Data\bubat barat\pagi,C:\Users\hanif\Downloads\capstone-agung\capstone-agung\Data\bubat barat\pagi\BubatBrt_20260513_045428.jpg,ok,640,480
C:\Users\hanif\Downloads\capstone-agung\capstone-agung\Data\bubat barat\pagi,C:\Users\hanif\Downloads\capstone-agung\capstone-agung\Data\bubat barat\pagi\BubatBrt_20260513_045449.jpg,ok,640,480
C:\Users\hanif\Downloads\capstone-agung\capstone-agung\Data\bubat barat\pagi,C:\Users\hanif\Downloads\capstone-agung\capstone-agung\Data\bubat barat\pagi\BubatBrt_20260513_045509.jpg,ok,640,480
C:\Users\hanif\Downloads\capstone-agung\capstone-agung\Data\bubat barat\pagi,C:\Users\hanif\Downloads\capstone-agung\capstone-agung\Data\bubat barat\pagi\BubatBrt_20260513_045530.jpg,ok,640,480
C:\Users\hanif\Downloads\capstone-agung\capstone-agung\Data\bubat barat\pagi,C:\Users\hanif\Downloads\capstone-agung\capstone-agung\Data\bubat barat\pagi\BubatBrt_20260513_045550.jpg,ok,640,480
C:\Users\hanif\Downloads\capstone-agung\capstone-agung\Data\bubat barat\pagi,C:\Users\hanif\Downloads\capstone-agung\capstone-agung\Data\bubat barat\pagi\BubatBrt_20260513_045611.jpg,ok,640,480
C:\Users\hanif\Downloads\capstone-agung\capstone-agung\Data\bubat barat\pagi,C:\Users\hanif\Downloads\capstone-agung\capstone-agung\Data\bubat barat\pagi\BubatBrt_20260513_045633.jpg,ok,640,480
C:\Users\hanif\Downloads\capstone-agung\capstone-agung\Data\bubat barat\pagi,C:\Users\hanif\Downloads\capstone-agung\capstone-agung\Data\bubat barat\pagi\BubatBrt_20260513_045654.jpg,ok,640,480
C:\Users\hanif\Downloads\capstone-agung\capstone-agung\Data\bubat barat\pagi,C:\Users\hanif\Downloads\capstone-agung\capstone-agung\Data\bubat barat\pagi\BubatBrt_20260513_045734.jpg,ok,640,480
C:\Users\hanif\Downloads\capstone-agung\capstone-agung\Data\bubat barat\pagi,C:\Users\hanif\Downloads\capstone-agung\capstone-agung\Data\bubat barat\pagi\BubatBrt_20260513_045816.jpg,ok,640,480
C:\Users\hanif\Downloads\capstone-agung\capstone-agung\Data\bubat barat\pagi,C:\Users\hanif\Downloads\capstone-agung\capstone-agung\Data\bubat barat\pagi\BubatBrt_20260513_045836.jpg,ok,640,480
C:\Users\hanif\Downloads\capstone-agung\capstone-agung\Data\bubat barat\pagi,C:\Users\hanif\Downloads\capstone-agung\capstone-agung\Data\bubat barat\pagi\BubatBrt_20260513_045858.jpg,ok,640,480
C:\Users\hanif\Downloads\capstone-agung\capstone-agung\Data\bubat barat\pagi,C:\Users\hanif\Downloads\capstone-agung\capstone-agung\Data\bubat barat\pagi\BubatBrt_20260513_045918.jpg,ok,640,480
C:\Users\hanif\Downloads\capstone-agung\capstone-agung\Data\bubat barat\pagi,C:\Users\hanif\Downloads\capstone-agung\capstone-agung\Data\bubat barat\pagi\BubatBrt_20260513_045959.jpg,ok,640,480
C:\Users\hanif\Downloads\capstone-agung\capstone-agung\Data\bubat barat\pagi,C:\Users\hanif\Downloads\capstone-agung\capstone-agung\Data\bubat barat\pagi\BubatBrt_20260513_050021.jpg,ok,640,480
C:\Users\hanif\Downloads\capstone-agung\capstone-agung\Data\bubat barat\pagi,C:\Users\hanif\Downloads\capstone-agung\capstone-agung\Data\bubat barat\pagi\BubatBrt_20260513_050041.jpg,ok,640,480
C:\Users\hanif\Downloads\capstone-agung\capstone-agung\Data\bubat barat\pagi,C:\Users\hanif\Downloads\capstone-agung\capstone-agung\Data\bubat barat\pagi\BubatBrt_20260513_050104.jpg,ok,640,480
C:\Users\hanif\Downloads\capstone-agung\capstone-agung\Data\bubat barat\pagi,C:\Users\hanif\Downloads\capstone-agung\capstone-agung\Data\bubat barat\pagi\BubatBrt_20260513_050124.jpg,ok,640,480
C:\Users\hanif\Downloads\capstone-agung\capstone-agung\Data\bubat barat\pagi,C:\Users\hanif\Downloads\capstone-agung\capstone-agung\Data\bubat barat\pagi\BubatBrt_20260513_050144.jpg,ok,640,480
C:\Users\hanif\Downloads\capstone-agung\capstone-agung\Data\bubat barat\pagi,C:\Users\hanif\Downloads\capstone-agung\capstone-agung\Data\bubat barat\pagi\BubatBrt_20260513_050206.jpg,ok,640,480
C:\Users\hanif\Downloads\capstone-agung\capstone-agung\Data\bubat barat\pagi,C:\Users\hanif\Downloads\capstone-agung\capstone-agung\Data\bubat barat\pagi\BubatBrt_20260513_050226.jpg,ok,640,480
C:\Users\hanif\Downloads\capstone-agung\capstone-agung\Data\bubat barat\pagi,C:\Users\hanif\Downloads\capstone-agung\capstone-agung\Data\bubat barat\pagi\BubatBrt_20260513_050326.jpg,ok,640,480
C:\Users\hanif\Downloads\capstone-agung\capstone-agung\Data\bubat barat\pagi,C:\Users\hanif\Downloads\capstone-agung\capstone-agung\Data\bubat barat\pagi\BubatBrt_20260513_050346.jpg,ok,640,480
C:\Users\hanif\Downloads\capstone-agung\capstone-agung\Data\bubat barat\pagi,C:\Users\hanif\Downloads\capstone-agung\capstone-agung\Data\bubat barat\pagi\BubatBrt_20260513_050408.jpg,ok,640,480
C:\Users\hanif\Downloads\capstone-agung\capstone-agung\Data\bubat barat\pagi,C:\Users\hanif\Downloads\capstone-agung\capstone-agung\Data\bubat barat\pagi\BubatBrt_20260513_050429.jpg,ok,640,480
C:\Users\hanif\Downloads\capstone-agung\capstone-agung\Data\bubat barat\pagi,C:\Users\hanif\Downloads\capstone-agung\capstone-agung\Data\bubat barat\pagi\BubatBrt_20260513_050449.jpg,ok,640,480
C:\Users\hanif\Downloads\capstone-agung\capstone-agung\Data\bubat barat\pagi,C:\Users\hanif\Downloads\capstone-agung\capstone-agung\Data\bubat barat\pagi\BubatBrt_20260513_050510.jpg,ok,640,480
C:\Users\hanif\Downloads\capstone-agung\capstone-agung\Data\bubat barat\pagi,C:\Users\hanif\Downloads\capstone-agung\capstone-agung\Data\bubat barat\pagi\BubatBrt_20260513_050530.jpg,ok,640,480
C:\Users\hanif\Downloads\capstone-agung\capstone-agung\Data\bubat barat\pagi,C:\Users\hanif\Downloads\capstone-agung\capstone-agung\Data\bubat barat\pagi\BubatBrt_20260513_050552.jpg,ok,640,480
C:\Users\hanif\Downloads\capstone-agung\capstone-agung\Data\bubat barat\pagi,C:\Users\hanif\Downloads\capstone-agung\capstone-agung\Data\bubat barat\pagi\BubatBrt_20260513_050612.jpg,ok,640,480
C:\Users\hanif\Downloads\capstone-agung\capstone-agung\Data\bubat barat\pagi,C:\Users\hanif\Downloads\capstone-agung\capstone-agung\Data\bubat barat\pagi\BubatBrt_20260513_050633.jpg,ok,640,480
C:\Users\hanif\Downloads\capstone-agung\capstone-agung\Data\bubat barat\pagi,C:\Users\hanif\Downloads\capstone-agung\capstone-agung\Data\bubat barat\pagi\BubatBrt_20260513_050654.jpg,ok,640,480
C:\Users\hanif\Downloads\capstone-agung\capstone-agung\Data\bubat barat\pagi,C:\Users\hanif\Downloads\capstone-agung\capstone-agung\Data\bubat barat\pagi\BubatBrt_20260513_050714.jpg,ok,640,480
C:\Users\hanif\Downloads\capstone-agung\capstone-agung\Data\bubat barat\pagi,C:\Users\hanif\Downloads\capstone-agung\capstone-agung\Data\bubat barat\pagi\BubatBrt_20260513_050735.jpg,ok,640,480
C:\Users\hanif\Downloads\capstone-agung\capstone-agung\Data\bubat barat\pagi,C:\Users\hanif\Downloads\capstone-agung\capstone-agung\Data\bubat barat\pagi\BubatBrt_20260513_050757.jpg,ok,640,480
C:\Users\hanif\Downloads\capstone-agung\capstone-agung\Data\bubat barat\pagi,C:\Users\hanif\Downloads\capstone-agung\capstone-agung\Data\bubat barat\pagi\BubatBrt_20260513_050817.jpg,ok,640,480
C:\Users\hanif\Downloads\capstone-agung\capstone-agung\Data\bubat barat\pagi,C:\Users\hanif\Downloads\capstone-agung\capstone-agung\Data\bubat barat\pagi\BubatBrt_20260513_050837.jpg,ok,640,480
C:\Users\hanif\Downloads\capstone-agung\capstone-agung\Data\bubat barat\pagi,C:\Users\hanif\Downloads\capstone-agung\capstone-agung\Data\bubat barat\pagi\BubatBrt_20260513_050858.jpg,ok,640,480
C:\Users\hanif\Downloads\capstone-agung\capstone-agung\Data\bubat barat\pagi,C:\Users\hanif\Downloads\capstone-agung\capstone-agung\Data\bubat barat\pagi\BubatBrt_20260513_050918.jpg,ok,640,480
C:\Users\hanif\Downloads\capstone-agung\capstone-agung\Data\bubat barat\pagi,C:\Users\hanif\Downloads\capstone-agung\capstone-agung\Data\bubat barat\pagi\BubatBrt_20260513_050938.jpg,ok,640,480
C:\Users\hanif\Downloads\capstone-agung\capstone-agung\Data\bubat barat\pagi,C:\Users\hanif\Downloads\capstone-agung\capstone-agung\Data\bubat barat\pagi\BubatBrt_20260513_051102.jpg,ok,640,480
C:\Users\hanif\Downloads\capstone-agung\capstone-agung\Data\bubat barat\pagi,C:\Users\hanif\Downloads\capstone-agung\capstone-agung\Data\bubat barat\pagi\BubatBrt_20260513_051143.jpg,ok,640,480
C:\Users\hanif\Downloads\capstone-agung\capstone-agung\Data\bubat barat\pagi,C:\Users\hanif\Downloads\capstone-agung\capstone-agung\Data\bubat barat\pagi\BubatBrt_20260513_051223.jpg,ok,640,480
C:\Users\hanif\Downloads\capstone-agung\capstone-agung\Data\bubat barat\pagi,C:\Users\hanif\Downloads\capstone-agung\capstone-agung\Data\bubat barat\pagi\BubatBrt_20260513_051243.jpg,ok,640,480
C:\Users\hanif\Downloads\capstone-agung\capstone-agung\Data\bubat barat\pagi,C:\Users\hanif\Downloads\capstone-agung\capstone-agung\Data\bubat barat\pagi\BubatBrt_20260513_051305.jpg,ok,640,480
C:\Users\hanif\Downloads\capstone-agung\capstone-agung\Data\bubat barat\pagi,C:\Users\hanif\Downloads\capstone-agung\capstone-agung\Data\bubat barat\pagi\BubatBrt_20260513_051325.jpg,ok,640,480
C:\Users\hanif\Downloads\capstone-agung\capstone-agung\Data\bubat barat\pagi,C:\Users\hanif\Downloads\capstone-agung\capstone-agung\Data\bubat barat\pagi\BubatBrt_20260513_051345.jpg,ok,640,480
C:\Users\hanif\Downloads\capstone-agung\capstone-agung\Data\bubat barat\pagi,C:\Users\hanif\Downloads\capstone-agung\capstone-agung\Data\bubat barat\pagi\BubatBrt_20260513_051428.jpg,ok,640,480
C:\Users\hanif\Downloads\capstone-agung\capstone-agung\Data\bubat barat\pagi,C:\Users\hanif\Downloads\capstone-agung\capstone-agung\Data\bubat barat\pagi\BubatBrt_20260513_051448.jpg,ok,640,480
C:\Users\hanif\Downloads\capstone-agung\capstone-agung\Data\bubat barat\pagi,C:\Users\hanif\Downloads\capstone-agung\capstone-agung\Data\bubat barat\pagi\BubatBrt_20260513_051528.jpg,ok,640,480
C:\Users\hanif\Downloads\capstone-agung\capstone-agung\Data\bubat barat\pagi,C:\Users\hanif\Downloads\capstone-agung\capstone-agung\Data\bubat barat\pagi\BubatBrt_20260513_051610.jpg,ok,640,480
C:\Users\hanif\Downloads\capstone-agung\capstone-agung\Data\bubat barat\pagi,C:\Users\hanif\Downloads\capstone-agung\capstone-agung\Data\bubat barat\pagi\BubatBrt_20260513_051632.jpg,ok,640,480
C:\Users\hanif\Downloads\capstone-agung\capstone-agung\Data\bubat barat\pagi,C:\Users\hanif\Downloads\capstone-agung\capstone-agung\Data\bubat barat\pagi\BubatBrt_20260513_051714.jpg,ok,640,480
C:\Users\hanif\Downloads\capstone-agung\capstone-agung\Data\bubat barat\pagi,C:\Users\hanif\Downloads\capstone-agung\capstone-agung\Data\bubat barat\pagi\BubatBrt_20260513_051755.jpg,ok,640,480
C:\Users\hanif\Downloads\capstone-agung\capstone-agung\Data\bubat barat\pagi,C:\Users\hanif\Downloads\capstone-agung\capstone-agung\Data\bubat barat\pagi\BubatBrt_20260513_051815.jpg,ok,640,480
C:\Users\hanif\Downloads\capstone-agung\capstone-agung\Data\bubat barat\pagi,C:\Users\hanif\Downloads\capstone-agung\capstone-agung\Data\bubat barat\pagi\BubatBrt_20260513_051855.jpg,ok,640,480
C:\Users\hanif\Downloads\capstone-agung\capstone-agung\Data\bubat barat\pagi,C:\Users\hanif\Downloads\capstone-agung\capstone-agung\Data\bubat barat\pagi\BubatBrt_20260513_051917.jpg,ok,640,480
C:\Users\hanif\Downloads\capstone-agung\capstone-agung\Data\bubat barat\pagi,C:\Users\hanif\Downloads\capstone-agung\capstone-agung\Data\bubat barat\pagi\BubatBrt_20260513_051958.jpg,ok,640,480
C:\Users\hanif\Downloads\capstone-agung\capstone-agung\Data\bubat barat\pagi,C:\Users\hanif\Downloads\capstone-agung\capstone-agung\Data\bubat barat\pagi\BubatBrt_20260513_052018.jpg,ok,640,480
C:\Users\hanif\Downloads\capstone-agung\capstone-agung\Data\bubat barat\pagi,C:\Users\hanif\Downloads\capstone-agung\capstone-agung\Data\bubat barat\pagi\BubatBrt_20260513_052038.jpg,ok,640,480
C:\Users\hanif\Downloads\capstone-agung\capstone-agung\Data\bubat barat\pagi,C:\Users\hanif\Downloads\capstone-agung\capstone-agung\Data\bubat barat\pagi\BubatBrt_20260513_052059.jpg,ok,640,480
C:\Users\hanif\Downloads\capstone-agung\capstone-agung\Data\bubat barat\pagi,C:\Users\hanif\Downloads\capstone-agung\capstone-agung\Data\bubat barat\pagi\BubatBrt_20260513_052119.jpg,ok,640,480
C:\Users\hanif\Downloads\capstone-agung\capstone-agung\Data\bubat barat\pagi,C:\Users\hanif\Downloads\capstone-agung\capstone-agung\Data\bubat barat\pagi\BubatBrt_20260513_052139.jpg,ok,640,480
C:\Users\hanif\Downloads\capstone-agung\capstone-agung\Data\bubat barat\pagi,C:\Users\hanif\Downloads\capstone-agung\capstone-agung\Data\bubat barat\pagi\BubatBrt_20260513_052200.jpg,ok,640,480
C:\Users\hanif\Downloads\capstone-agung\capstone-agung\Data\bubat barat\pagi,C:\Users\hanif\Downloads\capstone-agung\capstone-agung\Data\bubat barat\pagi\BubatBrt_20260513_052240.jpg,ok,640,480
C:\Users\hanif\Downloads\capstone-agung\capstone-agung\Data\bubat barat\pagi,C:\Users\hanif\Downloads\capstone-agung\capstone-agung\Data\bubat barat\pagi\BubatBrt_20260513_052300.jpg,ok,640,480
C:\Users\hanif\Downloads\capstone-agung\capstone-agung\Data\bubat barat\pagi,C:\Users\hanif\Downloads\capstone-agung\capstone-agung\Data\bubat barat\pagi\BubatBrt_20260513_052341.jpg,ok,640,480
C:\Users\hanif\Downloads\capstone-agung\capstone-agung\Data\bubat barat\pagi,C:\Users\hanif\Downloads\capstone-agung\capstone-agung\Data\bubat barat\pagi\BubatBrt_20260513_052401.jpg,ok,640,480
C:\Users\hanif\Downloads\capstone-agung\capstone-agung\Data\bubat barat\pagi,C:\Users\hanif\Downloads\capstone-agung\capstone-agung\Data\bubat barat\pagi\BubatBrt_20260513_052421.jpg,ok,640,480
C:\Users\hanif\Downloads\capstone-agung\capstone-agung\Data\bubat barat\pagi,C:\Users\hanif\Downloads\capstone-agung\capstone-agung\Data\bubat barat\pagi\BubatBrt_20260513_052442.jpg,ok,640,480
C:\Users\hanif\Downloads\capstone-agung\capstone-agung\Data\bubat barat\pagi,C:\Users\hanif\Downloads\capstone-agung\capstone-agung\Data\bubat barat\pagi\BubatBrt_20260513_052522.jpg,ok,640,480
C:\Users\hanif\Downloads\capstone-agung\capstone-agung\Data\bubat barat\pagi,C:\Users\hanif\Downloads\capstone-agung\capstone-agung\Data\bubat barat\pagi\BubatBrt_20260513_052543.jpg,ok,640,480
C:\Users\hanif\Downloads\capstone-agung\capstone-agung\Data\bubat barat\pagi,C:\Users\hanif\Downloads\capstone-agung\capstone-agung\Data\bubat barat\pagi\BubatBrt_20260513_052626.jpg,ok,640,480
C:\Users\hanif\Downloads\capstone-agung\capstone-agung\Data\bubat barat\pagi,C:\Users\hanif\Downloads\capstone-agung\capstone-agung\Data\bubat barat\pagi\BubatBrt_20260513_052646.jpg,ok,640,480
C:\Users\hanif\Downloads\capstone-agung\capstone-agung\Data\bubat barat\pagi,C:\Users\hanif\Downloads\capstone-agung\capstone-agung\Data\bubat barat\pagi\BubatBrt_20260513_052726.jpg,ok,640,480
C:\Users\hanif\Downloads\capstone-agung\capstone-agung\Data\bubat barat\pagi,C:\Users\hanif\Downloads\capstone-agung\capstone-agung\Data\bubat barat\pagi\BubatBrt_20260513_052807.jpg,ok,640,480
C:\Users\hanif\Downloads\capstone-agung\capstone-agung\Data\bubat barat\pagi,C:\Users\hanif\Downloads\capstone-agung\capstone-agung\Data\bubat barat\pagi\BubatBrt_20260513_052929.jpg,ok,640,480
C:\Users\hanif\Downloads\capstone-agung\capstone-agung\Data\bubat barat\pagi,C:\Users\hanif\Downloads\capstone-agung\capstone-agung\Data\bubat barat\pagi\BubatBrt_20260513_053010.jpg,ok,640,480
C:\Users\hanif\Downloads\capstone-agung\capstone-agung\Data\bubat barat\pagi,C:\Users\hanif\Downloads\capstone-agung\capstone-agung\Data\bubat barat\pagi\BubatBrt_20260513_053031.jpg,ok,640,480
C:\Users\hanif\Downloads\capstone-agung\capstone-agung\Data\bubat barat\pagi,C:\Users\hanif\Downloads\capstone-agung\capstone-agung\Data\bubat barat\pagi\BubatBrt_20260513_053114.jpg,ok,640,480
C:\Users\hanif\Downloads\capstone-agung\capstone-agung\Data\bubat barat\pagi,C:\Users\hanif\Downloads\capstone-agung\capstone-agung\Data\bubat barat\pagi\BubatBrt_20260513_053136.jpg,ok,640,480
C:\Users\hanif\Downloads\capstone-agung\capstone-agung\Data\bubat barat\pagi,C:\Users\hanif\Downloads\capstone-agung\capstone-agung\Data\bubat barat\pagi\BubatBrt_20260513_053156.jpg,ok,640,480
C:\Users\hanif\Downloads\capstone-agung\capstone-agung\Data\bubat barat\pagi,C:\Users\hanif\Downloads\capstone-agung\capstone-agung\Data\bubat barat\pagi\BubatBrt_20260513_053236.jpg,ok,640,480
C:\Users\hanif\Downloads\capstone-agung\capstone-agung\Data\bubat barat\pagi,C:\Users\hanif\Downloads\capstone-agung\capstone-agung\Data\bubat barat\pagi\BubatBrt_20260513_053257.jpg,ok,640,480
C:\Users\hanif\Downloads\capstone-agung\capstone-agung\Data\bubat barat\pagi,C:\Users\hanif\Downloads\capstone-agung\capstone-agung\Data\bubat barat\pagi\BubatBrt_20260513_053317.jpg,ok,640,480
C:\Users\hanif\Downloads\capstone-agung\capstone-agung\Data\bubat barat\pagi,C:\Users\hanif\Downloads\capstone-agung\capstone-agung\Data\bubat barat\pagi\BubatBrt_20260513_053338.jpg,ok,640,480
C:\Users\hanif\Downloads\capstone-agung\capstone-agung\Data\bubat barat\pagi,C:\Users\hanif\Downloads\capstone-agung\capstone-agung\Data\bubat barat\pagi\BubatBrt_20260513_053358.jpg,ok,640,480
C:\Users\hanif\Downloads\capstone-agung\capstone-agung\Data\bubat barat\pagi,C:\Users\hanif\Downloads\capstone-agung\capstone-agung\Data\bubat barat\pagi\BubatBrt_20260513_053418.jpg,ok,640,480
C:\Users\hanif\Downloads\capstone-agung\capstone-agung\Data\bubat barat\pagi,C:\Users\hanif\Downloads\capstone-agung\capstone-agung\Data\bubat barat\pagi\BubatBrt_20260513_053439.jpg,ok,640,480
C:\Users\hanif\Downloads\capstone-agung\capstone-agung\Data\bubat barat\pagi,C:\Users\hanif\Downloads\capstone-agung\capstone-agung\Data\bubat barat\pagi\BubatBrt_20260513_053521.jpg,ok,640,480
C:\Users\hanif\Downloads\capstone-agung\capstone-agung\Data\bubat barat\pagi,C:\Users\hanif\Downloads\capstone-agung\capstone-agung\Data\bubat barat\pagi\BubatBrt_20260513_053541.jpg,ok,640,480
C:\Users\hanif\Downloads\capstone-agung\capstone-agung\Data\bubat barat\pagi,C:\Users\hanif\Downloads\capstone-agung\capstone-agung\Data\bubat barat\pagi\BubatBrt_20260513_053601.jpg,ok,640,480
C:\Users\hanif\Downloads\capstone-agung\capstone-agung\Data\bubat barat\pagi,C:\Users\hanif\Downloads\capstone-agung\capstone-agung\Data\bubat barat\pagi\BubatBrt_20260513_053621.jpg,ok,640,480
C:\Users\hanif\Downloads\capstone-agung\capstone-agung\Data\bubat barat\pagi,C:\Users\hanif\Downloads\capstone-agung\capstone-agung\Data\bubat barat\pagi\BubatBrt_20260513_053642.jpg,ok,640,480
C:\Users\hanif\Downloads\capstone-agung\capstone-agung\Data\bubat barat\pagi,C:\Users\hanif\Downloads\capstone-agung\capstone-agung\Data\bubat barat\pagi\BubatBrt_20260513_053702.jpg,ok,640,480
C:\Users\hanif\Downloads\capstone-agung\capstone-agung\Data\bubat barat\pagi,C:\Users\hanif\Downloads\capstone-agung\capstone-agung\Data\bubat barat\pagi\BubatBrt_20260513_053722.jpg,ok,640,480
C:\Users\hanif\Downloads\capstone-agung\capstone-agung\Data\bubat barat\pagi,C:\Users\hanif\Downloads\capstone-agung\capstone-agung\Data\bubat barat\pagi\BubatBrt_20260513_053744.jpg,ok,640,480
C:\Users\hanif\Downloads\capstone-agung\capstone-agung\Data\bubat barat\pagi,C:\Users\hanif\Downloads\capstone-agung\capstone-agung\Data\bubat barat\pagi\BubatBrt_20260513_053805.jpg,ok,640,480
C:\Users\hanif\Downloads\capstone-agung\capstone-agung\Data\bubat barat\pagi,C:\Users\hanif\Downloads\capstone-agung\capstone-agung\Data\bubat barat\pagi\BubatBrt_20260513_053825.jpg,ok,640,480
C:\Users\hanif\Downloads\capstone-agung\capstone-agung\Data\bubat barat\pagi,C:\Users\hanif\Downloads\capstone-agung\capstone-agung\Data\bubat barat\pagi\BubatBrt_20260513_053847.jpg,ok,640,480
C:\Users\hanif\Downloads\capstone-agung\capstone-agung\Data\bubat barat\pagi,C:\Users\hanif\Downloads\capstone-agung\capstone-agung\Data\bubat barat\pagi\BubatBrt_20260513_053908.jpg,ok,640,480
C:\Users\hanif\Downloads\capstone-agung\capstone-agung\Data\bubat barat\pagi,C:\Users\hanif\Downloads\capstone-agung\capstone-agung\Data\bubat barat\pagi\BubatBrt_20260513_053928.jpg,ok,640,480
C:\Users\hanif\Downloads\capstone-agung\capstone-agung\Data\bubat barat\pagi,C:\Users\hanif\Downloads\capstone-agung\capstone-agung\Data\bubat barat\pagi\BubatBrt_20260513_054008.jpg,ok,640,480
C:\Users\hanif\Downloads\capstone-agung\capstone-agung\Data\bubat barat\pagi,C:\Users\hanif\Downloads\capstone-agung\capstone-agung\Data\bubat barat\pagi\BubatBrt_20260513_054028.jpg,ok,640,480
C:\Users\hanif\Downloads\capstone-agung\capstone-agung\Data\bubat barat\pagi,C:\Users\hanif\Downloads\capstone-agung\capstone-agung\Data\bubat barat\pagi\BubatBrt_20260513_054048.jpg,ok,640,480
C:\Users\hanif\Downloads\capstone-agung\capstone-agung\Data\bubat barat\pagi,C:\Users\hanif\Downloads\capstone-agung\capstone-agung\Data\bubat barat\pagi\BubatBrt_20260513_054129.jpg,ok,640,480
C:\Users\hanif\Downloads\capstone-agung\capstone-agung\Data\bubat barat\pagi,C:\Users\hanif\Downloads\capstone-agung\capstone-agung\Data\bubat barat\pagi\BubatBrt_20260513_054209.jpg,ok,640,480
C:\Users\hanif\Downloads\capstone-agung\capstone-agung\Data\bubat barat\pagi,C:\Users\hanif\Downloads\capstone-agung\capstone-agung\Data\bubat barat\pagi\BubatBrt_20260513_054229.jpg,ok,640,480
C:\Users\hanif\Downloads\capstone-agung\capstone-agung\Data\bubat barat\pagi,C:\Users\hanif\Downloads\capstone-agung\capstone-agung\Data\bubat barat\pagi\BubatBrt_20260513_054250.jpg,ok,640,480
C:\Users\hanif\Downloads\capstone-agung\capstone-agung\Data\bubat barat\pagi,C:\Users\hanif\Downloads\capstone-agung\capstone-agung\Data\bubat barat\pagi\BubatBrt_20260513_054311.jpg,ok,640,480
C:\Users\hanif\Downloads\capstone-agung\capstone-agung\Data\bubat barat\pagi,C:\Users\hanif\Downloads\capstone-agung\capstone-agung\Data\bubat barat\pagi\BubatBrt_20260513_054351.jpg,ok,640,480
C:\Users\hanif\Downloads\capstone-agung\capstone-agung\Data\bubat barat\pagi,C:\Users\hanif\Downloads\capstone-agung\capstone-agung\Data\bubat barat\pagi\BubatBrt_20260513_054413.jpg,ok,640,480
C:\Users\hanif\Downloads\capstone-agung\capstone-agung\Data\bubat barat\pagi,C:\Users\hanif\Downloads\capstone-agung\capstone-agung\Data\bubat barat\pagi\BubatBrt_20260513_054433.jpg,ok,640,480
C:\Users\hanif\Downloads\capstone-agung\capstone-agung\Data\bubat barat\pagi,C:\Users\hanif\Downloads\capstone-agung\capstone-agung\Data\bubat barat\pagi\BubatBrt_20260513_054453.jpg,ok,640,480
C:\Users\hanif\Downloads\capstone-agung\capstone-agung\Data\bubat barat\pagi,C:\Users\hanif\Downloads\capstone-agung\capstone-agung\Data\bubat barat\pagi\BubatBrt_20260513_054513.jpg,ok,640,480
C:\Users\hanif\Downloads\capstone-agung\capstone-agung\Data\bubat barat\pagi,C:\Users\hanif\Downloads\capstone-agung\capstone-agung\Data\bubat barat\pagi\BubatBrt_20260513_054553.jpg,ok,640,480
C:\Users\hanif\Downloads\capstone-agung\capstone-agung\Data\bubat barat\pagi,C:\Users\hanif\Downloads\capstone-agung\capstone-agung\Data\bubat barat\pagi\BubatBrt_20260513_054633.jpg,ok,640,480
C:\Users\hanif\Downloads\capstone-agung\capstone-agung\Data\bubat barat\pagi,C:\Users\hanif\Downloads\capstone-agung\capstone-agung\Data\bubat barat\pagi\BubatBrt_20260513_054654.jpg,ok,640,480
C:\Users\hanif\Downloads\capstone-agung\capstone-agung\Data\bubat barat\pagi,C:\Users\hanif\Downloads\capstone-agung\capstone-agung\Data\bubat barat\pagi\BubatBrt_20260513_054734.jpg,ok,640,480
C:\Users\hanif\Downloads\capstone-agung\capstone-agung\Data\bubat barat\pagi,C:\Users\hanif\Downloads\capstone-agung\capstone-agung\Data\bubat barat\pagi\BubatBrt_20260513_054754.jpg,ok,640,480
C:\Users\hanif\Downloads\capstone-agung\capstone-agung\Data\bubat barat\pagi,C:\Users\hanif\Downloads\capstone-agung\capstone-agung\Data\bubat barat\pagi\BubatBrt_20260513_054814.jpg,ok,640,480
C:\Users\hanif\Downloads\capstone-agung\capstone-agung\Data\bubat barat\pagi,C:\Users\hanif\Downloads\capstone-agung\capstone-agung\Data\bubat barat\pagi\BubatBrt_20260513_054835.jpg,ok,640,480
C:\Users\hanif\Downloads\capstone-agung\capstone-agung\Data\bubat barat\pagi,C:\Users\hanif\Downloads\capstone-agung\capstone-agung\Data\bubat barat\pagi\BubatBrt_20260513_054916.jpg,ok,640,480
C:\Users\hanif\Downloads\capstone-agung\capstone-agung\Data\bubat barat\pagi,C:\Users\hanif\Downloads\capstone-agung\capstone-agung\Data\bubat barat\pagi\BubatBrt_20260513_054936.jpg,ok,640,480
C:\Users\hanif\Downloads\capstone-agung\capstone-agung\Data\bubat barat\pagi,C:\Users\hanif\Downloads\capstone-agung\capstone-agung\Data\bubat barat\pagi\BubatBrt_20260513_054956.jpg,ok,640,480
C:\Users\hanif\Downloads\capstone-agung\capstone-agung\Data\bubat barat\pagi,C:\Users\hanif\Downloads\capstone-agung\capstone-agung\Data\bubat barat\pagi\BubatBrt_20260513_055017.jpg,ok,640,480
C:\Users\hanif\Downloads\capstone-agung\capstone-agung\Data\bubat barat\pagi,C:\Users\hanif\Downloads\capstone-agung\capstone-agung\Data\bubat barat\pagi\BubatBrt_20260513_055037.jpg,ok,640,480
C:\Users\hanif\Downloads\capstone-agung\capstone-agung\Data\bubat barat\malam,C:\Users\hanif\Downloads\capstone-agung\capstone-agung\Data\bubat barat\malam\BubatBrt_20260512_154625.jpg,ok,640,480
C:\Users\hanif\Downloads\capstone-agung\capstone-agung\Data\bubat barat\malam,C:\Users\hanif\Downloads\capstone-agung\capstone-agung\Data\bubat barat\malam\BubatBrt_20260512_154705.jpg,ok,640,480
C:\Users\hanif\Downloads\capstone-agung\capstone-agung\Data\bubat barat\malam,C:\Users\hanif\Downloads\capstone-agung\capstone-agung\Data\bubat barat\malam\BubatBrt_20260512_154746.jpg,ok,640,480
C:\Users\hanif\Downloads\capstone-agung\capstone-agung\Data\bubat barat\malam,C:\Users\hanif\Downloads\capstone-agung\capstone-agung\Data\bubat barat\malam\BubatBrt_20260512_154808.jpg,ok,640,480
C:\Users\hanif\Downloads\capstone-agung\capstone-agung\Data\bubat barat\malam,C:\Users\hanif\Downloads\capstone-agung\capstone-agung\Data\bubat barat\malam\BubatBrt_20260512_154847.jpg,ok,640,480
C:\Users\hanif\Downloads\capstone-agung\capstone-agung\Data\bubat barat\malam,C:\Users\hanif\Downloads\capstone-agung\capstone-agung\Data\bubat barat\malam\BubatBrt_20260512_154928.jpg,ok,640,480
C:\Users\hanif\Downloads\capstone-agung\capstone-agung\Data\bubat barat\malam,C:\Users\hanif\Downloads\capstone-agung\capstone-agung\Data\bubat barat\malam\BubatBrt_20260512_154949.jpg,ok,640,480
C:\Users\hanif\Downloads\capstone-agung\capstone-agung\Data\bubat barat\malam,C:\Users\hanif\Downloads\capstone-agung\capstone-agung\Data\bubat barat\malam\BubatBrt_20260512_155009.jpg,ok,640,480
C:\Users\hanif\Downloads\capstone-agung\capstone-agung\Data\bubat barat\malam,C:\Users\hanif\Downloads\capstone-agung\capstone-agung\Data\bubat barat\malam\BubatBrt_20260512_155048.jpg,ok,640,480
C:\Users\hanif\Downloads\capstone-agung\capstone-agung\Data\bubat barat\malam,C:\Users\hanif\Downloads\capstone-agung\capstone-agung\Data\bubat barat\malam\BubatBrt_20260512_155128.jpg,ok,640,480
C:\Users\hanif\Downloads\capstone-agung\capstone-agung\Data\bubat barat\malam,C:\Users\hanif\Downloads\capstone-agung\capstone-agung\Data\bubat barat\malam\BubatBrt_20260512_155208.jpg,ok,640,480
C:\Users\hanif\Downloads\capstone-agung\capstone-agung\Data\bubat barat\malam,C:\Users\hanif\Downloads\capstone-agung\capstone-agung\Data\bubat barat\malam\BubatBrt_20260512_155247.jpg,ok,640,480
C:\Users\hanif\Downloads\capstone-agung\capstone-agung\Data\bubat barat\malam,C:\Users\hanif\Downloads\capstone-agung\capstone-agung\Data\bubat barat\malam\BubatBrt_20260512_155334.jpg,ok,640,480
C:\Users\hanif\Downloads\capstone-agung\capstone-agung\Data\bubat barat\malam,C:\Users\hanif\Downloads\capstone-agung\capstone-agung\Data\bubat barat\malam\BubatBrt_20260512_155354.jpg,ok,640,480
C:\Users\hanif\Downloads\capstone-agung\capstone-agung\Data\bubat barat\malam,C:\Users\hanif\Downloads\capstone-agung\capstone-agung\Data\bubat barat\malam\BubatBrt_20260512_155415.jpg,ok,640,480
C:\Users\hanif\Downloads\capstone-agung\capstone-agung\Data\bubat barat\malam,C:\Users\hanif\Downloads\capstone-agung\capstone-agung\Data\bubat barat\malam\BubatBrt_20260512_155455.jpg,ok,640,480
C:\Users\hanif\Downloads\capstone-agung\capstone-agung\Data\bubat barat\malam,C:\Users\hanif\Downloads\capstone-agung\capstone-agung\Data\bubat barat\malam\BubatBrt_20260512_155535.jpg,ok,640,480
C:\Users\hanif\Downloads\capstone-agung\capstone-agung\Data\bubat barat\malam,C:\Users\hanif\Downloads\capstone-agung\capstone-agung\Data\bubat barat\malam\BubatBrt_20260512_155614.jpg,ok,640,480
C:\Users\hanif\Downloads\capstone-agung\capstone-agung\Data\bubat barat\malam,C:\Users\hanif\Downloads\capstone-agung\capstone-agung\Data\bubat barat\malam\BubatBrt_20260512_155654.jpg,ok,640,480
C:\Users\hanif\Downloads\capstone-agung\capstone-agung\Data\bubat barat\malam,C:\Users\hanif\Downloads\capstone-agung\capstone-agung\Data\bubat barat\malam\BubatBrt_20260512_155714.jpg,ok,640,480
C:\Users\hanif\Downloads\capstone-agung\capstone-agung\Data\bubat barat\malam,C:\Users\hanif\Downloads\capstone-agung\capstone-agung\Data\bubat barat\malam\BubatBrt_20260512_155755.jpg,ok,640,480
C:\Users\hanif\Downloads\capstone-agung\capstone-agung\Data\bubat barat\malam,C:\Users\hanif\Downloads\capstone-agung\capstone-agung\Data\bubat barat\malam\BubatBrt_20260512_155816.jpg,ok,640,480
C:\Users\hanif\Downloads\capstone-agung\capstone-agung\Data\bubat barat\malam,C:\Users\hanif\Downloads\capstone-agung\capstone-agung\Data\bubat barat\malam\BubatBrt_20260512_155856.jpg,ok,640,480
C:\Users\hanif\Downloads\capstone-agung\capstone-agung\Data\bubat barat\malam,C:\Users\hanif\Downloads\capstone-agung\capstone-agung\Data\bubat barat\malam\BubatBrt_20260512_155935.jpg,ok,640,480
C:\Users\hanif\Downloads\capstone-agung\capstone-agung\Data\bubat barat\malam,C:\Users\hanif\Downloads\capstone-agung\capstone-agung\Data\bubat barat\malam\BubatBrt_20260512_160014.jpg,ok,640,480
C:\Users\hanif\Downloads\capstone-agung\capstone-agung\Data\bubat barat\malam,C:\Users\hanif\Downloads\capstone-agung\capstone-agung\Data\bubat barat\malam\BubatBrt_20260512_160054.jpg,ok,640,480
C:\Users\hanif\Downloads\capstone-agung\capstone-agung\Data\bubat barat\malam,C:\Users\hanif\Downloads\capstone-agung\capstone-agung\Data\bubat barat\malam\BubatBrt_20260512_160133.jpg,ok,640,480
C:\Users\hanif\Downloads\capstone-agung\capstone-agung\Data\bubat barat\malam,C:\Users\hanif\Downloads\capstone-agung\capstone-agung\Data\bubat barat\malam\BubatBrt_20260512_160212.jpg,ok,640,480
C:\Users\hanif\Downloads\capstone-agung\capstone-agung\Data\bubat barat\malam,C:\Users\hanif\Downloads\capstone-agung\capstone-agung\Data\bubat barat\malam\BubatBrt_20260512_160252.jpg,ok,640,480
C:\Users\hanif\Downloads\capstone-agung\capstone-agung\Data\bubat barat\malam,C:\Users\hanif\Downloads\capstone-agung\capstone-agung\Data\bubat barat\malam\BubatBrt_20260512_160331.jpg,ok,640,480
C:\Users\hanif\Downloads\capstone-agung\capstone-agung\Data\bubat barat\malam,C:\Users\hanif\Downloads\capstone-agung\capstone-agung\Data\bubat barat\malam\BubatBrt_20260512_160410.jpg,ok,640,480
C:\Users\hanif\Downloads\capstone-agung\capstone-agung\Data\bubat barat\malam,C:\Users\hanif\Downloads\capstone-agung\capstone-agung\Data\bubat barat\malam\BubatBrt_20260512_160449.jpg,ok,640,480
C:\Users\hanif\Downloads\capstone-agung\capstone-agung\Data\bubat barat\malam,C:\Users\hanif\Downloads\capstone-agung\capstone-agung\Data\bubat barat\malam\BubatBrt_20260512_160529.jpg,ok,640,480
C:\Users\hanif\Downloads\capstone-agung\capstone-agung\Data\bubat barat\malam,C:\Users\hanif\Downloads\capstone-agung\capstone-agung\Data\bubat barat\malam\BubatBrt_20260512_160608.jpg,ok,640,480
C:\Users\hanif\Downloads\capstone-agung\capstone-agung\Data\bubat barat\malam,C:\Users\hanif\Downloads\capstone-agung\capstone-agung\Data\bubat barat\malam\BubatBrt_20260512_160648.jpg,ok,640,480
C:\Users\hanif\Downloads\capstone-agung\capstone-agung\Data\bubat barat\malam,C:\Users\hanif\Downloads\capstone-agung\capstone-agung\Data\bubat barat\malam\BubatBrt_20260512_160727.jpg,ok,640,480
C:\Users\hanif\Downloads\capstone-agung\capstone-agung\Data\bubat barat\malam,C:\Users\hanif\Downloads\capstone-agung\capstone-agung\Data\bubat barat\malam\BubatBrt_20260512_160806.jpg,ok,640,480
C:\Users\hanif\Downloads\capstone-agung\capstone-agung\Data\bubat barat\malam,C:\Users\hanif\Downloads\capstone-agung\capstone-agung\Data\bubat barat\malam\BubatBrt_20260512_160845.jpg,ok,640,480
C:\Users\hanif\Downloads\capstone-agung\capstone-agung\Data\bubat barat\malam,C:\Users\hanif\Downloads\capstone-agung\capstone-agung\Data\bubat barat\malam\BubatBrt_20260512_160926.jpg,ok,640,480
C:\Users\hanif\Downloads\capstone-agung\capstone-agung\Data\bubat barat\malam,C:\Users\hanif\Downloads\capstone-agung\capstone-agung\Data\bubat barat\malam\BubatBrt_20260512_161005.jpg,ok,640,480
C:\Users\hanif\Downloads\capstone-agung\capstone-agung\Data\bubat barat\malam,C:\Users\hanif\Downloads\capstone-agung\capstone-agung\Data\bubat barat\malam\BubatBrt_20260512_161044.jpg,ok,640,480
C:\Users\hanif\Downloads\capstone-agung\capstone-agung\Data\bubat barat\malam,C:\Users\hanif\Downloads\capstone-agung\capstone-agung\Data\bubat barat\malam\BubatBrt_20260512_161106.jpg,ok,640,480
C:\Users\hanif\Downloads\capstone-agung\capstone-agung\Data\bubat barat\malam,C:\Users\hanif\Downloads\capstone-agung\capstone-agung\Data\bubat barat\malam\BubatBrt_20260512_161146.jpg,ok,640,480
C:\Users\hanif\Downloads\capstone-agung\capstone-agung\Data\bubat barat\malam,C:\Users\hanif\Downloads\capstone-agung\capstone-agung\Data\bubat barat\malam\BubatBrt_20260512_161225.jpg,ok,640,480
C:\Users\hanif\Downloads\capstone-agung\capstone-agung\Data\bubat barat\malam,C:\Users\hanif\Downloads\capstone-agung\capstone-agung\Data\bubat barat\malam\BubatBrt_20260512_161304.jpg,ok,640,480
C:\Users\hanif\Downloads\capstone-agung\capstone-agung\Data\bubat barat\malam,C:\Users\hanif\Downloads\capstone-agung\capstone-agung\Data\bubat barat\malam\BubatBrt_20260512_161343.jpg,ok,640,480
C:\Users\hanif\Downloads\capstone-agung\capstone-agung\Data\bubat barat\malam,C:\Users\hanif\Downloads\capstone-agung\capstone-agung\Data\bubat barat\malam\BubatBrt_20260512_161422.jpg,ok,640,480
C:\Users\hanif\Downloads\capstone-agung\capstone-agung\Data\bubat barat\malam,C:\Users\hanif\Downloads\capstone-agung\capstone-agung\Data\bubat barat\malam\BubatBrt_20260512_161501.jpg,ok,640,480
C:\Users\hanif\Downloads\capstone-agung\capstone-agung\Data\bubat barat\malam,C:\Users\hanif\Downloads\capstone-agung\capstone-agung\Data\bubat barat\malam\BubatBrt_20260512_161539.jpg,ok,640,480
C:\Users\hanif\Downloads\capstone-agung\capstone-agung\Data\bubat barat\malam,C:\Users\hanif\Downloads\capstone-agung\capstone-agung\Data\bubat barat\malam\BubatBrt_20260512_161619.jpg,ok,640,480
C:\Users\hanif\Downloads\capstone-agung\capstone-agung\Data\bubat barat\malam,C:\Users\hanif\Downloads\capstone-agung\capstone-agung\Data\bubat barat\malam\BubatBrt_20260512_161658.jpg,ok,640,480
C:\Users\hanif\Downloads\capstone-agung\capstone-agung\Data\bubat barat\malam,C:\Users\hanif\Downloads\capstone-agung\capstone-agung\Data\bubat barat\malam\BubatBrt_20260512_161737.jpg,ok,640,480
C:\Users\hanif\Downloads\capstone-agung\capstone-agung\Data\bubat barat\malam,C:\Users\hanif\Downloads\capstone-agung\capstone-agung\Data\bubat barat\malam\BubatBrt_20260512_161816.jpg,ok,640,480
C:\Users\hanif\Downloads\capstone-agung\capstone-agung\Data\bubat barat\malam,C:\Users\hanif\Downloads\capstone-agung\capstone-agung\Data\bubat barat\malam\BubatBrt_20260512_161855.jpg,ok,640,480
C:\Users\hanif\Downloads\capstone-agung\capstone-agung\Data\bubat barat\malam,C:\Users\hanif\Downloads\capstone-agung\capstone-agung\Data\bubat barat\malam\BubatBrt_20260512_161935.jpg,ok,640,480
C:\Users\hanif\Downloads\capstone-agung\capstone-agung\Data\bubat barat\malam,C:\Users\hanif\Downloads\capstone-agung\capstone-agung\Data\bubat barat\malam\BubatBrt_20260512_162014.jpg,ok,640,480
C:\Users\hanif\Downloads\capstone-agung\capstone-agung\Data\bubat barat\malam,C:\Users\hanif\Downloads\capstone-agung\capstone-agung\Data\bubat barat\malam\BubatBrt_20260512_162054.jpg,ok,640,480
C:\Users\hanif\Downloads\capstone-agung\capstone-agung\Data\bubat barat\malam,C:\Users\hanif\Downloads\capstone-agung\capstone-agung\Data\bubat barat\malam\BubatBrt_20260512_162133.jpg,ok,640,480
C:\Users\hanif\Downloads\capstone-agung\capstone-agung\Data\bubat barat\malam,C:\Users\hanif\Downloads\capstone-agung\capstone-agung\Data\bubat barat\malam\BubatBrt_20260512_162213.jpg,ok,640,480
C:\Users\hanif\Downloads\capstone-agung\capstone-agung\Data\bubat barat\malam,C:\Users\hanif\Downloads\capstone-agung\capstone-agung\Data\bubat barat\malam\BubatBrt_20260512_162252.jpg,ok,640,480
C:\Users\hanif\Downloads\capstone-agung\capstone-agung\Data\bubat barat\malam,C:\Users\hanif\Downloads\capstone-agung\capstone-agung\Data\bubat barat\malam\BubatBrt_20260512_162313.jpg,ok,640,480
C:\Users\hanif\Downloads\capstone-agung\capstone-agung\Data\bubat barat\malam,C:\Users\hanif\Downloads\capstone-agung\capstone-agung\Data\bubat barat\malam\BubatBrt_20260512_162352.jpg,ok,640,480
C:\Users\hanif\Downloads\capstone-agung\capstone-agung\Data\bubat barat\malam,C:\Users\hanif\Downloads\capstone-agung\capstone-agung\Data\bubat barat\malam\BubatBrt_20260512_162413.jpg,ok,640,480
C:\Users\hanif\Downloads\capstone-agung\capstone-agung\Data\bubat barat\malam,C:\Users\hanif\Downloads\capstone-agung\capstone-agung\Data\bubat barat\malam\BubatBrt_20260512_162452.jpg,ok,640,480
C:\Users\hanif\Downloads\capstone-agung\capstone-agung\Data\bubat barat\malam,C:\Users\hanif\Downloads\capstone-agung\capstone-agung\Data\bubat barat\malam\BubatBrt_20260512_162531.jpg,ok,640,480
C:\Users\hanif\Downloads\capstone-agung\capstone-agung\Data\bubat barat\malam,C:\Users\hanif\Downloads\capstone-agung\capstone-agung\Data\bubat barat\malam\BubatBrt_20260512_162611.jpg,ok,640,480
C:\Users\hanif\Downloads\capstone-agung\capstone-agung\Data\bubat barat\malam,C:\Users\hanif\Downloads\capstone-agung\capstone-agung\Data\bubat barat\malam\BubatBrt_20260512_162650.jpg,ok,640,480
C:\Users\hanif\Downloads\capstone-agung\capstone-agung\Data\bubat barat\malam,C:\Users\hanif\Downloads\capstone-agung\capstone-agung\Data\bubat barat\malam\BubatBrt_20260512_162729.jpg,ok,640,480
C:\Users\hanif\Downloads\capstone-agung\capstone-agung\Data\bubat barat\malam,C:\Users\hanif\Downloads\capstone-agung\capstone-agung\Data\bubat barat\malam\BubatBrt_20260512_162808.jpg,ok,640,480
C:\Users\hanif\Downloads\capstone-agung\capstone-agung\Data\bubat barat\malam,C:\Users\hanif\Downloads\capstone-agung\capstone-agung\Data\bubat barat\malam\BubatBrt_20260512_162847.jpg,ok,640,480
C:\Users\hanif\Downloads\capstone-agung\capstone-agung\Data\bubat barat\malam,C:\Users\hanif\Downloads\capstone-agung\capstone-agung\Data\bubat barat\malam\BubatBrt_20260512_162926.jpg,ok,640,480
C:\Users\hanif\Downloads\capstone-agung\capstone-agung\Data\bubat barat\malam,C:\Users\hanif\Downloads\capstone-agung\capstone-agung\Data\bubat barat\malam\BubatBrt_20260512_163006.jpg,ok,640,480
C:\Users\hanif\Downloads\capstone-agung\capstone-agung\Data\bubat barat\malam,C:\Users\hanif\Downloads\capstone-agung\capstone-agung\Data\bubat barat\malam\BubatBrt_20260512_163045.jpg,ok,640,480
C:\Users\hanif\Downloads\capstone-agung\capstone-agung\Data\bubat barat\malam,C:\Users\hanif\Downloads\capstone-agung\capstone-agung\Data\bubat barat\malam\BubatBrt_20260512_163105.jpg,ok,640,480
C:\Users\hanif\Downloads\capstone-agung\capstone-agung\Data\bubat barat\malam,C:\Users\hanif\Downloads\capstone-agung\capstone-agung\Data\bubat barat\malam\BubatBrt_20260512_163144.jpg,ok,640,480
C:\Users\hanif\Downloads\capstone-agung\capstone-agung\Data\bubat barat\malam,C:\Users\hanif\Downloads\capstone-agung\capstone-agung\Data\bubat barat\malam\BubatBrt_20260512_163223.jpg,ok,640,480
C:\Users\hanif\Downloads\capstone-agung\capstone-agung\Data\bubat barat\malam,C:\Users\hanif\Downloads\capstone-agung\capstone-agung\Data\bubat barat\malam\BubatBrt_20260512_163304.jpg,ok,640,480
C:\Users\hanif\Downloads\capstone-agung\capstone-agung\Data\bubat barat\malam,C:\Users\hanif\Downloads\capstone-agung\capstone-agung\Data\bubat barat\malam\BubatBrt_20260512_163343.jpg,ok,640,480
C:\Users\hanif\Downloads\capstone-agung\capstone-agung\Data\bubat barat\malam,C:\Users\hanif\Downloads\capstone-agung\capstone-agung\Data\bubat barat\malam\BubatBrt_20260512_163422.jpg,ok,640,480
C:\Users\hanif\Downloads\capstone-agung\capstone-agung\Data\bubat barat\malam,C:\Users\hanif\Downloads\capstone-agung\capstone-agung\Data\bubat barat\malam\BubatBrt_20260512_163501.jpg,ok,640,480
C:\Users\hanif\Downloads\capstone-agung\capstone-agung\Data\bubat barat\malam,C:\Users\hanif\Downloads\capstone-agung\capstone-agung\Data\bubat barat\malam\BubatBrt_20260512_163540.jpg,ok,640,480
C:\Users\hanif\Downloads\capstone-agung\capstone-agung\Data\bubat barat\malam,C:\Users\hanif\Downloads\capstone-agung\capstone-agung\Data\bubat barat\malam\BubatBrt_20260512_163619.jpg,ok,640,480
C:\Users\hanif\Downloads\capstone-agung\capstone-agung\Data\bubat barat\malam,C:\Users\hanif\Downloads\capstone-agung\capstone-agung\Data\bubat barat\malam\BubatBrt_20260512_163658.jpg,ok,640,480
C:\Users\hanif\Downloads\capstone-agung\capstone-agung\Data\bubat barat\malam,C:\Users\hanif\Downloads\capstone-agung\capstone-agung\Data\bubat barat\malam\BubatBrt_20260512_163719.jpg,ok,640,480
C:\Users\hanif\Downloads\capstone-agung\capstone-agung\Data\bubat barat\malam,C:\Users\hanif\Downloads\capstone-agung\capstone-agung\Data\bubat barat\malam\BubatBrt_20260512_163758.jpg,ok,640,480
C:\Users\hanif\Downloads\capstone-agung\capstone-agung\Data\bubat barat\malam,C:\Users\hanif\Downloads\capstone-agung\capstone-agung\Data\bubat barat\malam\BubatBrt_20260512_163837.jpg,ok,640,480
C:\Users\hanif\Downloads\capstone-agung\capstone-agung\Data\bubat barat\malam,C:\Users\hanif\Downloads\capstone-agung\capstone-agung\Data\bubat barat\malam\BubatBrt_20260512_163916.jpg,ok,640,480
C:\Users\hanif\Downloads\capstone-agung\capstone-agung\Data\bubat barat\malam,C:\Users\hanif\Downloads\capstone-agung\capstone-agung\Data\bubat barat\malam\BubatBrt_20260512_163955.jpg,ok,640,480
C:\Users\hanif\Downloads\capstone-agung\capstone-agung\Data\bubat barat\malam,C:\Users\hanif\Downloads\capstone-agung\capstone-agung\Data\bubat barat\malam\BubatBrt_20260512_164034.jpg,ok,640,480
C:\Users\hanif\Downloads\capstone-agung\capstone-agung\Data\bubat barat\malam,C:\Users\hanif\Downloads\capstone-agung\capstone-agung\Data\bubat barat\malam\BubatBrt_20260512_164113.jpg,ok,640,480
C:\Users\hanif\Downloads\capstone-agung\capstone-agung\Data\bubat barat\malam,C:\Users\hanif\Downloads\capstone-agung\capstone-agung\Data\bubat barat\malam\BubatBrt_20260512_164134.jpg,ok,640,480
C:\Users\hanif\Downloads\capstone-agung\capstone-agung\Data\bubat barat\malam,C:\Users\hanif\Downloads\capstone-agung\capstone-agung\Data\bubat barat\malam\BubatBrt_20260512_164213.jpg,ok,640,480
C:\Users\hanif\Downloads\capstone-agung\capstone-agung\Data\bubat barat\malam,C:\Users\hanif\Downloads\capstone-agung\capstone-agung\Data\bubat barat\malam\BubatBrt_20260512_164252.jpg,ok,640,480
C:\Users\hanif\Downloads\capstone-agung\capstone-agung\Data\bubat barat\malam,C:\Users\hanif\Downloads\capstone-agung\capstone-agung\Data\bubat barat\malam\BubatBrt_20260512_164331.jpg,ok,640,480
C:\Users\hanif\Downloads\capstone-agung\capstone-agung\Data\bubat barat\malam,C:\Users\hanif\Downloads\capstone-agung\capstone-agung\Data\bubat barat\malam\BubatBrt_20260512_164410.jpg,ok,640,480
C:\Users\hanif\Downloads\capstone-agung\capstone-agung\Data\bubat barat\malam,C:\Users\hanif\Downloads\capstone-agung\capstone-agung\Data\bubat barat\malam\BubatBrt_20260512_164449.jpg,ok,640,480
C:\Users\hanif\Downloads\capstone-agung\capstone-agung\Data\bubat barat\malam,C:\Users\hanif\Downloads\capstone-agung\capstone-agung\Data\bubat barat\malam\BubatBrt_20260512_164528.jpg,ok,640,480
C:\Users\hanif\Downloads\capstone-agung\capstone-agung\Data\bubat barat\malam,C:\Users\hanif\Downloads\capstone-agung\capstone-agung\Data\bubat barat\malam\BubatBrt_20260512_164607.jpg,ok,640,480
C:\Users\hanif\Downloads\capstone-agung\capstone-agung\Data\bubat barat\malam,C:\Users\hanif\Downloads\capstone-agung\capstone-agung\Data\bubat barat\malam\BubatBrt_20260512_164646.jpg,ok,640,480
C:\Users\hanif\Downloads\capstone-agung\capstone-agung\Data\bubat barat\malam,C:\Users\hanif\Downloads\capstone-agung\capstone-agung\Data\bubat barat\malam\BubatBrt_20260512_164725.jpg,ok,640,480
C:\Users\hanif\Downloads\capstone-agung\capstone-agung\Data\bubat barat\malam,C:\Users\hanif\Downloads\capstone-agung\capstone-agung\Data\bubat barat\malam\BubatBrt_20260512_164804.jpg,ok,640,480
C:\Users\hanif\Downloads\capstone-agung\capstone-agung\Data\bubat barat\malam,C:\Users\hanif\Downloads\capstone-agung\capstone-agung\Data\bubat barat\malam\BubatBrt_20260512_164843.jpg,ok,640,480
C:\Users\hanif\Downloads\capstone-agung\capstone-agung\Data\bubat barat\malam,C:\Users\hanif\Downloads\capstone-agung\capstone-agung\Data\bubat barat\malam\BubatBrt_20260512_164922.jpg,ok,640,480
C:\Users\hanif\Downloads\capstone-agung\capstone-agung\Data\bubat barat\malam,C:\Users\hanif\Downloads\capstone-agung\capstone-agung\Data\bubat barat\malam\BubatBrt_20260512_165001.jpg,ok,640,480
C:\Users\hanif\Downloads\capstone-agung\capstone-agung\Data\bubat barat\malam,C:\Users\hanif\Downloads\capstone-agung\capstone-agung\Data\bubat barat\malam\BubatBrt_20260512_165040.jpg,ok,640,480
C:\Users\hanif\Downloads\capstone-agung\capstone-agung\Data\bubat barat\malam,C:\Users\hanif\Downloads\capstone-agung\capstone-agung\Data\bubat barat\malam\BubatBrt_20260512_165119.jpg,ok,640,480
C:\Users\hanif\Downloads\capstone-agung\capstone-agung\Data\bubat barat\malam,C:\Users\hanif\Downloads\capstone-agung\capstone-agung\Data\bubat barat\malam\BubatBrt_20260512_165158.jpg,ok,640,480
C:\Users\hanif\Downloads\capstone-agung\capstone-agung\Data\bubat barat\malam,C:\Users\hanif\Downloads\capstone-agung\capstone-agung\Data\bubat barat\malam\BubatBrt_20260512_165237.jpg,ok,640,480
C:\Users\hanif\Downloads\capstone-agung\capstone-agung\Data\bubat barat\malam,C:\Users\hanif\Downloads\capstone-agung\capstone-agung\Data\bubat barat\malam\BubatBrt_20260512_165316.jpg,ok,640,480
C:\Users\hanif\Downloads\capstone-agung\capstone-agung\Data\bubat barat\malam,C:\Users\hanif\Downloads\capstone-agung\capstone-agung\Data\bubat barat\malam\BubatBrt_20260512_165355.jpg,ok,640,480
C:\Users\hanif\Downloads\capstone-agung\capstone-agung\Data\bubat barat\malam,C:\Users\hanif\Downloads\capstone-agung\capstone-agung\Data\bubat barat\malam\BubatBrt_20260512_165434.jpg,ok,640,480
C:\Users\hanif\Downloads\capstone-agung\capstone-agung\Data\bubat barat\malam,C:\Users\hanif\Downloads\capstone-agung\capstone-agung\Data\bubat barat\malam\BubatBrt_20260512_165513.jpg,ok,640,480
C:\Users\hanif\Downloads\capstone-agung\capstone-agung\Data\bubat barat\malam,C:\Users\hanif\Downloads\capstone-agung\capstone-agung\Data\bubat barat\malam\BubatBrt_20260512_165552.jpg,ok,640,480
C:\Users\hanif\Downloads\capstone-agung\capstone-agung\Data\bubat barat\malam,C:\Users\hanif\Downloads\capstone-agung\capstone-agung\Data\bubat barat\malam\BubatBrt_20260512_165631.jpg,ok,640,480
C:\Users\hanif\Downloads\capstone-agung\capstone-agung\Data\bubat barat\malam,C:\Users\hanif\Downloads\capstone-agung\capstone-agung\Data\bubat barat\malam\BubatBrt_20260512_165710.jpg,ok,640,480
C:\Users\hanif\Downloads\capstone-agung\capstone-agung\Data\bubat barat\malam,C:\Users\hanif\Downloads\capstone-agung\capstone-agung\Data\bubat barat\malam\BubatBrt_20260512_165749.jpg,ok,640,480
C:\Users\hanif\Downloads\capstone-agung\capstone-agung\Data\bubat barat\malam,C:\Users\hanif\Downloads\capstone-agung\capstone-agung\Data\bubat barat\malam\BubatBrt_20260512_165829.jpg,ok,640,480
C:\Users\hanif\Downloads\capstone-agung\capstone-agung\Data\bubat barat\malam,C:\Users\hanif\Downloads\capstone-agung\capstone-agung\Data\bubat barat\malam\BubatBrt_20260512_165908.jpg,ok,640,480
C:\Users\hanif\Downloads\capstone-agung\capstone-agung\Data\bubat barat\malam,C:\Users\hanif\Downloads\capstone-agung\capstone-agung\Data\bubat barat\malam\BubatBrt_20260512_165947.jpg,ok,640,480
C:\Users\hanif\Downloads\capstone-agung\capstone-agung\Data\bubat barat\malam,C:\Users\hanif\Downloads\capstone-agung\capstone-agung\Data\bubat barat\malam\BubatBrt_20260512_170026.jpg,ok,640,480
C:\Users\hanif\Downloads\capstone-agung\capstone-agung\Data\bubat barat\malam,C:\Users\hanif\Downloads\capstone-agung\capstone-agung\Data\bubat barat\malam\BubatBrt_20260512_170106.jpg,ok,640,480
C:\Users\hanif\Downloads\capstone-agung\capstone-agung\Data\bubat barat\malam,C:\Users\hanif\Downloads\capstone-agung\capstone-agung\Data\bubat barat\malam\BubatBrt_20260512_170145.jpg,ok,640,480
C:\Users\hanif\Downloads\capstone-agung\capstone-agung\Data\bubat barat\malam,C:\Users\hanif\Downloads\capstone-agung\capstone-agung\Data\bubat barat\malam\BubatBrt_20260512_170224.jpg,ok,640,480
C:\Users\hanif\Downloads\capstone-agung\capstone-agung\Data\bubat barat\malam,C:\Users\hanif\Downloads\capstone-agung\capstone-agung\Data\bubat barat\malam\BubatBrt_20260512_170303.jpg,ok,640,480
C:\Users\hanif\Downloads\capstone-agung\capstone-agung\Data\bubat barat\malam,C:\Users\hanif\Downloads\capstone-agung\capstone-agung\Data\bubat barat\malam\BubatBrt_20260512_170342.jpg,ok,640,480
C:\Users\hanif\Downloads\capstone-agung\capstone-agung\Data\bubat barat\malam,C:\Users\hanif\Downloads\capstone-agung\capstone-agung\Data\bubat barat\malam\BubatBrt_20260512_170421.jpg,ok,640,480
C:\Users\hanif\Downloads\capstone-agung\capstone-agung\Data\bubat barat\malam,C:\Users\hanif\Downloads\capstone-agung\capstone-agung\Data\bubat barat\malam\BubatBrt_20260512_170500.jpg,ok,640,480
C:\Users\hanif\Downloads\capstone-agung\capstone-agung\Data\bubat barat\malam,C:\Users\hanif\Downloads\capstone-agung\capstone-agung\Data\bubat barat\malam\BubatBrt_20260512_170539.jpg,ok,640,480
C:\Users\hanif\Downloads\capstone-agung\capstone-agung\Data\bubat barat\malam,C:\Users\hanif\Downloads\capstone-agung\capstone-agung\Data\bubat barat\malam\BubatBrt_20260512_170618.jpg,ok,640,480
C:\Users\hanif\Downloads\capstone-agung\capstone-agung\Data\bubat barat\malam,C:\Users\hanif\Downloads\capstone-agung\capstone-agung\Data\bubat barat\malam\BubatBrt_20260512_170657.jpg,ok,640,480
C:\Users\hanif\Downloads\capstone-agung\capstone-agung\Data\bubat barat\malam,C:\Users\hanif\Downloads\capstone-agung\capstone-agung\Data\bubat barat\malam\BubatBrt_20260512_170737.jpg,ok,640,480
C:\Users\hanif\Downloads\capstone-agung\capstone-agung\Data\bubat barat\malam,C:\Users\hanif\Downloads\capstone-agung\capstone-agung\Data\bubat barat\malam\BubatBrt_20260512_170816.jpg,ok,640,480
C:\Users\hanif\Downloads\capstone-agung\capstone-agung\Data\bubat barat\malam,C:\Users\hanif\Downloads\capstone-agung\capstone-agung\Data\bubat barat\malam\BubatBrt_20260512_170855.jpg,ok,640,480
C:\Users\hanif\Downloads\capstone-agung\capstone-agung\Data\bubat barat\malam,C:\Users\hanif\Downloads\capstone-agung\capstone-agung\Data\bubat barat\malam\BubatBrt_20260512_170934.jpg,ok,640,480
C:\Users\hanif\Downloads\capstone-agung\capstone-agung\Data\bubat barat\malam,C:\Users\hanif\Downloads\capstone-agung\capstone-agung\Data\bubat barat\malam\BubatBrt_20260512_171013.jpg,ok,640,480
C:\Users\hanif\Downloads\capstone-agung\capstone-agung\Data\bubat barat\malam,C:\Users\hanif\Downloads\capstone-agung\capstone-agung\Data\bubat barat\malam\BubatBrt_20260512_171052.jpg,ok,640,480
C:\Users\hanif\Downloads\capstone-agung\capstone-agung\Data\bubat barat\malam,C:\Users\hanif\Downloads\capstone-agung\capstone-agung\Data\bubat barat\malam\BubatBrt_20260512_171131.jpg,ok,640,480
C:\Users\hanif\Downloads\capstone-agung\capstone-agung\Data\bubat barat\malam,C:\Users\hanif\Downloads\capstone-agung\capstone-agung\Data\bubat barat\malam\BubatBrt_20260512_171210.jpg,ok,640,480
C:\Users\hanif\Downloads\capstone-agung\capstone-agung\Data\bubat barat\malam,C:\Users\hanif\Downloads\capstone-agung\capstone-agung\Data\bubat barat\malam\BubatBrt_20260512_171249.jpg,ok,640,480
C:\Users\hanif\Downloads\capstone-agung\capstone-agung\Data\bubat barat\malam,C:\Users\hanif\Downloads\capstone-agung\capstone-agung\Data\bubat barat\malam\BubatBrt_20260512_171328.jpg,ok,640,480
C:\Users\hanif\Downloads\capstone-agung\capstone-agung\Data\bubat barat\malam,C:\Users\hanif\Downloads\capstone-agung\capstone-agung\Data\bubat barat\malam\BubatBrt_20260512_171407.jpg,ok,640,480
C:\Users\hanif\Downloads\capstone-agung\capstone-agung\Data\bubat barat\malam,C:\Users\hanif\Downloads\capstone-agung\capstone-agung\Data\bubat barat\malam\BubatBrt_20260512_171428.jpg,ok,640,480
C:\Users\hanif\Downloads\capstone-agung\capstone-agung\Data\bubat barat\malam,C:\Users\hanif\Downloads\capstone-agung\capstone-agung\Data\bubat barat\malam\BubatBrt_20260512_171507.jpg,ok,640,480
C:\Users\hanif\Downloads\capstone-agung\capstone-agung\Data\bubat barat\malam,C:\Users\hanif\Downloads\capstone-agung\capstone-agung\Data\bubat barat\malam\BubatBrt_20260512_171546.jpg,ok,640,480
C:\Users\hanif\Downloads\capstone-agung\capstone-agung\Data\bubat barat\malam,C:\Users\hanif\Downloads\capstone-agung\capstone-agung\Data\bubat barat\malam\BubatBrt_20260512_171625.jpg,ok,640,480
C:\Users\hanif\Downloads\capstone-agung\capstone-agung\Data\bubat barat\malam,C:\Users\hanif\Downloads\capstone-agung\capstone-agung\Data\bubat barat\malam\BubatBrt_20260512_171645.jpg,ok,640,480
C:\Users\hanif\Downloads\capstone-agung\capstone-agung\Data\bubat barat\malam,C:\Users\hanif\Downloads\capstone-agung\capstone-agung\Data\bubat barat\malam\BubatBrt_20260512_171724.jpg,ok,640,480
C:\Users\hanif\Downloads\capstone-agung\capstone-agung\Data\bubat barat\malam,C:\Users\hanif\Downloads\capstone-agung\capstone-agung\Data\bubat barat\malam\BubatBrt_20260512_171803.jpg,ok,640,480
C:\Users\hanif\Downloads\capstone-agung\capstone-agung\Data\bubat barat\malam,C:\Users\hanif\Downloads\capstone-agung\capstone-agung\Data\bubat barat\malam\BubatBrt_20260512_171842.jpg,ok,640,480
C:\Users\hanif\Downloads\capstone-agung\capstone-agung\Data\bubat barat\malam,C:\Users\hanif\Downloads\capstone-agung\capstone-agung\Data\bubat barat\malam\BubatBrt_20260512_171921.jpg,ok,640,480
C:\Users\hanif\Downloads\capstone-agung\capstone-agung\Data\bubat barat\malam,C:\Users\hanif\Downloads\capstone-agung\capstone-agung\Data\bubat barat\malam\BubatBrt_20260512_172039.jpg,ok,640,480
C:\Users\hanif\Downloads\capstone-agung\capstone-agung\Data\bubat barat\malam,C:\Users\hanif\Downloads\capstone-agung\capstone-agung\Data\bubat barat\malam\BubatBrt_20260512_172118.jpg,ok,640,480
C:\Users\hanif\Downloads\capstone-agung\capstone-agung\Data\bubat barat\malam,C:\Users\hanif\Downloads\capstone-agung\capstone-agung\Data\bubat barat\malam\BubatBrt_20260512_172157.jpg,ok,640,480
C:\Users\hanif\Downloads\capstone-agung\capstone-agung\Data\bubat barat\malam,C:\Users\hanif\Downloads\capstone-agung\capstone-agung\Data\bubat barat\malam\BubatBrt_20260512_172236.jpg,ok,640,480
C:\Users\hanif\Downloads\capstone-agung\capstone-agung\Data\bubat barat\malam,C:\Users\hanif\Downloads\capstone-agung\capstone-agung\Data\bubat barat\malam\BubatBrt_20260512_172315.jpg,ok,640,480
C:\Users\hanif\Downloads\capstone-agung\capstone-agung\Data\bubat barat\malam,C:\Users\hanif\Downloads\capstone-agung\capstone-agung\Data\bubat barat\malam\BubatBrt_20260512_172354.jpg,ok,640,480
C:\Users\hanif\Downloads\capstone-agung\capstone-agung\Data\bubat barat\malam,C:\Users\hanif\Downloads\capstone-agung\capstone-agung\Data\bubat barat\malam\BubatBrt_20260512_172433.jpg,ok,640,480
C:\Users\hanif\Downloads\capstone-agung\capstone-agung\Data\bubat barat\malam,C:\Users\hanif\Downloads\capstone-agung\capstone-agung\Data\bubat barat\malam\BubatBrt_20260512_172512.jpg,ok,640,480
C:\Users\hanif\Downloads\capstone-agung\capstone-agung\Data\bubat barat\malam,C:\Users\hanif\Downloads\capstone-agung\capstone-agung\Data\bubat barat\malam\BubatBrt_20260512_172551.jpg,ok,640,480
C:\Users\hanif\Downloads\capstone-agung\capstone-agung\Data\bubat barat\malam,C:\Users\hanif\Downloads\capstone-agung\capstone-agung\Data\bubat barat\malam\BubatBrt_20260512_172630.jpg,ok,640,480
C:\Users\hanif\Downloads\capstone-agung\capstone-agung\Data\bubat barat\malam,C:\Users\hanif\Downloads\capstone-agung\capstone-agung\Data\bubat barat\malam\BubatBrt_20260512_172709.jpg,ok,640,480
C:\Users\hanif\Downloads\capstone-agung\capstone-agung\Data\bubat barat\malam,C:\Users\hanif\Downloads\capstone-agung\capstone-agung\Data\bubat barat\malam\BubatBrt_20260512_172748.jpg,ok,640,480
C:\Users\hanif\Downloads\capstone-agung\capstone-agung\Data\bubat barat\malam,C:\Users\hanif\Downloads\capstone-agung\capstone-agung\Data\bubat barat\malam\BubatBrt_20260512_172827.jpg,ok,640,480
C:\Users\hanif\Downloads\capstone-agung\capstone-agung\Data\bubat barat\malam,C:\Users\hanif\Downloads\capstone-agung\capstone-agung\Data\bubat barat\malam\BubatBrt_20260512_172906.jpg,ok,640,480
C:\Users\hanif\Downloads\capstone-agung\capstone-agung\Data\bubat barat\malam,C:\Users\hanif\Downloads\capstone-agung\capstone-agung\Data\bubat barat\malam\BubatBrt_20260512_172945.jpg,ok,640,480
C:\Users\hanif\Downloads\capstone-agung\capstone-agung\Data\bubat barat\malam,C:\Users\hanif\Downloads\capstone-agung\capstone-agung\Data\bubat barat\malam\BubatBrt_20260512_173024.jpg,ok,640,480
C:\Users\hanif\Downloads\capstone-agung\capstone-agung\Data\bubat barat\malam,C:\Users\hanif\Downloads\capstone-agung\capstone-agung\Data\bubat barat\malam\BubatBrt_20260512_173104.jpg,ok,640,480
C:\Users\hanif\Downloads\capstone-agung\capstone-agung\Data\bubat barat\malam,C:\Users\hanif\Downloads\capstone-agung\capstone-agung\Data\bubat barat\malam\BubatBrt_20260512_173142.jpg,ok,640,480
C:\Users\hanif\Downloads\capstone-agung\capstone-agung\Data\bubat barat\malam,C:\Users\hanif\Downloads\capstone-agung\capstone-agung\Data\bubat barat\malam\BubatBrt_20260512_173221.jpg,ok,640,480
C:\Users\hanif\Downloads\capstone-agung\capstone-agung\Data\bubat barat\malam,C:\Users\hanif\Downloads\capstone-agung\capstone-agung\Data\bubat barat\malam\BubatBrt_20260512_173300.jpg,ok,640,480
C:\Users\hanif\Downloads\capstone-agung\capstone-agung\Data\bubat barat\malam,C:\Users\hanif\Downloads\capstone-agung\capstone-agung\Data\bubat barat\malam\BubatBrt_20260512_173339.jpg,ok,640,480
C:\Users\hanif\Downloads\capstone-agung\capstone-agung\Data\bubat barat\malam,C:\Users\hanif\Downloads\capstone-agung\capstone-agung\Data\bubat barat\malam\BubatBrt_20260512_173419.jpg,ok,640,480
C:\Users\hanif\Downloads\capstone-agung\capstone-agung\Data\bubat barat\malam,C:\Users\hanif\Downloads\capstone-agung\capstone-agung\Data\bubat barat\malam\BubatBrt_20260512_173457.jpg,ok,640,480
C:\Users\hanif\Downloads\capstone-agung\capstone-agung\Data\bubat barat\malam,C:\Users\hanif\Downloads\capstone-agung\capstone-agung\Data\bubat barat\malam\BubatBrt_20260512_173537.jpg,ok,640,480
C:\Users\hanif\Downloads\capstone-agung\capstone-agung\Data\bubat barat\malam,C:\Users\hanif\Downloads\capstone-agung\capstone-agung\Data\bubat barat\malam\BubatBrt_20260512_173616.jpg,ok,640,480
C:\Users\hanif\Downloads\capstone-agung\capstone-agung\Data\bubat barat\malam,C:\Users\hanif\Downloads\capstone-agung\capstone-agung\Data\bubat barat\malam\BubatBrt_20260512_173655.jpg,ok,640,480
C:\Users\hanif\Downloads\capstone-agung\capstone-agung\Data\bubat barat\malam,C:\Users\hanif\Downloads\capstone-agung\capstone-agung\Data\bubat barat\malam\BubatBrt_20260512_173734.jpg,ok,640,480
C:\Users\hanif\Downloads\capstone-agung\capstone-agung\Data\bubat barat\malam,C:\Users\hanif\Downloads\capstone-agung\capstone-agung\Data\bubat barat\malam\BubatBrt_20260512_173813.jpg,ok,640,480
C:\Users\hanif\Downloads\capstone-agung\capstone-agung\Data\bubat barat\malam,C:\Users\hanif\Downloads\capstone-agung\capstone-agung\Data\bubat barat\malam\BubatBrt_20260512_173852.jpg,ok,640,480
C:\Users\hanif\Downloads\capstone-agung\capstone-agung\Data\bubat barat\malam,C:\Users\hanif\Downloads\capstone-agung\capstone-agung\Data\bubat barat\malam\BubatBrt_20260512_173930.jpg,ok,640,480
C:\Users\hanif\Downloads\capstone-agung\capstone-agung\Data\bubat barat\malam,C:\Users\hanif\Downloads\capstone-agung\capstone-agung\Data\bubat barat\malam\BubatBrt_20260512_174010.jpg,ok,640,480
C:\Users\hanif\Downloads\capstone-agung\capstone-agung\Data\bubat barat\malam,C:\Users\hanif\Downloads\capstone-agung\capstone-agung\Data\bubat barat\malam\BubatBrt_20260512_174049.jpg,ok,640,480
C:\Users\hanif\Downloads\capstone-agung\capstone-agung\Data\bubat barat\malam,C:\Users\hanif\Downloads\capstone-agung\capstone-agung\Data\bubat barat\malam\BubatBrt_20260512_174127.jpg,ok,640,480
C:\Users\hanif\Downloads\capstone-agung\capstone-agung\Data\bubat barat\malam,C:\Users\hanif\Downloads\capstone-agung\capstone-agung\Data\bubat barat\malam\BubatBrt_20260512_174206.jpg,ok,640,480
C:\Users\hanif\Downloads\capstone-agung\capstone-agung\Data\bubat barat\malam,C:\Users\hanif\Downloads\capstone-agung\capstone-agung\Data\bubat barat\malam\BubatBrt_20260512_174246.jpg,ok,640,480
C:\Users\hanif\Downloads\capstone-agung\capstone-agung\Data\bubat barat\malam,C:\Users\hanif\Downloads\capstone-agung\capstone-agung\Data\bubat barat\malam\BubatBrt_20260512_174325.jpg,ok,640,480
C:\Users\hanif\Downloads\capstone-agung\capstone-agung\Data\bubat barat\malam,C:\Users\hanif\Downloads\capstone-agung\capstone-agung\Data\bubat barat\malam\BubatBrt_20260512_174404.jpg,ok,640,480
C:\Users\hanif\Downloads\capstone-agung\capstone-agung\Data\bubat barat\malam,C:\Users\hanif\Downloads\capstone-agung\capstone-agung\Data\bubat barat\malam\BubatBrt_20260512_174443.jpg,ok,640,480
C:\Users\hanif\Downloads\capstone-agung\capstone-agung\Data\bubat barat\malam,C:\Users\hanif\Downloads\capstone-agung\capstone-agung\Data\bubat barat\malam\BubatBrt_20260512_174522.jpg,ok,640,480
C:\Users\hanif\Downloads\capstone-agung\capstone-agung\Data\bubat barat\malam,C:\Users\hanif\Downloads\capstone-agung\capstone-agung\Data\bubat barat\malam\BubatBrt_20260512_174601.jpg,ok,640,480
C:\Users\hanif\Downloads\capstone-agung\capstone-agung\Data\bubat barat\malam,C:\Users\hanif\Downloads\capstone-agung\capstone-agung\Data\bubat barat\malam\BubatBrt_20260512_174640.jpg,ok,640,480
C:\Users\hanif\Downloads\capstone-agung\capstone-agung\Data\bubat barat\malam,C:\Users\hanif\Downloads\capstone-agung\capstone-agung\Data\bubat barat\malam\BubatBrt_20260512_174719.jpg,ok,640,480
C:\Users\hanif\Downloads\capstone-agung\capstone-agung\Data\bubat barat\malam,C:\Users\hanif\Downloads\capstone-agung\capstone-agung\Data\bubat barat\malam\BubatBrt_20260512_174758.jpg,ok,640,480
C:\Users\hanif\Downloads\capstone-agung\capstone-agung\Data\bubat barat\malam,C:\Users\hanif\Downloads\capstone-agung\capstone-agung\Data\bubat barat\malam\BubatBrt_20260512_174837.jpg,ok,640,480
C:\Users\hanif\Downloads\capstone-agung\capstone-agung\Data\bubat barat\malam,C:\Users\hanif\Downloads\capstone-agung\capstone-agung\Data\bubat barat\malam\BubatBrt_20260512_174916.jpg,ok,640,480
C:\Users\hanif\Downloads\capstone-agung\capstone-agung\Data\bubat barat\malam,C:\Users\hanif\Downloads\capstone-agung\capstone-agung\Data\bubat barat\malam\BubatBrt_20260512_174955.jpg,ok,640,480
C:\Users\hanif\Downloads\capstone-agung\capstone-agung\Data\bubat barat\malam,C:\Users\hanif\Downloads\capstone-agung\capstone-agung\Data\bubat barat\malam\BubatBrt_20260512_175034.jpg,ok,640,480
C:\Users\hanif\Downloads\capstone-agung\capstone-agung\Data\bubat barat\malam,C:\Users\hanif\Downloads\capstone-agung\capstone-agung\Data\bubat barat\malam\BubatBrt_20260512_175113.jpg,ok,640,480
C:\Users\hanif\Downloads\capstone-agung\capstone-agung\Data\bubat barat\malam,C:\Users\hanif\Downloads\capstone-agung\capstone-agung\Data\bubat barat\malam\BubatBrt_20260512_175152.jpg,ok,640,480
C:\Users\hanif\Downloads\capstone-agung\capstone-agung\Data\bubat barat\malam,C:\Users\hanif\Downloads\capstone-agung\capstone-agung\Data\bubat barat\malam\BubatBrt_20260512_175231.jpg,ok,640,480
C:\Users\hanif\Downloads\capstone-agung\capstone-agung\Data\bubat barat\malam,C:\Users\hanif\Downloads\capstone-agung\capstone-agung\Data\bubat barat\malam\BubatBrt_20260512_175311.jpg,ok,640,480
C:\Users\hanif\Downloads\capstone-agung\capstone-agung\Data\bubat barat\malam,C:\Users\hanif\Downloads\capstone-agung\capstone-agung\Data\bubat barat\malam\BubatBrt_20260512_175349.jpg,ok,640,480
C:\Users\hanif\Downloads\capstone-agung\capstone-agung\Data\bubat barat\malam,C:\Users\hanif\Downloads\capstone-agung\capstone-agung\Data\bubat barat\malam\BubatBrt_20260512_175428.jpg,ok,640,480
C:\Users\hanif\Downloads\capstone-agung\capstone-agung\Data\bubat barat\malam,C:\Users\hanif\Downloads\capstone-agung\capstone-agung\Data\bubat barat\malam\BubatBrt_20260512_175507.jpg,ok,640,480
C:\Users\hanif\Downloads\capstone-agung\capstone-agung\Data\bubat barat\malam,C:\Users\hanif\Downloads\capstone-agung\capstone-agung\Data\bubat barat\malam\BubatBrt_20260512_175546.jpg,ok,640,480
C:\Users\hanif\Downloads\capstone-agung\capstone-agung\Data\bubat barat\malam,C:\Users\hanif\Downloads\capstone-agung\capstone-agung\Data\bubat barat\malam\BubatBrt_20260512_175625.jpg,ok,640,480
C:\Users\hanif\Downloads\capstone-agung\capstone-agung\Data\bubat barat\malam,C:\Users\hanif\Downloads\capstone-agung\capstone-agung\Data\bubat barat\malam\BubatBrt_20260512_175704.jpg,ok,640,480
C:\Users\hanif\Downloads\capstone-agung\capstone-agung\Data\bubat barat\malam,C:\Users\hanif\Downloads\capstone-agung\capstone-agung\Data\bubat barat\malam\BubatBrt_20260512_175743.jpg,ok,640,480
C:\Users\hanif\Downloads\capstone-agung\capstone-agung\Data\bubat barat\malam,C:\Users\hanif\Downloads\capstone-agung\capstone-agung\Data\bubat barat\malam\BubatBrt_20260512_175823.jpg,ok,640,480
C:\Users\hanif\Downloads\capstone-agung\capstone-agung\Data\bubat barat\malam,C:\Users\hanif\Downloads\capstone-agung\capstone-agung\Data\bubat barat\malam\BubatBrt_20260512_175902.jpg,ok,640,480
C:\Users\hanif\Downloads\capstone-agung\capstone-agung\Data\bubat barat\malam,C:\Users\hanif\Downloads\capstone-agung\capstone-agung\Data\bubat barat\malam\BubatBrt_20260512_175941.jpg,ok,640,480
C:\Users\hanif\Downloads\capstone-agung\capstone-agung\Data\bubat barat\malam,C:\Users\hanif\Downloads\capstone-agung\capstone-agung\Data\bubat barat\malam\BubatBrt_20260512_180020.jpg,ok,640,480
C:\Users\hanif\Downloads\capstone-agung\capstone-agung\Data\bubat barat\malam,C:\Users\hanif\Downloads\capstone-agung\capstone-agung\Data\bubat barat\malam\BubatBrt_20260512_180059.jpg,ok,640,480
C:\Users\hanif\Downloads\capstone-agung\capstone-agung\Data\bubat barat\malam,C:\Users\hanif\Downloads\capstone-agung\capstone-agung\Data\bubat barat\malam\BubatBrt_20260512_180138.jpg,ok,640,480
C:\Users\hanif\Downloads\capstone-agung\capstone-agung\Data\bubat barat\malam,C:\Users\hanif\Downloads\capstone-agung\capstone-agung\Data\bubat barat\malam\BubatBrt_20260512_180159.jpg,ok,640,480
C:\Users\hanif\Downloads\capstone-agung\capstone-agung\Data\bubat barat\malam,C:\Users\hanif\Downloads\capstone-agung\capstone-agung\Data\bubat barat\malam\BubatBrt_20260512_180237.jpg,ok,640,480
C:\Users\hanif\Downloads\capstone-agung\capstone-agung\Data\bubat barat\malam,C:\Users\hanif\Downloads\capstone-agung\capstone-agung\Data\bubat barat\malam\BubatBrt_20260512_180317.jpg,ok,640,480
C:\Users\hanif\Downloads\capstone-agung\capstone-agung\Data\bubat barat\malam,C:\Users\hanif\Downloads\capstone-agung\capstone-agung\Data\bubat barat\malam\BubatBrt_20260512_180355.jpg,ok,640,480
C:\Users\hanif\Downloads\capstone-agung\capstone-agung\Data\bubat barat\malam,C:\Users\hanif\Downloads\capstone-agung\capstone-agung\Data\bubat barat\malam\BubatBrt_20260512_180434.jpg,ok,640,480
C:\Users\hanif\Downloads\capstone-agung\capstone-agung\Data\bubat barat\malam,C:\Users\hanif\Downloads\capstone-agung\capstone-agung\Data\bubat barat\malam\BubatBrt_20260512_180514.jpg,ok,640,480
C:\Users\hanif\Downloads\capstone-agung\capstone-agung\Data\bubat barat\malam,C:\Users\hanif\Downloads\capstone-agung\capstone-agung\Data\bubat barat\malam\BubatBrt_20260512_180553.jpg,ok,640,480
C:\Users\hanif\Downloads\capstone-agung\capstone-agung\Data\bubat barat\malam,C:\Users\hanif\Downloads\capstone-agung\capstone-agung\Data\bubat barat\malam\BubatBrt_20260512_180632.jpg,ok,640,480
C:\Users\hanif\Downloads\capstone-agung\capstone-agung\Data\bubat barat\malam,C:\Users\hanif\Downloads\capstone-agung\capstone-agung\Data\bubat barat\malam\BubatBrt_20260512_180710.jpg,ok,640,480
C:\Users\hanif\Downloads\capstone-agung\capstone-agung\Data\bubat barat\malam,C:\Users\hanif\Downloads\capstone-agung\capstone-agung\Data\bubat barat\malam\BubatBrt_20260512_180749.jpg,ok,640,480
C:\Users\hanif\Downloads\capstone-agung\capstone-agung\Data\bubat barat\malam,C:\Users\hanif\Downloads\capstone-agung\capstone-agung\Data\bubat barat\malam\BubatBrt_20260512_180828.jpg,ok,640,480
C:\Users\hanif\Downloads\capstone-agung\capstone-agung\Data\bubat barat\malam,C:\Users\hanif\Downloads\capstone-agung\capstone-agung\Data\bubat barat\malam\BubatBrt_20260512_180908.jpg,ok,640,480
C:\Users\hanif\Downloads\capstone-agung\capstone-agung\Data\bubat barat\malam,C:\Users\hanif\Downloads\capstone-agung\capstone-agung\Data\bubat barat\malam\BubatBrt_20260512_181006.jpg,ok,640,480
C:\Users\hanif\Downloads\capstone-agung\capstone-agung\Data\bubat barat\malam,C:\Users\hanif\Downloads\capstone-agung\capstone-agung\Data\bubat barat\malam\BubatBrt_20260512_181045.jpg,ok,640,480
C:\Users\hanif\Downloads\capstone-agung\capstone-agung\Data\bubat barat\malam,C:\Users\hanif\Downloads\capstone-agung\capstone-agung\Data\bubat barat\malam\BubatBrt_20260512_181124.jpg,ok,640,480
C:\Users\hanif\Downloads\capstone-agung\capstone-agung\Data\bubat barat\malam,C:\Users\hanif\Downloads\capstone-agung\capstone-agung\Data\bubat barat\malam\BubatBrt_20260512_181318.jpg,ok,640,480
C:\Users\hanif\Downloads\capstone-agung\capstone-agung\Data\bubat barat\malam,C:\Users\hanif\Downloads\capstone-agung\capstone-agung\Data\bubat barat\malam\BubatBrt_20260512_181357.jpg,ok,640,480
C:\Users\hanif\Downloads\capstone-agung\capstone-agung\Data\bubat barat\malam,C:\Users\hanif\Downloads\capstone-agung\capstone-agung\Data\bubat barat\malam\BubatBrt_20260512_181436.jpg,ok,640,480
C:\Users\hanif\Downloads\capstone-agung\capstone-agung\Data\bubat barat\malam,C:\Users\hanif\Downloads\capstone-agung\capstone-agung\Data\bubat barat\malam\BubatBrt_20260512_181515.jpg,ok,640,480
C:\Users\hanif\Downloads\capstone-agung\capstone-agung\Data\bubat barat\malam,C:\Users\hanif\Downloads\capstone-agung\capstone-agung\Data\bubat barat\malam\BubatBrt_20260512_181554.jpg,ok,640,480
C:\Users\hanif\Downloads\capstone-agung\capstone-agung\Data\bubat barat\malam,C:\Users\hanif\Downloads\capstone-agung\capstone-agung\Data\bubat barat\malam\BubatBrt_20260512_181634.jpg,ok,640,480
C:\Users\hanif\Downloads\capstone-agung\capstone-agung\Data\bubat barat\malam,C:\Users\hanif\Downloads\capstone-agung\capstone-agung\Data\bubat barat\malam\BubatBrt_20260512_181712.jpg,ok,640,480
C:\Users\hanif\Downloads\capstone-agung\capstone-agung\Data\bubat barat\malam,C:\Users\hanif\Downloads\capstone-agung\capstone-agung\Data\bubat barat\malam\BubatBrt_20260512_181751.jpg,ok,640,480
C:\Users\hanif\Downloads\capstone-agung\capstone-agung\Data\bubat barat\malam,C:\Users\hanif\Downloads\capstone-agung\capstone-agung\Data\bubat barat\malam\BubatBrt_20260512_181830.jpg,ok,640,480
C:\Users\hanif\Downloads\capstone-agung\capstone-agung\Data\bubat barat\malam,C:\Users\hanif\Downloads\capstone-agung\capstone-agung\Data\bubat barat\malam\BubatBrt_20260512_181909.jpg,ok,640,480
C:\Users\hanif\Downloads\capstone-agung\capstone-agung\Data\bubat barat\malam,C:\Users\hanif\Downloads\capstone-agung\capstone-agung\Data\bubat barat\malam\BubatBrt_20260512_181948.jpg,ok,640,480
C:\Users\hanif\Downloads\capstone-agung\capstone-agung\Data\bubat barat\malam,C:\Users\hanif\Downloads\capstone-agung\capstone-agung\Data\bubat barat\malam\BubatBrt_20260512_182027.jpg,ok,640,480
C:\Users\hanif\Downloads\capstone-agung\capstone-agung\Data\bubat barat\malam,C:\Users\hanif\Downloads\capstone-agung\capstone-agung\Data\bubat barat\malam\BubatBrt_20260512_182106.jpg,ok,640,480
C:\Users\hanif\Downloads\capstone-agung\capstone-agung\Data\bubat barat\malam,C:\Users\hanif\Downloads\capstone-agung\capstone-agung\Data\bubat barat\malam\BubatBrt_20260512_182145.jpg,ok,640,480
C:\Users\hanif\Downloads\capstone-agung\capstone-agung\Data\bubat barat\malam,C:\Users\hanif\Downloads\capstone-agung\capstone-agung\Data\bubat barat\malam\BubatBrt_20260512_182225.jpg,ok,640,480
C:\Users\hanif\Downloads\capstone-agung\capstone-agung\Data\bubat barat\malam,C:\Users\hanif\Downloads\capstone-agung\capstone-agung\Data\bubat barat\malam\BubatBrt_20260512_182304.jpg,ok,640,480
C:\Users\hanif\Downloads\capstone-agung\capstone-agung\Data\bubat barat\malam,C:\Users\hanif\Downloads\capstone-agung\capstone-agung\Data\bubat barat\malam\BubatBrt_20260512_182343.jpg,ok,640,480
C:\Users\hanif\Downloads\capstone-agung\capstone-agung\Data\bubat barat\malam,C:\Users\hanif\Downloads\capstone-agung\capstone-agung\Data\bubat barat\malam\BubatBrt_20260512_182422.jpg,ok,640,480
C:\Users\hanif\Downloads\capstone-agung\capstone-agung\Data\bubat barat\malam,C:\Users\hanif\Downloads\capstone-agung\capstone-agung\Data\bubat barat\malam\BubatBrt_20260512_182501.jpg,ok,640,480
C:\Users\hanif\Downloads\capstone-agung\capstone-agung\Data\bubat barat\malam,C:\Users\hanif\Downloads\capstone-agung\capstone-agung\Data\bubat barat\malam\BubatBrt_20260512_182540.jpg,ok,640,480
C:\Users\hanif\Downloads\capstone-agung\capstone-agung\Data\bubat barat\malam,C:\Users\hanif\Downloads\capstone-agung\capstone-agung\Data\bubat barat\malam\BubatBrt_20260512_182619.jpg,ok,640,480
C:\Users\hanif\Downloads\capstone-agung\capstone-agung\Data\bubat barat\malam,C:\Users\hanif\Downloads\capstone-agung\capstone-agung\Data\bubat barat\malam\BubatBrt_20260512_182658.jpg,ok,640,480
C:\Users\hanif\Downloads\capstone-agung\capstone-agung\Data\bubat barat\malam,C:\Users\hanif\Downloads\capstone-agung\capstone-agung\Data\bubat barat\malam\BubatBrt_20260512_182737.jpg,ok,640,480
C:\Users\hanif\Downloads\capstone-agung\capstone-agung\Data\bubat barat\malam,C:\Users\hanif\Downloads\capstone-agung\capstone-agung\Data\bubat barat\malam\BubatBrt_20260512_182816.jpg,ok,640,480
C:\Users\hanif\Downloads\capstone-agung\capstone-agung\Data\bubat barat\malam,C:\Users\hanif\Downloads\capstone-agung\capstone-agung\Data\bubat barat\malam\BubatBrt_20260512_182855.jpg,ok,640,480
C:\Users\hanif\Downloads\capstone-agung\capstone-agung\Data\bubat barat\malam,C:\Users\hanif\Downloads\capstone-agung\capstone-agung\Data\bubat barat\malam\BubatBrt_20260512_182934.jpg,ok,640,480
C:\Users\hanif\Downloads\capstone-agung\capstone-agung\Data\bubat barat\malam,C:\Users\hanif\Downloads\capstone-agung\capstone-agung\Data\bubat barat\malam\BubatBrt_20260512_183013.jpg,ok,640,480
C:\Users\hanif\Downloads\capstone-agung\capstone-agung\Data\bubat barat\malam,C:\Users\hanif\Downloads\capstone-agung\capstone-agung\Data\bubat barat\malam\BubatBrt_20260512_183052.jpg,ok,640,480
C:\Users\hanif\Downloads\capstone-agung\capstone-agung\Data\bubat barat\malam,C:\Users\hanif\Downloads\capstone-agung\capstone-agung\Data\bubat barat\malam\BubatBrt_20260512_183131.jpg,ok,640,480
C:\Users\hanif\Downloads\capstone-agung\capstone-agung\Data\bubat barat\malam,C:\Users\hanif\Downloads\capstone-agung\capstone-agung\Data\bubat barat\malam\BubatBrt_20260512_183210.jpg,ok,640,480
C:\Users\hanif\Downloads\capstone-agung\capstone-agung\Data\bubat barat\malam,C:\Users\hanif\Downloads\capstone-agung\capstone-agung\Data\bubat barat\malam\BubatBrt_20260512_183249.jpg,ok,640,480
C:\Users\hanif\Downloads\capstone-agung\capstone-agung\Data\bubat barat\malam,C:\Users\hanif\Downloads\capstone-agung\capstone-agung\Data\bubat barat\malam\BubatBrt_20260512_183328.jpg,ok,640,480
C:\Users\hanif\Downloads\capstone-agung\capstone-agung\Data\bubat barat\malam,C:\Users\hanif\Downloads\capstone-agung\capstone-agung\Data\bubat barat\malam\BubatBrt_20260512_183407.jpg,ok,640,480
C:\Users\hanif\Downloads\capstone-agung\capstone-agung\Data\bubat barat\malam,C:\Users\hanif\Downloads\capstone-agung\capstone-agung\Data\bubat barat\malam\BubatBrt_20260512_183446.jpg,ok,640,480
C:\Users\hanif\Downloads\capstone-agung\capstone-agung\Data\bubat barat\malam,C:\Users\hanif\Downloads\capstone-agung\capstone-agung\Data\bubat barat\malam\BubatBrt_20260512_183526.jpg,ok,640,480
C:\Users\hanif\Downloads\capstone-agung\capstone-agung\Data\bubat barat\malam,C:\Users\hanif\Downloads\capstone-agung\capstone-agung\Data\bubat barat\malam\BubatBrt_20260512_183605.jpg,ok,640,480
C:\Users\hanif\Downloads\capstone-agung\capstone-agung\Data\bubat barat\malam,C:\Users\hanif\Downloads\capstone-agung\capstone-agung\Data\bubat barat\malam\BubatBrt_20260512_183644.jpg,ok,640,480
C:\Users\hanif\Downloads\capstone-agung\capstone-agung\Data\bubat barat\malam,C:\Users\hanif\Downloads\capstone-agung\capstone-agung\Data\bubat barat\malam\BubatBrt_20260512_183723.jpg,ok,640,480
C:\Users\hanif\Downloads\capstone-agung\capstone-agung\Data\bubat barat\malam,C:\Users\hanif\Downloads\capstone-agung\capstone-agung\Data\bubat barat\malam\BubatBrt_20260512_183802.jpg,ok,640,480
C:\Users\hanif\Downloads\capstone-agung\capstone-agung\Data\bubat barat\malam,C:\Users\hanif\Downloads\capstone-agung\capstone-agung\Data\bubat barat\malam\BubatBrt_20260512_183842.jpg,ok,640,480
C:\Users\hanif\Downloads\capstone-agung\capstone-agung\Data\bubat barat\malam,C:\Users\hanif\Downloads\capstone-agung\capstone-agung\Data\bubat barat\malam\BubatBrt_20260512_183921.jpg,ok,640,480
C:\Users\hanif\Downloads\capstone-agung\capstone-agung\Data\bubat barat\malam,C:\Users\hanif\Downloads\capstone-agung\capstone-agung\Data\bubat barat\malam\BubatBrt_20260512_184000.jpg,ok,640,480
C:\Users\hanif\Downloads\capstone-agung\capstone-agung\Data\bubat barat\malam,C:\Users\hanif\Downloads\capstone-agung\capstone-agung\Data\bubat barat\malam\BubatBrt_20260512_184039.jpg,ok,640,480
C:\Users\hanif\Downloads\capstone-agung\capstone-agung\Data\bubat barat\malam,C:\Users\hanif\Downloads\capstone-agung\capstone-agung\Data\bubat barat\malam\BubatBrt_20260512_184119.jpg,ok,640,480
C:\Users\hanif\Downloads\capstone-agung\capstone-agung\Data\bubat barat\malam,C:\Users\hanif\Downloads\capstone-agung\capstone-agung\Data\bubat barat\malam\BubatBrt_20260512_184157.jpg,ok,640,480
C:\Users\hanif\Downloads\capstone-agung\capstone-agung\Data\bubat barat\malam,C:\Users\hanif\Downloads\capstone-agung\capstone-agung\Data\bubat barat\malam\BubatBrt_20260512_184236.jpg,ok,640,480
C:\Users\hanif\Downloads\capstone-agung\capstone-agung\Data\bubat barat\malam,C:\Users\hanif\Downloads\capstone-agung\capstone-agung\Data\bubat barat\malam\BubatBrt_20260512_184315.jpg,ok,640,480
C:\Users\hanif\Downloads\capstone-agung\capstone-agung\Data\bubat barat\malam,C:\Users\hanif\Downloads\capstone-agung\capstone-agung\Data\bubat barat\malam\BubatBrt_20260512_184354.jpg,ok,640,480
C:\Users\hanif\Downloads\capstone-agung\capstone-agung\Data\bubat barat\malam,C:\Users\hanif\Downloads\capstone-agung\capstone-agung\Data\bubat barat\malam\BubatBrt_20260512_184433.jpg,ok,640,480
C:\Users\hanif\Downloads\capstone-agung\capstone-agung\Data\bubat barat\malam,C:\Users\hanif\Downloads\capstone-agung\capstone-agung\Data\bubat barat\malam\BubatBrt_20260512_184512.jpg,ok,640,480
C:\Users\hanif\Downloads\capstone-agung\capstone-agung\Data\bubat barat\malam,C:\Users\hanif\Downloads\capstone-agung\capstone-agung\Data\bubat barat\malam\BubatBrt_20260512_184551.jpg,ok,640,480
C:\Users\hanif\Downloads\capstone-agung\capstone-agung\Data\bubat barat\malam,C:\Users\hanif\Downloads\capstone-agung\capstone-agung\Data\bubat barat\malam\BubatBrt_20260512_184630.jpg,ok,640,480
C:\Users\hanif\Downloads\capstone-agung\capstone-agung\Data\bubat barat\malam,C:\Users\hanif\Downloads\capstone-agung\capstone-agung\Data\bubat barat\malam\BubatBrt_20260512_184709.jpg,ok,640,480
C:\Users\hanif\Downloads\capstone-agung\capstone-agung\Data\bubat barat\malam,C:\Users\hanif\Downloads\capstone-agung\capstone-agung\Data\bubat barat\malam\BubatBrt_20260512_184749.jpg,ok,640,480
C:\Users\hanif\Downloads\capstone-agung\capstone-agung\Data\bubat barat\malam,C:\Users\hanif\Downloads\capstone-agung\capstone-agung\Data\bubat barat\malam\BubatBrt_20260512_184828.jpg,ok,640,480
C:\Users\hanif\Downloads\capstone-agung\capstone-agung\Data\bubat barat\malam,C:\Users\hanif\Downloads\capstone-agung\capstone-agung\Data\bubat barat\malam\BubatBrt_20260512_184907.jpg,ok,640,480
C:\Users\hanif\Downloads\capstone-agung\capstone-agung\Data\bubat barat\malam,C:\Users\hanif\Downloads\capstone-agung\capstone-agung\Data\bubat barat\malam\BubatBrt_20260512_184946.jpg,ok,640,480
C:\Users\hanif\Downloads\capstone-agung\capstone-agung\Data\bubat barat\malam,C:\Users\hanif\Downloads\capstone-agung\capstone-agung\Data\bubat barat\malam\BubatBrt_20260512_185025.jpg,ok,640,480
C:\Users\hanif\Downloads\capstone-agung\capstone-agung\Data\bubat barat\malam,C:\Users\hanif\Downloads\capstone-agung\capstone-agung\Data\bubat barat\malam\BubatBrt_20260512_185104.jpg,ok,640,480
C:\Users\hanif\Downloads\capstone-agung\capstone-agung\Data\bubat barat\malam,C:\Users\hanif\Downloads\capstone-agung\capstone-agung\Data\bubat barat\malam\BubatBrt_20260512_185143.jpg,ok,640,480
C:\Users\hanif\Downloads\capstone-agung\capstone-agung\Data\bubat barat\malam,C:\Users\hanif\Downloads\capstone-agung\capstone-agung\Data\bubat barat\malam\BubatBrt_20260512_185222.jpg,ok,640,480
C:\Users\hanif\Downloads\capstone-agung\capstone-agung\Data\bubat barat\malam,C:\Users\hanif\Downloads\capstone-agung\capstone-agung\Data\bubat barat\malam\BubatBrt_20260512_185301.jpg,ok,640,480
C:\Users\hanif\Downloads\capstone-agung\capstone-agung\Data\bubat barat\malam,C:\Users\hanif\Downloads\capstone-agung\capstone-agung\Data\bubat barat\malam\BubatBrt_20260512_185340.jpg,ok,640,480
C:\Users\hanif\Downloads\capstone-agung\capstone-agung\Data\bubat barat\malam,C:\Users\hanif\Downloads\capstone-agung\capstone-agung\Data\bubat barat\malam\BubatBrt_20260512_185419.jpg,ok,640,480
C:\Users\hanif\Downloads\capstone-agung\capstone-agung\Data\bubat barat\malam,C:\Users\hanif\Downloads\capstone-agung\capstone-agung\Data\bubat barat\malam\BubatBrt_20260512_185458.jpg,ok,640,480
C:\Users\hanif\Downloads\capstone-agung\capstone-agung\Data\bubat barat\malam,C:\Users\hanif\Downloads\capstone-agung\capstone-agung\Data\bubat barat\malam\BubatBrt_20260512_185537.jpg,ok,640,480
C:\Users\hanif\Downloads\capstone-agung\capstone-agung\Data\bubat barat\malam,C:\Users\hanif\Downloads\capstone-agung\capstone-agung\Data\bubat barat\malam\BubatBrt_20260512_185616.jpg,ok,640,480
C:\Users\hanif\Downloads\capstone-agung\capstone-agung\Data\bubat barat\malam,C:\Users\hanif\Downloads\capstone-agung\capstone-agung\Data\bubat barat\malam\BubatBrt_20260512_185656.jpg,ok,640,480
C:\Users\hanif\Downloads\capstone-agung\capstone-agung\Data\bubat barat\malam,C:\Users\hanif\Downloads\capstone-agung\capstone-agung\Data\bubat barat\malam\BubatBrt_20260512_185735.jpg,ok,640,480
C:\Users\hanif\Downloads\capstone-agung\capstone-agung\Data\bubat barat\malam,C:\Users\hanif\Downloads\capstone-agung\capstone-agung\Data\bubat barat\malam\BubatBrt_20260512_185813.jpg,ok,640,480
C:\Users\hanif\Downloads\capstone-agung\capstone-agung\Data\bubat barat\malam,C:\Users\hanif\Downloads\capstone-agung\capstone-agung\Data\bubat barat\malam\BubatBrt_20260512_185853.jpg,ok,640,480
C:\Users\hanif\Downloads\capstone-agung\capstone-agung\Data\bubat barat\malam,C:\Users\hanif\Downloads\capstone-agung\capstone-agung\Data\bubat barat\malam\BubatBrt_20260512_185932.jpg,ok,640,480
C:\Users\hanif\Downloads\capstone-agung\capstone-agung\Data\bubat barat\malam,C:\Users\hanif\Downloads\capstone-agung\capstone-agung\Data\bubat barat\malam\BubatBrt_20260512_190011.jpg,ok,640,480
C:\Users\hanif\Downloads\capstone-agung\capstone-agung\Data\bubat barat\malam,C:\Users\hanif\Downloads\capstone-agung\capstone-agung\Data\bubat barat\malam\BubatBrt_20260512_190050.jpg,ok,640,480
C:\Users\hanif\Downloads\capstone-agung\capstone-agung\Data\bubat barat\malam,C:\Users\hanif\Downloads\capstone-agung\capstone-agung\Data\bubat barat\malam\BubatBrt_20260512_190129.jpg,ok,640,480
C:\Users\hanif\Downloads\capstone-agung\capstone-agung\Data\bubat barat\malam,C:\Users\hanif\Downloads\capstone-agung\capstone-agung\Data\bubat barat\malam\BubatBrt_20260512_190208.jpg,ok,640,480
C:\Users\hanif\Downloads\capstone-agung\capstone-agung\Data\bubat barat\malam,C:\Users\hanif\Downloads\capstone-agung\capstone-agung\Data\bubat barat\malam\BubatBrt_20260512_190248.jpg,ok,640,480
C:\Users\hanif\Downloads\capstone-agung\capstone-agung\Data\bubat barat\malam,C:\Users\hanif\Downloads\capstone-agung\capstone-agung\Data\bubat barat\malam\BubatBrt_20260512_190327.jpg,ok,640,480
C:\Users\hanif\Downloads\capstone-agung\capstone-agung\Data\bubat barat\malam,C:\Users\hanif\Downloads\capstone-agung\capstone-agung\Data\bubat barat\malam\BubatBrt_20260512_190406.jpg,ok,640,480
C:\Users\hanif\Downloads\capstone-agung\capstone-agung\Data\bubat barat\malam,C:\Users\hanif\Downloads\capstone-agung\capstone-agung\Data\bubat barat\malam\BubatBrt_20260512_190445.jpg,ok,640,480
C:\Users\hanif\Downloads\capstone-agung\capstone-agung\Data\bubat barat\malam,C:\Users\hanif\Downloads\capstone-agung\capstone-agung\Data\bubat barat\malam\BubatBrt_20260512_190524.jpg,ok,640,480
C:\Users\hanif\Downloads\capstone-agung\capstone-agung\Data\bubat barat\malam,C:\Users\hanif\Downloads\capstone-agung\capstone-agung\Data\bubat barat\malam\BubatBrt_20260512_190603.jpg,ok,640,480
C:\Users\hanif\Downloads\capstone-agung\capstone-agung\Data\bubat barat\malam,C:\Users\hanif\Downloads\capstone-agung\capstone-agung\Data\bubat barat\malam\BubatBrt_20260512_190643.jpg,ok,640,480
C:\Users\hanif\Downloads\capstone-agung\capstone-agung\Data\bubat barat\malam,C:\Users\hanif\Downloads\capstone-agung\capstone-agung\Data\bubat barat\malam\BubatBrt_20260512_190722.jpg,ok,640,480
C:\Users\hanif\Downloads\capstone-agung\capstone-agung\Data\bubat barat\malam,C:\Users\hanif\Downloads\capstone-agung\capstone-agung\Data\bubat barat\malam\BubatBrt_20260512_190801.jpg,ok,640,480
C:\Users\hanif\Downloads\capstone-agung\capstone-agung\Data\bubat barat\malam,C:\Users\hanif\Downloads\capstone-agung\capstone-agung\Data\bubat barat\malam\BubatBrt_20260512_190840.jpg,ok,640,480
C:\Users\hanif\Downloads\capstone-agung\capstone-agung\Data\bubat barat\malam,C:\Users\hanif\Downloads\capstone-agung\capstone-agung\Data\bubat barat\malam\BubatBrt_20260512_190920.jpg,ok,640,480
C:\Users\hanif\Downloads\capstone-agung\capstone-agung\Data\bubat barat\malam,C:\Users\hanif\Downloads\capstone-agung\capstone-agung\Data\bubat barat\malam\BubatBrt_20260512_190959.jpg,ok,640,480
C:\Users\hanif\Downloads\capstone-agung\capstone-agung\Data\bubat barat\malam,C:\Users\hanif\Downloads\capstone-agung\capstone-agung\Data\bubat barat\malam\BubatBrt_20260512_191038.jpg,ok,640,480
C:\Users\hanif\Downloads\capstone-agung\capstone-agung\Data\bubat barat\malam,C:\Users\hanif\Downloads\capstone-agung\capstone-agung\Data\bubat barat\malam\BubatBrt_20260512_191116.jpg,ok,640,480
C:\Users\hanif\Downloads\capstone-agung\capstone-agung\Data\bubat barat\malam,C:\Users\hanif\Downloads\capstone-agung\capstone-agung\Data\bubat barat\malam\BubatBrt_20260512_191155.jpg,ok,640,480
C:\Users\hanif\Downloads\capstone-agung\capstone-agung\Data\bubat barat\malam,C:\Users\hanif\Downloads\capstone-agung\capstone-agung\Data\bubat barat\malam\BubatBrt_20260512_191234.jpg,ok,640,480
C:\Users\hanif\Downloads\capstone-agung\capstone-agung\Data\bubat barat\malam,C:\Users\hanif\Downloads\capstone-agung\capstone-agung\Data\bubat barat\malam\BubatBrt_20260512_191313.jpg,ok,640,480
C:\Users\hanif\Downloads\capstone-agung\capstone-agung\Data\bubat barat\malam,C:\Users\hanif\Downloads\capstone-agung\capstone-agung\Data\bubat barat\malam\BubatBrt_20260512_191352.jpg,ok,640,480
C:\Users\hanif\Downloads\capstone-agung\capstone-agung\Data\bubat barat\malam,C:\Users\hanif\Downloads\capstone-agung\capstone-agung\Data\bubat barat\malam\BubatBrt_20260512_191431.jpg,ok,640,480
C:\Users\hanif\Downloads\capstone-agung\capstone-agung\Data\bubat barat\malam,C:\Users\hanif\Downloads\capstone-agung\capstone-agung\Data\bubat barat\malam\BubatBrt_20260512_191510.jpg,ok,640,480
C:\Users\hanif\Downloads\capstone-agung\capstone-agung\Data\bubat barat\malam,C:\Users\hanif\Downloads\capstone-agung\capstone-agung\Data\bubat barat\malam\BubatBrt_20260512_191549.jpg,ok,640,480
C:\Users\hanif\Downloads\capstone-agung\capstone-agung\Data\bubat barat\malam,C:\Users\hanif\Downloads\capstone-agung\capstone-agung\Data\bubat barat\malam\BubatBrt_20260512_191628.jpg,ok,640,480
C:\Users\hanif\Downloads\capstone-agung\capstone-agung\Data\bubat barat\malam,C:\Users\hanif\Downloads\capstone-agung\capstone-agung\Data\bubat barat\malam\BubatBrt_20260512_191707.jpg,ok,640,480
C:\Users\hanif\Downloads\capstone-agung\capstone-agung\Data\bubat barat\malam,C:\Users\hanif\Downloads\capstone-agung\capstone-agung\Data\bubat barat\malam\BubatBrt_20260512_191746.jpg,ok,640,480
C:\Users\hanif\Downloads\capstone-agung\capstone-agung\Data\bubat barat\malam,C:\Users\hanif\Downloads\capstone-agung\capstone-agung\Data\bubat barat\malam\BubatBrt_20260512_191826.jpg,ok,640,480
C:\Users\hanif\Downloads\capstone-agung\capstone-agung\Data\bubat barat\malam,C:\Users\hanif\Downloads\capstone-agung\capstone-agung\Data\bubat barat\malam\BubatBrt_20260512_191904.jpg,ok,640,480
C:\Users\hanif\Downloads\capstone-agung\capstone-agung\Data\bubat barat\malam,C:\Users\hanif\Downloads\capstone-agung\capstone-agung\Data\bubat barat\malam\BubatBrt_20260512_191944.jpg,ok,640,480
C:\Users\hanif\Downloads\capstone-agung\capstone-agung\Data\bubat barat\malam,C:\Users\hanif\Downloads\capstone-agung\capstone-agung\Data\bubat barat\malam\BubatBrt_20260512_192022.jpg,ok,640,480
C:\Users\hanif\Downloads\capstone-agung\capstone-agung\Data\bubat barat\malam,C:\Users\hanif\Downloads\capstone-agung\capstone-agung\Data\bubat barat\malam\BubatBrt_20260512_192102.jpg,ok,640,480
C:\Users\hanif\Downloads\capstone-agung\capstone-agung\Data\bubat barat\malam,C:\Users\hanif\Downloads\capstone-agung\capstone-agung\Data\bubat barat\malam\BubatBrt_20260512_192141.jpg,ok,640,480
C:\Users\hanif\Downloads\capstone-agung\capstone-agung\Data\bubat barat\malam,C:\Users\hanif\Downloads\capstone-agung\capstone-agung\Data\bubat barat\malam\BubatBrt_20260512_192220.jpg,ok,640,480
C:\Users\hanif\Downloads\capstone-agung\capstone-agung\Data\bubat barat\malam,C:\Users\hanif\Downloads\capstone-agung\capstone-agung\Data\bubat barat\malam\BubatBrt_20260512_192259.jpg,ok,640,480
C:\Users\hanif\Downloads\capstone-agung\capstone-agung\Data\bubat barat\malam,C:\Users\hanif\Downloads\capstone-agung\capstone-agung\Data\bubat barat\malam\BubatBrt_20260512_192338.jpg,ok,640,480
C:\Users\hanif\Downloads\capstone-agung\capstone-agung\Data\bubat barat\malam,C:\Users\hanif\Downloads\capstone-agung\capstone-agung\Data\bubat barat\malam\BubatBrt_20260512_192418.jpg,ok,640,480
C:\Users\hanif\Downloads\capstone-agung\capstone-agung\Data\bubat barat\malam,C:\Users\hanif\Downloads\capstone-agung\capstone-agung\Data\bubat barat\malam\BubatBrt_20260512_192457.jpg,ok,640,480
C:\Users\hanif\Downloads\capstone-agung\capstone-agung\Data\bubat barat\malam,C:\Users\hanif\Downloads\capstone-agung\capstone-agung\Data\bubat barat\malam\BubatBrt_20260512_192536.jpg,ok,640,480
C:\Users\hanif\Downloads\capstone-agung\capstone-agung\Data\bubat barat\malam,C:\Users\hanif\Downloads\capstone-agung\capstone-agung\Data\bubat barat\malam\BubatBrt_20260512_192615.jpg,ok,640,480
C:\Users\hanif\Downloads\capstone-agung\capstone-agung\Data\bubat barat\malam,C:\Users\hanif\Downloads\capstone-agung\capstone-agung\Data\bubat barat\malam\BubatBrt_20260512_192655.jpg,ok,640,480
C:\Users\hanif\Downloads\capstone-agung\capstone-agung\Data\bubat barat\malam,C:\Users\hanif\Downloads\capstone-agung\capstone-agung\Data\bubat barat\malam\BubatBrt_20260512_192734.jpg,ok,640,480
C:\Users\hanif\Downloads\capstone-agung\capstone-agung\Data\bubat barat\malam,C:\Users\hanif\Downloads\capstone-agung\capstone-agung\Data\bubat barat\malam\BubatBrt_20260512_192813.jpg,ok,640,480
C:\Users\hanif\Downloads\capstone-agung\capstone-agung\Data\bubat barat\malam,C:\Users\hanif\Downloads\capstone-agung\capstone-agung\Data\bubat barat\malam\BubatBrt_20260512_192852.jpg,ok,640,480
C:\Users\hanif\Downloads\capstone-agung\capstone-agung\Data\bubat barat\malam,C:\Users\hanif\Downloads\capstone-agung\capstone-agung\Data\bubat barat\malam\BubatBrt_20260512_192932.jpg,ok,640,480
C:\Users\hanif\Downloads\capstone-agung\capstone-agung\Data\bubat barat\malam,C:\Users\hanif\Downloads\capstone-agung\capstone-agung\Data\bubat barat\malam\BubatBrt_20260512_193011.jpg,ok,640,480
C:\Users\hanif\Downloads\capstone-agung\capstone-agung\Data\bubat barat\malam,C:\Users\hanif\Downloads\capstone-agung\capstone-agung\Data\bubat barat\malam\BubatBrt_20260512_193050.jpg,ok,640,480
C:\Users\hanif\Downloads\capstone-agung\capstone-agung\Data\bubat barat\malam,C:\Users\hanif\Downloads\capstone-agung\capstone-agung\Data\bubat barat\malam\BubatBrt_20260512_193129.jpg,ok,640,480
C:\Users\hanif\Downloads\capstone-agung\capstone-agung\Data\bubat barat\malam,C:\Users\hanif\Downloads\capstone-agung\capstone-agung\Data\bubat barat\malam\BubatBrt_20260512_193208.jpg,ok,640,480
C:\Users\hanif\Downloads\capstone-agung\capstone-agung\Data\bubat barat\malam,C:\Users\hanif\Downloads\capstone-agung\capstone-agung\Data\bubat barat\malam\BubatBrt_20260512_193248.jpg,ok,640,480
C:\Users\hanif\Downloads\capstone-agung\capstone-agung\Data\bubat barat\malam,C:\Users\hanif\Downloads\capstone-agung\capstone-agung\Data\bubat barat\malam\BubatBrt_20260512_193327.jpg,ok,640,480
C:\Users\hanif\Downloads\capstone-agung\capstone-agung\Data\bubat barat\malam,C:\Users\hanif\Downloads\capstone-agung\capstone-agung\Data\bubat barat\malam\BubatBrt_20260512_193406.jpg,ok,640,480
C:\Users\hanif\Downloads\capstone-agung\capstone-agung\Data\bubat barat\malam,C:\Users\hanif\Downloads\capstone-agung\capstone-agung\Data\bubat barat\malam\BubatBrt_20260512_193445.jpg,ok,640,480
C:\Users\hanif\Downloads\capstone-agung\capstone-agung\Data\bubat barat\malam,C:\Users\hanif\Downloads\capstone-agung\capstone-agung\Data\bubat barat\malam\BubatBrt_20260512_193525.jpg,ok,640,480
C:\Users\hanif\Downloads\capstone-agung\capstone-agung\Data\bubat barat\malam,C:\Users\hanif\Downloads\capstone-agung\capstone-agung\Data\bubat barat\malam\BubatBrt_20260512_193603.jpg,ok,640,480
C:\Users\hanif\Downloads\capstone-agung\capstone-agung\Data\bubat barat\malam,C:\Users\hanif\Downloads\capstone-agung\capstone-agung\Data\bubat barat\malam\BubatBrt_20260512_193643.jpg,ok,640,480
C:\Users\hanif\Downloads\capstone-agung\capstone-agung\Data\bubat barat\malam,C:\Users\hanif\Downloads\capstone-agung\capstone-agung\Data\bubat barat\malam\BubatBrt_20260512_193721.jpg,ok,640,480
C:\Users\hanif\Downloads\capstone-agung\capstone-agung\Data\bubat barat\malam,C:\Users\hanif\Downloads\capstone-agung\capstone-agung\Data\bubat barat\malam\BubatBrt_20260512_193840.jpg,ok,640,480
C:\Users\hanif\Downloads\capstone-agung\capstone-agung\Data\bubat barat\malam,C:\Users\hanif\Downloads\capstone-agung\capstone-agung\Data\bubat barat\malam\BubatBrt_20260512_193919.jpg,ok,640,480
C:\Users\hanif\Downloads\capstone-agung\capstone-agung\Data\bubat barat\malam,C:\Users\hanif\Downloads\capstone-agung\capstone-agung\Data\bubat barat\malam\BubatBrt_20260512_193959.jpg,ok,640,480
C:\Users\hanif\Downloads\capstone-agung\capstone-agung\Data\bubat barat\malam,C:\Users\hanif\Downloads\capstone-agung\capstone-agung\Data\bubat barat\malam\BubatBrt_20260512_194039.jpg,ok,640,480
C:\Users\hanif\Downloads\capstone-agung\capstone-agung\Data\bubat barat\malam,C:\Users\hanif\Downloads\capstone-agung\capstone-agung\Data\bubat barat\malam\BubatBrt_20260512_194118.jpg,ok,640,480
C:\Users\hanif\Downloads\capstone-agung\capstone-agung\Data\bubat barat\malam,C:\Users\hanif\Downloads\capstone-agung\capstone-agung\Data\bubat barat\malam\BubatBrt_20260512_194157.jpg,ok,640,480
C:\Users\hanif\Downloads\capstone-agung\capstone-agung\Data\bubat barat\malam,C:\Users\hanif\Downloads\capstone-agung\capstone-agung\Data\bubat barat\malam\BubatBrt_20260512_194236.jpg,ok,640,480
C:\Users\hanif\Downloads\capstone-agung\capstone-agung\Data\bubat barat\malam,C:\Users\hanif\Downloads\capstone-agung\capstone-agung\Data\bubat barat\malam\BubatBrt_20260512_194315.jpg,ok,640,480
C:\Users\hanif\Downloads\capstone-agung\capstone-agung\Data\bubat barat\malam,C:\Users\hanif\Downloads\capstone-agung\capstone-agung\Data\bubat barat\malam\BubatBrt_20260512_194354.jpg,ok,640,480
C:\Users\hanif\Downloads\capstone-agung\capstone-agung\Data\bubat barat\malam,C:\Users\hanif\Downloads\capstone-agung\capstone-agung\Data\bubat barat\malam\BubatBrt_20260512_194433.jpg,ok,640,480
C:\Users\hanif\Downloads\capstone-agung\capstone-agung\Data\bubat barat\malam,C:\Users\hanif\Downloads\capstone-agung\capstone-agung\Data\bubat barat\malam\BubatBrt_20260512_194512.jpg,ok,640,480
C:\Users\hanif\Downloads\capstone-agung\capstone-agung\Data\bubat barat\malam,C:\Users\hanif\Downloads\capstone-agung\capstone-agung\Data\bubat barat\malam\BubatBrt_20260512_194551.jpg,ok,640,480
C:\Users\hanif\Downloads\capstone-agung\capstone-agung\Data\bubat barat\malam,C:\Users\hanif\Downloads\capstone-agung\capstone-agung\Data\bubat barat\malam\BubatBrt_20260512_194630.jpg,ok,640,480
C:\Users\hanif\Downloads\capstone-agung\capstone-agung\Data\bubat barat\malam,C:\Users\hanif\Downloads\capstone-agung\capstone-agung\Data\bubat barat\malam\BubatBrt_20260512_194709.jpg,ok,640,480
C:\Users\hanif\Downloads\capstone-agung\capstone-agung\Data\bubat barat\malam,C:\Users\hanif\Downloads\capstone-agung\capstone-agung\Data\bubat barat\malam\BubatBrt_20260512_194748.jpg,ok,640,480
C:\Users\hanif\Downloads\capstone-agung\capstone-agung\Data\bubat barat\malam,C:\Users\hanif\Downloads\capstone-agung\capstone-agung\Data\bubat barat\malam\BubatBrt_20260512_194827.jpg,ok,640,480
C:\Users\hanif\Downloads\capstone-agung\capstone-agung\Data\bubat barat\malam,C:\Users\hanif\Downloads\capstone-agung\capstone-agung\Data\bubat barat\malam\BubatBrt_20260512_194847.jpg,ok,640,480
C:\Users\hanif\Downloads\capstone-agung\capstone-agung\Data\bubat barat\malam,C:\Users\hanif\Downloads\capstone-agung\capstone-agung\Data\bubat barat\malam\BubatBrt_20260512_194926.jpg,ok,640,480
C:\Users\hanif\Downloads\capstone-agung\capstone-agung\Data\bubat barat\malam,C:\Users\hanif\Downloads\capstone-agung\capstone-agung\Data\bubat barat\malam\BubatBrt_20260512_195024.jpg,ok,640,480
C:\Users\hanif\Downloads\capstone-agung\capstone-agung\Data\bubat barat\malam,C:\Users\hanif\Downloads\capstone-agung\capstone-agung\Data\bubat barat\malam\BubatBrt_20260512_195103.jpg,ok,640,480
C:\Users\hanif\Downloads\capstone-agung\capstone-agung\Data\bubat barat\malam,C:\Users\hanif\Downloads\capstone-agung\capstone-agung\Data\bubat barat\malam\BubatBrt_20260512_195142.jpg,ok,640,480
C:\Users\hanif\Downloads\capstone-agung\capstone-agung\Data\bubat barat\malam,C:\Users\hanif\Downloads\capstone-agung\capstone-agung\Data\bubat barat\malam\BubatBrt_20260512_195222.jpg,ok,640,480
C:\Users\hanif\Downloads\capstone-agung\capstone-agung\Data\bubat barat\malam,C:\Users\hanif\Downloads\capstone-agung\capstone-agung\Data\bubat barat\malam\BubatBrt_20260512_195301.jpg,ok,640,480
C:\Users\hanif\Downloads\capstone-agung\capstone-agung\Data\bubat barat\malam,C:\Users\hanif\Downloads\capstone-agung\capstone-agung\Data\bubat barat\malam\BubatBrt_20260512_195340.jpg,ok,640,480
C:\Users\hanif\Downloads\capstone-agung\capstone-agung\Data\bubat barat\malam,C:\Users\hanif\Downloads\capstone-agung\capstone-agung\Data\bubat barat\malam\BubatBrt_20260512_195419.jpg,ok,640,480
C:\Users\hanif\Downloads\capstone-agung\capstone-agung\Data\bubat barat\malam,C:\Users\hanif\Downloads\capstone-agung\capstone-agung\Data\bubat barat\malam\BubatBrt_20260512_195458.jpg,ok,640,480
C:\Users\hanif\Downloads\capstone-agung\capstone-agung\Data\bubat barat\malam,C:\Users\hanif\Downloads\capstone-agung\capstone-agung\Data\bubat barat\malam\BubatBrt_20260512_195537.jpg,ok,640,480
C:\Users\hanif\Downloads\capstone-agung\capstone-agung\Data\bubat barat\malam,C:\Users\hanif\Downloads\capstone-agung\capstone-agung\Data\bubat barat\malam\BubatBrt_20260512_195616.jpg,ok,640,480
C:\Users\hanif\Downloads\capstone-agung\capstone-agung\Data\bubat barat\malam,C:\Users\hanif\Downloads\capstone-agung\capstone-agung\Data\bubat barat\malam\BubatBrt_20260512_195655.jpg,ok,640,480
C:\Users\hanif\Downloads\capstone-agung\capstone-agung\Data\bubat barat\malam,C:\Users\hanif\Downloads\capstone-agung\capstone-agung\Data\bubat barat\malam\BubatBrt_20260512_195734.jpg,ok,640,480
C:\Users\hanif\Downloads\capstone-agung\capstone-agung\Data\bubat barat\malam,C:\Users\hanif\Downloads\capstone-agung\capstone-agung\Data\bubat barat\malam\BubatBrt_20260512_195813.jpg,ok,640,480
C:\Users\hanif\Downloads\capstone-agung\capstone-agung\Data\bubat barat\malam,C:\Users\hanif\Downloads\capstone-agung\capstone-agung\Data\bubat barat\malam\BubatBrt_20260512_195852.jpg,ok,640,480
C:\Users\hanif\Downloads\capstone-agung\capstone-agung\Data\bubat barat\malam,C:\Users\hanif\Downloads\capstone-agung\capstone-agung\Data\bubat barat\malam\BubatBrt_20260512_195931.jpg,ok,640,480
C:\Users\hanif\Downloads\capstone-agung\capstone-agung\Data\bubat barat\malam,C:\Users\hanif\Downloads\capstone-agung\capstone-agung\Data\bubat barat\malam\BubatBrt_20260512_200010.jpg,ok,640,480
C:\Users\hanif\Downloads\capstone-agung\capstone-agung\Data\bubat barat\malam,C:\Users\hanif\Downloads\capstone-agung\capstone-agung\Data\bubat barat\malam\BubatBrt_20260512_200049.jpg,ok,640,480
C:\Users\hanif\Downloads\capstone-agung\capstone-agung\Data\bubat barat\malam,C:\Users\hanif\Downloads\capstone-agung\capstone-agung\Data\bubat barat\malam\BubatBrt_20260512_200128.jpg,ok,640,480
C:\Users\hanif\Downloads\capstone-agung\capstone-agung\Data\bubat barat\malam,C:\Users\hanif\Downloads\capstone-agung\capstone-agung\Data\bubat barat\malam\BubatBrt_20260512_200208.jpg,ok,640,480
C:\Users\hanif\Downloads\capstone-agung\capstone-agung\Data\bubat barat\malam,C:\Users\hanif\Downloads\capstone-agung\capstone-agung\Data\bubat barat\malam\BubatBrt_20260512_200247.jpg,ok,640,480
C:\Users\hanif\Downloads\capstone-agung\capstone-agung\Data\bubat barat\malam,C:\Users\hanif\Downloads\capstone-agung\capstone-agung\Data\bubat barat\malam\BubatBrt_20260512_200326.jpg,ok,640,480
C:\Users\hanif\Downloads\capstone-agung\capstone-agung\Data\bubat barat\malam,C:\Users\hanif\Downloads\capstone-agung\capstone-agung\Data\bubat barat\malam\BubatBrt_20260512_200405.jpg,ok,640,480
C:\Users\hanif\Downloads\capstone-agung\capstone-agung\Data\bubat barat\malam,C:\Users\hanif\Downloads\capstone-agung\capstone-agung\Data\bubat barat\malam\BubatBrt_20260512_200444.jpg,ok,640,480
C:\Users\hanif\Downloads\capstone-agung\capstone-agung\Data\bubat barat\malam,C:\Users\hanif\Downloads\capstone-agung\capstone-agung\Data\bubat barat\malam\BubatBrt_20260512_200523.jpg,ok,640,480
C:\Users\hanif\Downloads\capstone-agung\capstone-agung\Data\bubat barat\malam,C:\Users\hanif\Downloads\capstone-agung\capstone-agung\Data\bubat barat\malam\BubatBrt_20260512_200602.jpg,ok,640,480
C:\Users\hanif\Downloads\capstone-agung\capstone-agung\Data\bubat barat\malam,C:\Users\hanif\Downloads\capstone-agung\capstone-agung\Data\bubat barat\malam\BubatBrt_20260512_200641.jpg,ok,640,480
C:\Users\hanif\Downloads\capstone-agung\capstone-agung\Data\bubat barat\malam,C:\Users\hanif\Downloads\capstone-agung\capstone-agung\Data\bubat barat\malam\BubatBrt_20260512_200720.jpg,ok,640,480
C:\Users\hanif\Downloads\capstone-agung\capstone-agung\Data\bubat barat\malam,C:\Users\hanif\Downloads\capstone-agung\capstone-agung\Data\bubat barat\malam\BubatBrt_20260512_200759.jpg,ok,640,480
C:\Users\hanif\Downloads\capstone-agung\capstone-agung\Data\bubat barat\malam,C:\Users\hanif\Downloads\capstone-agung\capstone-agung\Data\bubat barat\malam\BubatBrt_20260512_200838.jpg,ok,640,480
C:\Users\hanif\Downloads\capstone-agung\capstone-agung\Data\bubat barat\malam,C:\Users\hanif\Downloads\capstone-agung\capstone-agung\Data\bubat barat\malam\BubatBrt_20260512_200917.jpg,ok,640,480
C:\Users\hanif\Downloads\capstone-agung\capstone-agung\Data\bubat barat\malam,C:\Users\hanif\Downloads\capstone-agung\capstone-agung\Data\bubat barat\malam\BubatBrt_20260512_200956.jpg,ok,640,480
C:\Users\hanif\Downloads\capstone-agung\capstone-agung\Data\bubat barat\malam,C:\Users\hanif\Downloads\capstone-agung\capstone-agung\Data\bubat barat\malam\BubatBrt_20260512_201036.jpg,ok,640,480
C:\Users\hanif\Downloads\capstone-agung\capstone-agung\Data\bubat barat\malam,C:\Users\hanif\Downloads\capstone-agung\capstone-agung\Data\bubat barat\malam\BubatBrt_20260512_201115.jpg,ok,640,480
C:\Users\hanif\Downloads\capstone-agung\capstone-agung\Data\bubat barat\malam,C:\Users\hanif\Downloads\capstone-agung\capstone-agung\Data\bubat barat\malam\BubatBrt_20260512_201154.jpg,ok,640,480
C:\Users\hanif\Downloads\capstone-agung\capstone-agung\Data\bubat barat\malam,C:\Users\hanif\Downloads\capstone-agung\capstone-agung\Data\bubat barat\malam\BubatBrt_20260512_201233.jpg,ok,640,480
C:\Users\hanif\Downloads\capstone-agung\capstone-agung\Data\bubat barat\malam,C:\Users\hanif\Downloads\capstone-agung\capstone-agung\Data\bubat barat\malam\BubatBrt_20260512_201351.jpg,ok,640,480
C:\Users\hanif\Downloads\capstone-agung\capstone-agung\Data\bubat barat\malam,C:\Users\hanif\Downloads\capstone-agung\capstone-agung\Data\bubat barat\malam\BubatBrt_20260512_201430.jpg,ok,640,480
C:\Users\hanif\Downloads\capstone-agung\capstone-agung\Data\bubat barat\malam,C:\Users\hanif\Downloads\capstone-agung\capstone-agung\Data\bubat barat\malam\BubatBrt_20260512_201510.jpg,ok,640,480
C:\Users\hanif\Downloads\capstone-agung\capstone-agung\Data\bubat barat\malam,C:\Users\hanif\Downloads\capstone-agung\capstone-agung\Data\bubat barat\malam\BubatBrt_20260512_201549.jpg,ok,640,480
C:\Users\hanif\Downloads\capstone-agung\capstone-agung\Data\bubat barat\malam,C:\Users\hanif\Downloads\capstone-agung\capstone-agung\Data\bubat barat\malam\BubatBrt_20260512_201628.jpg,ok,640,480
C:\Users\hanif\Downloads\capstone-agung\capstone-agung\Data\bubat barat\malam,C:\Users\hanif\Downloads\capstone-agung\capstone-agung\Data\bubat barat\malam\BubatBrt_20260512_201707.jpg,ok,640,480
C:\Users\hanif\Downloads\capstone-agung\capstone-agung\Data\bubat barat\malam,C:\Users\hanif\Downloads\capstone-agung\capstone-agung\Data\bubat barat\malam\BubatBrt_20260512_201747.jpg,ok,640,480
C:\Users\hanif\Downloads\capstone-agung\capstone-agung\Data\bubat barat\malam,C:\Users\hanif\Downloads\capstone-agung\capstone-agung\Data\bubat barat\malam\BubatBrt_20260512_201826.jpg,ok,640,480
C:\Users\hanif\Downloads\capstone-agung\capstone-agung\Data\bubat barat\malam,C:\Users\hanif\Downloads\capstone-agung\capstone-agung\Data\bubat barat\malam\BubatBrt_20260512_201905.jpg,ok,640,480
C:\Users\hanif\Downloads\capstone-agung\capstone-agung\Data\bubat barat\malam,C:\Users\hanif\Downloads\capstone-agung\capstone-agung\Data\bubat barat\malam\BubatBrt_20260512_201945.jpg,ok,640,480
C:\Users\hanif\Downloads\capstone-agung\capstone-agung\Data\bubat barat\malam,C:\Users\hanif\Downloads\capstone-agung\capstone-agung\Data\bubat barat\malam\BubatBrt_20260512_202024.jpg,ok,640,480
C:\Users\hanif\Downloads\capstone-agung\capstone-agung\Data\bubat barat\malam,C:\Users\hanif\Downloads\capstone-agung\capstone-agung\Data\bubat barat\malam\BubatBrt_20260512_202102.jpg,ok,640,480
C:\Users\hanif\Downloads\capstone-agung\capstone-agung\Data\bubat barat\malam,C:\Users\hanif\Downloads\capstone-agung\capstone-agung\Data\bubat barat\malam\BubatBrt_20260512_202141.jpg,ok,640,480
C:\Users\hanif\Downloads\capstone-agung\capstone-agung\Data\bubat barat\malam,C:\Users\hanif\Downloads\capstone-agung\capstone-agung\Data\bubat barat\malam\BubatBrt_20260512_202220.jpg,ok,640,480
C:\Users\hanif\Downloads\capstone-agung\capstone-agung\Data\bubat barat\malam,C:\Users\hanif\Downloads\capstone-agung\capstone-agung\Data\bubat barat\malam\BubatBrt_20260512_202259.jpg,ok,640,480
C:\Users\hanif\Downloads\capstone-agung\capstone-agung\Data\bubat barat\malam,C:\Users\hanif\Downloads\capstone-agung\capstone-agung\Data\bubat barat\malam\BubatBrt_20260512_202338.jpg,ok,640,480
C:\Users\hanif\Downloads\capstone-agung\capstone-agung\Data\bubat barat\malam,C:\Users\hanif\Downloads\capstone-agung\capstone-agung\Data\bubat barat\malam\BubatBrt_20260512_202416.jpg,ok,640,480
C:\Users\hanif\Downloads\capstone-agung\capstone-agung\Data\bubat barat\malam,C:\Users\hanif\Downloads\capstone-agung\capstone-agung\Data\bubat barat\malam\BubatBrt_20260512_202455.jpg,ok,640,480
C:\Users\hanif\Downloads\capstone-agung\capstone-agung\Data\bubat barat\malam,C:\Users\hanif\Downloads\capstone-agung\capstone-agung\Data\bubat barat\malam\BubatBrt_20260512_202535.jpg,ok,640,480
C:\Users\hanif\Downloads\capstone-agung\capstone-agung\Data\bubat barat\malam,C:\Users\hanif\Downloads\capstone-agung\capstone-agung\Data\bubat barat\malam\BubatBrt_20260512_202614.jpg,ok,640,480
C:\Users\hanif\Downloads\capstone-agung\capstone-agung\Data\bubat barat\malam,C:\Users\hanif\Downloads\capstone-agung\capstone-agung\Data\bubat barat\malam\BubatBrt_20260512_202653.jpg,ok,640,480
C:\Users\hanif\Downloads\capstone-agung\capstone-agung\Data\bubat barat\malam,C:\Users\hanif\Downloads\capstone-agung\capstone-agung\Data\bubat barat\malam\BubatBrt_20260512_202731.jpg,ok,640,480
C:\Users\hanif\Downloads\capstone-agung\capstone-agung\Data\bubat barat\malam,C:\Users\hanif\Downloads\capstone-agung\capstone-agung\Data\bubat barat\malam\BubatBrt_20260512_202811.jpg,ok,640,480
C:\Users\hanif\Downloads\capstone-agung\capstone-agung\Data\bubat barat\malam,C:\Users\hanif\Downloads\capstone-agung\capstone-agung\Data\bubat barat\malam\BubatBrt_20260512_202850.jpg,ok,640,480
C:\Users\hanif\Downloads\capstone-agung\capstone-agung\Data\bubat barat\malam,C:\Users\hanif\Downloads\capstone-agung\capstone-agung\Data\bubat barat\malam\BubatBrt_20260512_202929.jpg,ok,640,480
C:\Users\hanif\Downloads\capstone-agung\capstone-agung\Data\bubat barat\malam,C:\Users\hanif\Downloads\capstone-agung\capstone-agung\Data\bubat barat\malam\BubatBrt_20260512_203008.jpg,ok,640,480
C:\Users\hanif\Downloads\capstone-agung\capstone-agung\Data\bubat barat\malam,C:\Users\hanif\Downloads\capstone-agung\capstone-agung\Data\bubat barat\malam\BubatBrt_20260512_203047.jpg,ok,640,480
C:\Users\hanif\Downloads\capstone-agung\capstone-agung\Data\bubat barat\malam,C:\Users\hanif\Downloads\capstone-agung\capstone-agung\Data\bubat barat\malam\BubatBrt_20260512_203126.jpg,ok,640,480
C:\Users\hanif\Downloads\capstone-agung\capstone-agung\Data\bubat barat\malam,C:\Users\hanif\Downloads\capstone-agung\capstone-agung\Data\bubat barat\malam\BubatBrt_20260512_203205.jpg,ok,640,480
C:\Users\hanif\Downloads\capstone-agung\capstone-agung\Data\bubat barat\malam,C:\Users\hanif\Downloads\capstone-agung\capstone-agung\Data\bubat barat\malam\BubatBrt_20260512_203244.jpg,ok,640,480
C:\Users\hanif\Downloads\capstone-agung\capstone-agung\Data\bubat barat\malam,C:\Users\hanif\Downloads\capstone-agung\capstone-agung\Data\bubat barat\malam\BubatBrt_20260512_203323.jpg,ok,640,480
C:\Users\hanif\Downloads\capstone-agung\capstone-agung\Data\bubat barat\malam,C:\Users\hanif\Downloads\capstone-agung\capstone-agung\Data\bubat barat\malam\BubatBrt_20260512_203500.jpg,ok,640,480
C:\Users\hanif\Downloads\capstone-agung\capstone-agung\Data\bubat barat\malam,C:\Users\hanif\Downloads\capstone-agung\capstone-agung\Data\bubat barat\malam\BubatBrt_20260512_203539.jpg,ok,640,480
C:\Users\hanif\Downloads\capstone-agung\capstone-agung\Data\bubat barat\malam,C:\Users\hanif\Downloads\capstone-agung\capstone-agung\Data\bubat barat\malam\BubatBrt_20260512_203618.jpg,ok,640,480
C:\Users\hanif\Downloads\capstone-agung\capstone-agung\Data\bubat barat\malam,C:\Users\hanif\Downloads\capstone-agung\capstone-agung\Data\bubat barat\malam\BubatBrt_20260512_203657.jpg,ok,640,480
C:\Users\hanif\Downloads\capstone-agung\capstone-agung\Data\bubat barat\malam,C:\Users\hanif\Downloads\capstone-agung\capstone-agung\Data\bubat barat\malam\BubatBrt_20260512_203736.jpg,ok,640,480
C:\Users\hanif\Downloads\capstone-agung\capstone-agung\Data\bubat barat\malam,C:\Users\hanif\Downloads\capstone-agung\capstone-agung\Data\bubat barat\malam\BubatBrt_20260512_203815.jpg,ok,640,480
C:\Users\hanif\Downloads\capstone-agung\capstone-agung\Data\bubat barat\malam,C:\Users\hanif\Downloads\capstone-agung\capstone-agung\Data\bubat barat\malam\BubatBrt_20260512_203854.jpg,ok,640,480
C:\Users\hanif\Downloads\capstone-agung\capstone-agung\Data\bubat barat\malam,C:\Users\hanif\Downloads\capstone-agung\capstone-agung\Data\bubat barat\malam\BubatBrt_20260512_203933.jpg,ok,640,480
C:\Users\hanif\Downloads\capstone-agung\capstone-agung\Data\bubat barat\malam,C:\Users\hanif\Downloads\capstone-agung\capstone-agung\Data\bubat barat\malam\BubatBrt_20260512_204012.jpg,ok,640,480
C:\Users\hanif\Downloads\capstone-agung\capstone-agung\Data\bubat barat\malam,C:\Users\hanif\Downloads\capstone-agung\capstone-agung\Data\bubat barat\malam\BubatBrt_20260512_204051.jpg,ok,640,480
C:\Users\hanif\Downloads\capstone-agung\capstone-agung\Data\bubat barat\malam,C:\Users\hanif\Downloads\capstone-agung\capstone-agung\Data\bubat barat\malam\BubatBrt_20260512_204130.jpg,ok,640,480
C:\Users\hanif\Downloads\capstone-agung\capstone-agung\Data\bubat barat\malam,C:\Users\hanif\Downloads\capstone-agung\capstone-agung\Data\bubat barat\malam\BubatBrt_20260512_204209.jpg,ok,640,480
C:\Users\hanif\Downloads\capstone-agung\capstone-agung\Data\bubat barat\malam,C:\Users\hanif\Downloads\capstone-agung\capstone-agung\Data\bubat barat\malam\BubatBrt_20260512_204230.jpg,ok,640,480
C:\Users\hanif\Downloads\capstone-agung\capstone-agung\Data\bubat barat\malam,C:\Users\hanif\Downloads\capstone-agung\capstone-agung\Data\bubat barat\malam\BubatBrt_20260512_204309.jpg,ok,640,480
C:\Users\hanif\Downloads\capstone-agung\capstone-agung\Data\bubat barat\malam,C:\Users\hanif\Downloads\capstone-agung\capstone-agung\Data\bubat barat\malam\BubatBrt_20260512_204349.jpg,ok,640,480
C:\Users\hanif\Downloads\capstone-agung\capstone-agung\Data\bubat barat\malam,C:\Users\hanif\Downloads\capstone-agung\capstone-agung\Data\bubat barat\malam\BubatBrt_20260512_204428.jpg,ok,640,480
C:\Users\hanif\Downloads\capstone-agung\capstone-agung\Data\bubat barat\malam,C:\Users\hanif\Downloads\capstone-agung\capstone-agung\Data\bubat barat\malam\BubatBrt_20260512_204507.jpg,ok,640,480
C:\Users\hanif\Downloads\capstone-agung\capstone-agung\Data\bubat barat\malam,C:\Users\hanif\Downloads\capstone-agung\capstone-agung\Data\bubat barat\malam\BubatBrt_20260512_204547.jpg,ok,640,480
C:\Users\hanif\Downloads\capstone-agung\capstone-agung\Data\bubat barat\malam,C:\Users\hanif\Downloads\capstone-agung\capstone-agung\Data\bubat barat\malam\BubatBrt_20260512_204626.jpg,ok,640,480
C:\Users\hanif\Downloads\capstone-agung\capstone-agung\Data\bubat barat\malam,C:\Users\hanif\Downloads\capstone-agung\capstone-agung\Data\bubat barat\malam\BubatBrt_20260512_204705.jpg,ok,640,480
C:\Users\hanif\Downloads\capstone-agung\capstone-agung\Data\bubat barat\malam,C:\Users\hanif\Downloads\capstone-agung\capstone-agung\Data\bubat barat\malam\BubatBrt_20260512_204744.jpg,ok,640,480
C:\Users\hanif\Downloads\capstone-agung\capstone-agung\Data\bubat barat\malam,C:\Users\hanif\Downloads\capstone-agung\capstone-agung\Data\bubat barat\malam\BubatBrt_20260512_204823.jpg,ok,640,480
C:\Users\hanif\Downloads\capstone-agung\capstone-agung\Data\bubat barat\malam,C:\Users\hanif\Downloads\capstone-agung\capstone-agung\Data\bubat barat\malam\BubatBrt_20260512_204902.jpg,ok,640,480
C:\Users\hanif\Downloads\capstone-agung\capstone-agung\Data\bubat barat\malam,C:\Users\hanif\Downloads\capstone-agung\capstone-agung\Data\bubat barat\malam\BubatBrt_20260512_204941.jpg,ok,640,480
C:\Users\hanif\Downloads\capstone-agung\capstone-agung\Data\bubat barat\malam,C:\Users\hanif\Downloads\capstone-agung\capstone-agung\Data\bubat barat\malam\BubatBrt_20260512_205020.jpg,ok,640,480
C:\Users\hanif\Downloads\capstone-agung\capstone-agung\Data\bubat barat\malam,C:\Users\hanif\Downloads\capstone-agung\capstone-agung\Data\bubat barat\malam\BubatBrt_20260512_205059.jpg,ok,640,480
C:\Users\hanif\Downloads\capstone-agung\capstone-agung\Data\bubat barat\malam,C:\Users\hanif\Downloads\capstone-agung\capstone-agung\Data\bubat barat\malam\BubatBrt_20260512_205138.jpg,ok,640,480
C:\Users\hanif\Downloads\capstone-agung\capstone-agung\Data\bubat barat\malam,C:\Users\hanif\Downloads\capstone-agung\capstone-agung\Data\bubat barat\malam\BubatBrt_20260512_205217.jpg,ok,640,480
C:\Users\hanif\Downloads\capstone-agung\capstone-agung\Data\bubat barat\malam,C:\Users\hanif\Downloads\capstone-agung\capstone-agung\Data\bubat barat\malam\BubatBrt_20260512_205257.jpg,ok,640,480
C:\Users\hanif\Downloads\capstone-agung\capstone-agung\Data\bubat barat\malam,C:\Users\hanif\Downloads\capstone-agung\capstone-agung\Data\bubat barat\malam\BubatBrt_20260512_205336.jpg,ok,640,480
C:\Users\hanif\Downloads\capstone-agung\capstone-agung\Data\bubat barat\malam,C:\Users\hanif\Downloads\capstone-agung\capstone-agung\Data\bubat barat\malam\BubatBrt_20260512_205415.jpg,ok,640,480
C:\Users\hanif\Downloads\capstone-agung\capstone-agung\Data\bubat barat\malam,C:\Users\hanif\Downloads\capstone-agung\capstone-agung\Data\bubat barat\malam\BubatBrt_20260512_205455.jpg,ok,640,480
C:\Users\hanif\Downloads\capstone-agung\capstone-agung\Data\bubat barat\malam,C:\Users\hanif\Downloads\capstone-agung\capstone-agung\Data\bubat barat\malam\BubatBrt_20260512_205534.jpg,ok,640,480
C:\Users\hanif\Downloads\capstone-agung\capstone-agung\Data\bubat barat\malam,C:\Users\hanif\Downloads\capstone-agung\capstone-agung\Data\bubat barat\malam\BubatBrt_20260512_205613.jpg,ok,640,480
C:\Users\hanif\Downloads\capstone-agung\capstone-agung\Data\bubat barat\malam,C:\Users\hanif\Downloads\capstone-agung\capstone-agung\Data\bubat barat\malam\BubatBrt_20260512_205652.jpg,ok,640,480
C:\Users\hanif\Downloads\capstone-agung\capstone-agung\Data\bubat barat\malam,C:\Users\hanif\Downloads\capstone-agung\capstone-agung\Data\bubat barat\malam\BubatBrt_20260512_205731.jpg,ok,640,480
C:\Users\hanif\Downloads\capstone-agung\capstone-agung\Data\bubat barat\malam,C:\Users\hanif\Downloads\capstone-agung\capstone-agung\Data\bubat barat\malam\BubatBrt_20260512_205811.jpg,ok,640,480
C:\Users\hanif\Downloads\capstone-agung\capstone-agung\Data\bubat barat\malam,C:\Users\hanif\Downloads\capstone-agung\capstone-agung\Data\bubat barat\malam\BubatBrt_20260512_205850.jpg,ok,640,480
C:\Users\hanif\Downloads\capstone-agung\capstone-agung\Data\bubat barat\malam,C:\Users\hanif\Downloads\capstone-agung\capstone-agung\Data\bubat barat\malam\BubatBrt_20260512_205929.jpg,ok,640,480
C:\Users\hanif\Downloads\capstone-agung\capstone-agung\Data\bubat barat\malam,C:\Users\hanif\Downloads\capstone-agung\capstone-agung\Data\bubat barat\malam\BubatBrt_20260512_205949.jpg,ok,640,480
C:\Users\hanif\Downloads\capstone-agung\capstone-agung\Data\bubat barat\malam,C:\Users\hanif\Downloads\capstone-agung\capstone-agung\Data\bubat barat\malam\BubatBrt_20260512_210028.jpg,ok,640,480
C:\Users\hanif\Downloads\capstone-agung\capstone-agung\Data\bubat barat\malam,C:\Users\hanif\Downloads\capstone-agung\capstone-agung\Data\bubat barat\malam\BubatBrt_20260512_210107.jpg,ok,640,480
C:\Users\hanif\Downloads\capstone-agung\capstone-agung\Data\bubat barat\malam,C:\Users\hanif\Downloads\capstone-agung\capstone-agung\Data\bubat barat\malam\BubatBrt_20260512_210146.jpg,ok,640,480
C:\Users\hanif\Downloads\capstone-agung\capstone-agung\Data\bubat barat\malam,C:\Users\hanif\Downloads\capstone-agung\capstone-agung\Data\bubat barat\malam\BubatBrt_20260512_210226.jpg,ok,640,480
C:\Users\hanif\Downloads\capstone-agung\capstone-agung\Data\bubat barat\malam,C:\Users\hanif\Downloads\capstone-agung\capstone-agung\Data\bubat barat\malam\BubatBrt_20260512_210305.jpg,ok,640,480
C:\Users\hanif\Downloads\capstone-agung\capstone-agung\Data\bubat barat\malam,C:\Users\hanif\Downloads\capstone-agung\capstone-agung\Data\bubat barat\malam\BubatBrt_20260512_210344.jpg,ok,640,480
C:\Users\hanif\Downloads\capstone-agung\capstone-agung\Data\bubat barat\malam,C:\Users\hanif\Downloads\capstone-agung\capstone-agung\Data\bubat barat\malam\BubatBrt_20260512_210423.jpg,ok,640,480
C:\Users\hanif\Downloads\capstone-agung\capstone-agung\Data\bubat barat\malam,C:\Users\hanif\Downloads\capstone-agung\capstone-agung\Data\bubat barat\malam\BubatBrt_20260512_210501.jpg,ok,640,480
C:\Users\hanif\Downloads\capstone-agung\capstone-agung\Data\bubat barat\malam,C:\Users\hanif\Downloads\capstone-agung\capstone-agung\Data\bubat barat\malam\BubatBrt_20260512_210540.jpg,ok,640,480
C:\Users\hanif\Downloads\capstone-agung\capstone-agung\Data\bubat barat\malam,C:\Users\hanif\Downloads\capstone-agung\capstone-agung\Data\bubat barat\malam\BubatBrt_20260512_210619.jpg,ok,640,480
C:\Users\hanif\Downloads\capstone-agung\capstone-agung\Data\bubat barat\malam,C:\Users\hanif\Downloads\capstone-agung\capstone-agung\Data\bubat barat\malam\BubatBrt_20260512_210658.jpg,ok,640,480
C:\Users\hanif\Downloads\capstone-agung\capstone-agung\Data\bubat barat\malam,C:\Users\hanif\Downloads\capstone-agung\capstone-agung\Data\bubat barat\malam\BubatBrt_20260512_210737.jpg,ok,640,480
C:\Users\hanif\Downloads\capstone-agung\capstone-agung\Data\bubat barat\malam,C:\Users\hanif\Downloads\capstone-agung\capstone-agung\Data\bubat barat\malam\BubatBrt_20260512_210816.jpg,ok,640,480
C:\Users\hanif\Downloads\capstone-agung\capstone-agung\Data\bubat barat\malam,C:\Users\hanif\Downloads\capstone-agung\capstone-agung\Data\bubat barat\malam\BubatBrt_20260512_210855.jpg,ok,640,480
C:\Users\hanif\Downloads\capstone-agung\capstone-agung\Data\bubat barat\malam,C:\Users\hanif\Downloads\capstone-agung\capstone-agung\Data\bubat barat\malam\BubatBrt_20260512_210933.jpg,ok,640,480
C:\Users\hanif\Downloads\capstone-agung\capstone-agung\Data\bubat barat\malam,C:\Users\hanif\Downloads\capstone-agung\capstone-agung\Data\bubat barat\malam\BubatBrt_20260512_211012.jpg,ok,640,480
C:\Users\hanif\Downloads\capstone-agung\capstone-agung\Data\bubat barat\malam,C:\Users\hanif\Downloads\capstone-agung\capstone-agung\Data\bubat barat\malam\BubatBrt_20260512_211051.jpg,ok,640,480
C:\Users\hanif\Downloads\capstone-agung\capstone-agung\Data\bubat barat\malam,C:\Users\hanif\Downloads\capstone-agung\capstone-agung\Data\bubat barat\malam\BubatBrt_20260512_211130.jpg,ok,640,480
C:\Users\hanif\Downloads\capstone-agung\capstone-agung\Data\bubat barat\malam,C:\Users\hanif\Downloads\capstone-agung\capstone-agung\Data\bubat barat\malam\BubatBrt_20260512_211209.jpg,ok,640,480
C:\Users\hanif\Downloads\capstone-agung\capstone-agung\Data\bubat barat\malam,C:\Users\hanif\Downloads\capstone-agung\capstone-agung\Data\bubat barat\malam\BubatBrt_20260512_211248.jpg,ok,640,480
C:\Users\hanif\Downloads\capstone-agung\capstone-agung\Data\bubat barat\malam,C:\Users\hanif\Downloads\capstone-agung\capstone-agung\Data\bubat barat\malam\BubatBrt_20260512_211327.jpg,ok,640,480
C:\Users\hanif\Downloads\capstone-agung\capstone-agung\Data\bubat barat\malam,C:\Users\hanif\Downloads\capstone-agung\capstone-agung\Data\bubat barat\malam\BubatBrt_20260512_211407.jpg,ok,640,480
C:\Users\hanif\Downloads\capstone-agung\capstone-agung\Data\bubat barat\malam,C:\Users\hanif\Downloads\capstone-agung\capstone-agung\Data\bubat barat\malam\BubatBrt_20260512_211446.jpg,ok,640,480
C:\Users\hanif\Downloads\capstone-agung\capstone-agung\Data\bubat barat\malam,C:\Users\hanif\Downloads\capstone-agung\capstone-agung\Data\bubat barat\malam\BubatBrt_20260512_211525.jpg,ok,640,480
C:\Users\hanif\Downloads\capstone-agung\capstone-agung\Data\bubat barat\malam,C:\Users\hanif\Downloads\capstone-agung\capstone-agung\Data\bubat barat\malam\BubatBrt_20260512_211604.jpg,ok,640,480
C:\Users\hanif\Downloads\capstone-agung\capstone-agung\Data\bubat barat\malam,C:\Users\hanif\Downloads\capstone-agung\capstone-agung\Data\bubat barat\malam\BubatBrt_20260512_211643.jpg,ok,640,480
C:\Users\hanif\Downloads\capstone-agung\capstone-agung\Data\bubat barat\malam,C:\Users\hanif\Downloads\capstone-agung\capstone-agung\Data\bubat barat\malam\BubatBrt_20260512_211722.jpg,ok,640,480
C:\Users\hanif\Downloads\capstone-agung\capstone-agung\Data\bubat barat\malam,C:\Users\hanif\Downloads\capstone-agung\capstone-agung\Data\bubat barat\malam\BubatBrt_20260512_211800.jpg,ok,640,480
C:\Users\hanif\Downloads\capstone-agung\capstone-agung\Data\bubat barat\malam,C:\Users\hanif\Downloads\capstone-agung\capstone-agung\Data\bubat barat\malam\BubatBrt_20260512_211839.jpg,ok,640,480
C:\Users\hanif\Downloads\capstone-agung\capstone-agung\Data\bubat barat\malam,C:\Users\hanif\Downloads\capstone-agung\capstone-agung\Data\bubat barat\malam\BubatBrt_20260512_211918.jpg,ok,640,480
C:\Users\hanif\Downloads\capstone-agung\capstone-agung\Data\bubat barat\malam,C:\Users\hanif\Downloads\capstone-agung\capstone-agung\Data\bubat barat\malam\BubatBrt_20260512_211957.jpg,ok,640,480
C:\Users\hanif\Downloads\capstone-agung\capstone-agung\Data\bubat barat\malam,C:\Users\hanif\Downloads\capstone-agung\capstone-agung\Data\bubat barat\malam\BubatBrt_20260512_212036.jpg,ok,640,480
C:\Users\hanif\Downloads\capstone-agung\capstone-agung\Data\bubat barat\malam,C:\Users\hanif\Downloads\capstone-agung\capstone-agung\Data\bubat barat\malam\BubatBrt_20260512_212116.jpg,ok,640,480
C:\Users\hanif\Downloads\capstone-agung\capstone-agung\Data\bubat barat\malam,C:\Users\hanif\Downloads\capstone-agung\capstone-agung\Data\bubat barat\malam\BubatBrt_20260512_212155.jpg,ok,640,480
C:\Users\hanif\Downloads\capstone-agung\capstone-agung\Data\bubat barat\malam,C:\Users\hanif\Downloads\capstone-agung\capstone-agung\Data\bubat barat\malam\BubatBrt_20260512_212234.jpg,ok,640,480
C:\Users\hanif\Downloads\capstone-agung\capstone-agung\Data\bubat barat\malam,C:\Users\hanif\Downloads\capstone-agung\capstone-agung\Data\bubat barat\malam\BubatBrt_20260512_212312.jpg,ok,640,480
C:\Users\hanif\Downloads\capstone-agung\capstone-agung\Data\bubat barat\malam,C:\Users\hanif\Downloads\capstone-agung\capstone-agung\Data\bubat barat\malam\BubatBrt_20260512_212411.jpg,ok,640,480
C:\Users\hanif\Downloads\capstone-agung\capstone-agung\Data\bubat barat\malam,C:\Users\hanif\Downloads\capstone-agung\capstone-agung\Data\bubat barat\malam\BubatBrt_20260512_212450.jpg,ok,640,480
C:\Users\hanif\Downloads\capstone-agung\capstone-agung\Data\bubat barat\malam,C:\Users\hanif\Downloads\capstone-agung\capstone-agung\Data\bubat barat\malam\BubatBrt_20260512_212529.jpg,ok,640,480
C:\Users\hanif\Downloads\capstone-agung\capstone-agung\Data\bubat barat\malam,C:\Users\hanif\Downloads\capstone-agung\capstone-agung\Data\bubat barat\malam\BubatBrt_20260512_212608.jpg,ok,640,480
C:\Users\hanif\Downloads\capstone-agung\capstone-agung\Data\bubat barat\malam,C:\Users\hanif\Downloads\capstone-agung\capstone-agung\Data\bubat barat\malam\BubatBrt_20260512_212647.jpg,ok,640,480
C:\Users\hanif\Downloads\capstone-agung\capstone-agung\Data\bubat barat\malam,C:\Users\hanif\Downloads\capstone-agung\capstone-agung\Data\bubat barat\malam\BubatBrt_20260512_212726.jpg,ok,640,480
C:\Users\hanif\Downloads\capstone-agung\capstone-agung\Data\bubat barat\malam,C:\Users\hanif\Downloads\capstone-agung\capstone-agung\Data\bubat barat\malam\BubatBrt_20260512_212806.jpg,ok,640,480
C:\Users\hanif\Downloads\capstone-agung\capstone-agung\Data\bubat barat\malam,C:\Users\hanif\Downloads\capstone-agung\capstone-agung\Data\bubat barat\malam\BubatBrt_20260512_212845.jpg,ok,640,480
C:\Users\hanif\Downloads\capstone-agung\capstone-agung\Data\bubat barat\malam,C:\Users\hanif\Downloads\capstone-agung\capstone-agung\Data\bubat barat\malam\BubatBrt_20260512_212924.jpg,ok,640,480
C:\Users\hanif\Downloads\capstone-agung\capstone-agung\Data\bubat barat\malam,C:\Users\hanif\Downloads\capstone-agung\capstone-agung\Data\bubat barat\malam\BubatBrt_20260512_213003.jpg,ok,640,480
C:\Users\hanif\Downloads\capstone-agung\capstone-agung\Data\bubat barat\malam,C:\Users\hanif\Downloads\capstone-agung\capstone-agung\Data\bubat barat\malam\BubatBrt_20260512_213042.jpg,ok,640,480
C:\Users\hanif\Downloads\capstone-agung\capstone-agung\Data\bubat barat\malam,C:\Users\hanif\Downloads\capstone-agung\capstone-agung\Data\bubat barat\malam\BubatBrt_20260512_213121.jpg,ok,640,480
C:\Users\hanif\Downloads\capstone-agung\capstone-agung\Data\bubat barat\malam,C:\Users\hanif\Downloads\capstone-agung\capstone-agung\Data\bubat barat\malam\BubatBrt_20260512_213200.jpg,ok,640,480
C:\Users\hanif\Downloads\capstone-agung\capstone-agung\Data\bubat barat\malam,C:\Users\hanif\Downloads\capstone-agung\capstone-agung\Data\bubat barat\malam\BubatBrt_20260512_213239.jpg,ok,640,480
C:\Users\hanif\Downloads\capstone-agung\capstone-agung\Data\bubat barat\malam,C:\Users\hanif\Downloads\capstone-agung\capstone-agung\Data\bubat barat\malam\BubatBrt_20260512_213318.jpg,ok,640,480
C:\Users\hanif\Downloads\capstone-agung\capstone-agung\Data\bubat barat\malam,C:\Users\hanif\Downloads\capstone-agung\capstone-agung\Data\bubat barat\malam\BubatBrt_20260512_213357.jpg,ok,640,480
C:\Users\hanif\Downloads\capstone-agung\capstone-agung\Data\bubat barat\malam,C:\Users\hanif\Downloads\capstone-agung\capstone-agung\Data\bubat barat\malam\BubatBrt_20260512_213436.jpg,ok,640,480
C:\Users\hanif\Downloads\capstone-agung\capstone-agung\Data\bubat barat\malam,C:\Users\hanif\Downloads\capstone-agung\capstone-agung\Data\bubat barat\malam\BubatBrt_20260512_213515.jpg,ok,640,480
C:\Users\hanif\Downloads\capstone-agung\capstone-agung\Data\bubat barat\malam,C:\Users\hanif\Downloads\capstone-agung\capstone-agung\Data\bubat barat\malam\BubatBrt_20260512_213554.jpg,ok,640,480
C:\Users\hanif\Downloads\capstone-agung\capstone-agung\Data\bubat barat\malam,C:\Users\hanif\Downloads\capstone-agung\capstone-agung\Data\bubat barat\malam\BubatBrt_20260512_213633.jpg,ok,640,480
C:\Users\hanif\Downloads\capstone-agung\capstone-agung\Data\bubat barat\malam,C:\Users\hanif\Downloads\capstone-agung\capstone-agung\Data\bubat barat\malam\BubatBrt_20260512_213712.jpg,ok,640,480
C:\Users\hanif\Downloads\capstone-agung\capstone-agung\Data\bubat barat\malam,C:\Users\hanif\Downloads\capstone-agung\capstone-agung\Data\bubat barat\malam\BubatBrt_20260512_213751.jpg,ok,640,480
C:\Users\hanif\Downloads\capstone-agung\capstone-agung\Data\bubat barat\malam,C:\Users\hanif\Downloads\capstone-agung\capstone-agung\Data\bubat barat\malam\BubatBrt_20260512_213830.jpg,ok,640,480
C:\Users\hanif\Downloads\capstone-agung\capstone-agung\Data\bubat barat\malam,C:\Users\hanif\Downloads\capstone-agung\capstone-agung\Data\bubat barat\malam\BubatBrt_20260512_213909.jpg,ok,640,480
C:\Users\hanif\Downloads\capstone-agung\capstone-agung\Data\bubat barat\malam,C:\Users\hanif\Downloads\capstone-agung\capstone-agung\Data\bubat barat\malam\BubatBrt_20260512_213948.jpg,ok,640,480
C:\Users\hanif\Downloads\capstone-agung\capstone-agung\Data\bubat barat\malam,C:\Users\hanif\Downloads\capstone-agung\capstone-agung\Data\bubat barat\malam\BubatBrt_20260512_214027.jpg,ok,640,480
C:\Users\hanif\Downloads\capstone-agung\capstone-agung\Data\bubat barat\malam,C:\Users\hanif\Downloads\capstone-agung\capstone-agung\Data\bubat barat\malam\BubatBrt_20260512_214106.jpg,ok,640,480
C:\Users\hanif\Downloads\capstone-agung\capstone-agung\Data\bubat barat\malam,C:\Users\hanif\Downloads\capstone-agung\capstone-agung\Data\bubat barat\malam\BubatBrt_20260512_214144.jpg,ok,640,480
C:\Users\hanif\Downloads\capstone-agung\capstone-agung\Data\bubat barat\malam,C:\Users\hanif\Downloads\capstone-agung\capstone-agung\Data\bubat barat\malam\BubatBrt_20260512_214223.jpg,ok,640,480
C:\Users\hanif\Downloads\capstone-agung\capstone-agung\Data\bubat barat\malam,C:\Users\hanif\Downloads\capstone-agung\capstone-agung\Data\bubat barat\malam\BubatBrt_20260512_214302.jpg,ok,640,480
C:\Users\hanif\Downloads\capstone-agung\capstone-agung\Data\bubat barat\malam,C:\Users\hanif\Downloads\capstone-agung\capstone-agung\Data\bubat barat\malam\BubatBrt_20260512_214341.jpg,ok,640,480
C:\Users\hanif\Downloads\capstone-agung\capstone-agung\Data\bubat barat\malam,C:\Users\hanif\Downloads\capstone-agung\capstone-agung\Data\bubat barat\malam\BubatBrt_20260512_214420.jpg,ok,640,480
C:\Users\hanif\Downloads\capstone-agung\capstone-agung\Data\bubat barat\malam,C:\Users\hanif\Downloads\capstone-agung\capstone-agung\Data\bubat barat\malam\BubatBrt_20260512_214459.jpg,ok,640,480
C:\Users\hanif\Downloads\capstone-agung\capstone-agung\Data\bubat barat\malam,C:\Users\hanif\Downloads\capstone-agung\capstone-agung\Data\bubat barat\malam\BubatBrt_20260512_214538.jpg,ok,640,480
C:\Users\hanif\Downloads\capstone-agung\capstone-agung\Data\bubat barat\malam,C:\Users\hanif\Downloads\capstone-agung\capstone-agung\Data\bubat barat\malam\BubatBrt_20260512_214617.jpg,ok,640,480
C:\Users\hanif\Downloads\capstone-agung\capstone-agung\Data\bubat barat\malam,C:\Users\hanif\Downloads\capstone-agung\capstone-agung\Data\bubat barat\malam\BubatBrt_20260512_214656.jpg,ok,640,480
C:\Users\hanif\Downloads\capstone-agung\capstone-agung\Data\bubat barat\malam,C:\Users\hanif\Downloads\capstone-agung\capstone-agung\Data\bubat barat\malam\BubatBrt_20260512_214735.jpg,ok,640,480
C:\Users\hanif\Downloads\capstone-agung\capstone-agung\Data\bubat barat\malam,C:\Users\hanif\Downloads\capstone-agung\capstone-agung\Data\bubat barat\malam\BubatBrt_20260512_214813.jpg,ok,640,480
C:\Users\hanif\Downloads\capstone-agung\capstone-agung\Data\bubat barat\malam,C:\Users\hanif\Downloads\capstone-agung\capstone-agung\Data\bubat barat\malam\BubatBrt_20260512_214852.jpg,ok,640,480
C:\Users\hanif\Downloads\capstone-agung\capstone-agung\Data\bubat barat\malam,C:\Users\hanif\Downloads\capstone-agung\capstone-agung\Data\bubat barat\malam\BubatBrt_20260512_214931.jpg,ok,640,480
C:\Users\hanif\Downloads\capstone-agung\capstone-agung\Data\bubat barat\malam,C:\Users\hanif\Downloads\capstone-agung\capstone-agung\Data\bubat barat\malam\BubatBrt_20260512_215010.jpg,ok,640,480
C:\Users\hanif\Downloads\capstone-agung\capstone-agung\Data\bubat barat\malam,C:\Users\hanif\Downloads\capstone-agung\capstone-agung\Data\bubat barat\malam\BubatBrt_20260512_215049.jpg,ok,640,480
C:\Users\hanif\Downloads\capstone-agung\capstone-agung\Data\bubat barat\malam,C:\Users\hanif\Downloads\capstone-agung\capstone-agung\Data\bubat barat\malam\BubatBrt_20260512_215128.jpg,ok,640,480
C:\Users\hanif\Downloads\capstone-agung\capstone-agung\Data\bubat barat\malam,C:\Users\hanif\Downloads\capstone-agung\capstone-agung\Data\bubat barat\malam\BubatBrt_20260512_215207.jpg,ok,640,480
C:\Users\hanif\Downloads\capstone-agung\capstone-agung\Data\bubat barat\malam,C:\Users\hanif\Downloads\capstone-agung\capstone-agung\Data\bubat barat\malam\BubatBrt_20260512_215246.jpg,ok,640,480
C:\Users\hanif\Downloads\capstone-agung\capstone-agung\Data\bubat barat\malam,C:\Users\hanif\Downloads\capstone-agung\capstone-agung\Data\bubat barat\malam\BubatBrt_20260512_215325.jpg,ok,640,480
C:\Users\hanif\Downloads\capstone-agung\capstone-agung\Data\bubat barat\malam,C:\Users\hanif\Downloads\capstone-agung\capstone-agung\Data\bubat barat\malam\BubatBrt_20260512_215404.jpg,ok,640,480
C:\Users\hanif\Downloads\capstone-agung\capstone-agung\Data\bubat barat\malam,C:\Users\hanif\Downloads\capstone-agung\capstone-agung\Data\bubat barat\malam\BubatBrt_20260512_215443.jpg,ok,640,480
C:\Users\hanif\Downloads\capstone-agung\capstone-agung\Data\bubat barat\malam,C:\Users\hanif\Downloads\capstone-agung\capstone-agung\Data\bubat barat\malam\BubatBrt_20260512_215522.jpg,ok,640,480
C:\Users\hanif\Downloads\capstone-agung\capstone-agung\Data\bubat barat\malam,C:\Users\hanif\Downloads\capstone-agung\capstone-agung\Data\bubat barat\malam\BubatBrt_20260512_215601.jpg,ok,640,480
C:\Users\hanif\Downloads\capstone-agung\capstone-agung\Data\bubat barat\malam,C:\Users\hanif\Downloads\capstone-agung\capstone-agung\Data\bubat barat\malam\BubatBrt_20260512_215640.jpg,ok,640,480
C:\Users\hanif\Downloads\capstone-agung\capstone-agung\Data\bubat barat\malam,C:\Users\hanif\Downloads\capstone-agung\capstone-agung\Data\bubat barat\malam\BubatBrt_20260512_215719.jpg,ok,640,480
C:\Users\hanif\Downloads\capstone-agung\capstone-agung\Data\bubat barat\malam,C:\Users\hanif\Downloads\capstone-agung\capstone-agung\Data\bubat barat\malam\BubatBrt_20260512_215758.jpg,ok,640,480
C:\Users\hanif\Downloads\capstone-agung\capstone-agung\Data\bubat barat\malam,C:\Users\hanif\Downloads\capstone-agung\capstone-agung\Data\bubat barat\malam\BubatBrt_20260512_215836.jpg,ok,640,480
C:\Users\hanif\Downloads\capstone-agung\capstone-agung\Data\bubat barat\malam,C:\Users\hanif\Downloads\capstone-agung\capstone-agung\Data\bubat barat\malam\BubatBrt_20260512_215915.jpg,ok,640,480
C:\Users\hanif\Downloads\capstone-agung\capstone-agung\Data\bubat barat\malam,C:\Users\hanif\Downloads\capstone-agung\capstone-agung\Data\bubat barat\malam\BubatBrt_20260512_220014.jpg,ok,640,480
C:\Users\hanif\Downloads\capstone-agung\capstone-agung\Data\bubat barat\malam,C:\Users\hanif\Downloads\capstone-agung\capstone-agung\Data\bubat barat\malam\BubatBrt_20260512_220053.jpg,ok,640,480
C:\Users\hanif\Downloads\capstone-agung\capstone-agung\Data\bubat barat\malam,C:\Users\hanif\Downloads\capstone-agung\capstone-agung\Data\bubat barat\malam\BubatBrt_20260512_220132.jpg,ok,640,480
C:\Users\hanif\Downloads\capstone-agung\capstone-agung\Data\bubat barat\malam,C:\Users\hanif\Downloads\capstone-agung\capstone-agung\Data\bubat barat\malam\BubatBrt_20260512_220211.jpg,ok,640,480
C:\Users\hanif\Downloads\capstone-agung\capstone-agung\Data\bubat barat\malam,C:\Users\hanif\Downloads\capstone-agung\capstone-agung\Data\bubat barat\malam\BubatBrt_20260512_220250.jpg,ok,640,480
C:\Users\hanif\Downloads\capstone-agung\capstone-agung\Data\bubat barat\malam,C:\Users\hanif\Downloads\capstone-agung\capstone-agung\Data\bubat barat\malam\BubatBrt_20260512_220329.jpg,ok,640,480
C:\Users\hanif\Downloads\capstone-agung\capstone-agung\Data\bubat barat\malam,C:\Users\hanif\Downloads\capstone-agung\capstone-agung\Data\bubat barat\malam\BubatBrt_20260512_220408.jpg,ok,640,480
C:\Users\hanif\Downloads\capstone-agung\capstone-agung\Data\bubat barat\malam,C:\Users\hanif\Downloads\capstone-agung\capstone-agung\Data\bubat barat\malam\BubatBrt_20260512_220446.jpg,ok,640,480
C:\Users\hanif\Downloads\capstone-agung\capstone-agung\Data\bubat barat\malam,C:\Users\hanif\Downloads\capstone-agung\capstone-agung\Data\bubat barat\malam\BubatBrt_20260512_220526.jpg,ok,640,480
C:\Users\hanif\Downloads\capstone-agung\capstone-agung\Data\bubat barat\malam,C:\Users\hanif\Downloads\capstone-agung\capstone-agung\Data\bubat barat\malam\BubatBrt_20260512_220605.jpg,ok,640,480
C:\Users\hanif\Downloads\capstone-agung\capstone-agung\Data\bubat barat\malam,C:\Users\hanif\Downloads\capstone-agung\capstone-agung\Data\bubat barat\malam\BubatBrt_20260512_220644.jpg,ok,640,480
C:\Users\hanif\Downloads\capstone-agung\capstone-agung\Data\bubat barat\malam,C:\Users\hanif\Downloads\capstone-agung\capstone-agung\Data\bubat barat\malam\BubatBrt_20260512_220723.jpg,ok,640,480
C:\Users\hanif\Downloads\capstone-agung\capstone-agung\Data\bubat barat\malam,C:\Users\hanif\Downloads\capstone-agung\capstone-agung\Data\bubat barat\malam\BubatBrt_20260512_220802.jpg,ok,640,480
C:\Users\hanif\Downloads\capstone-agung\capstone-agung\Data\bubat barat\malam,C:\Users\hanif\Downloads\capstone-agung\capstone-agung\Data\bubat barat\malam\BubatBrt_20260512_220841.jpg,ok,640,480
C:\Users\hanif\Downloads\capstone-agung\capstone-agung\Data\bubat barat\malam,C:\Users\hanif\Downloads\capstone-agung\capstone-agung\Data\bubat barat\malam\BubatBrt_20260512_220920.jpg,ok,640,480
C:\Users\hanif\Downloads\capstone-agung\capstone-agung\Data\bubat barat\malam,C:\Users\hanif\Downloads\capstone-agung\capstone-agung\Data\bubat barat\malam\BubatBrt_20260512_220959.jpg,ok,640,480
C:\Users\hanif\Downloads\capstone-agung\capstone-agung\Data\bubat barat\malam,C:\Users\hanif\Downloads\capstone-agung\capstone-agung\Data\bubat barat\malam\BubatBrt_20260512_221038.jpg,ok,640,480
C:\Users\hanif\Downloads\capstone-agung\capstone-agung\Data\bubat barat\malam,C:\Users\hanif\Downloads\capstone-agung\capstone-agung\Data\bubat barat\malam\BubatBrt_20260512_221117.jpg,ok,640,480
C:\Users\hanif\Downloads\capstone-agung\capstone-agung\Data\bubat barat\malam,C:\Users\hanif\Downloads\capstone-agung\capstone-agung\Data\bubat barat\malam\BubatBrt_20260512_221156.jpg,ok,640,480
C:\Users\hanif\Downloads\capstone-agung\capstone-agung\Data\bubat barat\malam,C:\Users\hanif\Downloads\capstone-agung\capstone-agung\Data\bubat barat\malam\BubatBrt_20260512_221235.jpg,ok,640,480
C:\Users\hanif\Downloads\capstone-agung\capstone-agung\Data\bubat barat\malam,C:\Users\hanif\Downloads\capstone-agung\capstone-agung\Data\bubat barat\malam\BubatBrt_20260512_221314.jpg,ok,640,480
C:\Users\hanif\Downloads\capstone-agung\capstone-agung\Data\bubat barat\malam,C:\Users\hanif\Downloads\capstone-agung\capstone-agung\Data\bubat barat\malam\BubatBrt_20260512_221353.jpg,ok,640,480
C:\Users\hanif\Downloads\capstone-agung\capstone-agung\Data\bubat barat\malam,C:\Users\hanif\Downloads\capstone-agung\capstone-agung\Data\bubat barat\malam\BubatBrt_20260512_221432.jpg,ok,640,480
C:\Users\hanif\Downloads\capstone-agung\capstone-agung\Data\bubat barat\malam,C:\Users\hanif\Downloads\capstone-agung\capstone-agung\Data\bubat barat\malam\BubatBrt_20260512_221511.jpg,ok,640,480
C:\Users\hanif\Downloads\capstone-agung\capstone-agung\Data\bubat barat\malam,C:\Users\hanif\Downloads\capstone-agung\capstone-agung\Data\bubat barat\malam\BubatBrt_20260512_221550.jpg,ok,640,480
C:\Users\hanif\Downloads\capstone-agung\capstone-agung\Data\bubat barat\malam,C:\Users\hanif\Downloads\capstone-agung\capstone-agung\Data\bubat barat\malam\BubatBrt_20260512_221628.jpg,ok,640,480
C:\Users\hanif\Downloads\capstone-agung\capstone-agung\Data\bubat barat\malam,C:\Users\hanif\Downloads\capstone-agung\capstone-agung\Data\bubat barat\malam\BubatBrt_20260512_221707.jpg,ok,640,480
C:\Users\hanif\Downloads\capstone-agung\capstone-agung\Data\bubat barat\malam,C:\Users\hanif\Downloads\capstone-agung\capstone-agung\Data\bubat barat\malam\BubatBrt_20260512_221746.jpg,ok,640,480
C:\Users\hanif\Downloads\capstone-agung\capstone-agung\Data\bubat barat\malam,C:\Users\hanif\Downloads\capstone-agung\capstone-agung\Data\bubat barat\malam\BubatBrt_20260512_221825.jpg,ok,640,480
C:\Users\hanif\Downloads\capstone-agung\capstone-agung\Data\bubat barat\malam,C:\Users\hanif\Downloads\capstone-agung\capstone-agung\Data\bubat barat\malam\BubatBrt_20260512_221904.jpg,ok,640,480
C:\Users\hanif\Downloads\capstone-agung\capstone-agung\Data\bubat barat\malam,C:\Users\hanif\Downloads\capstone-agung\capstone-agung\Data\bubat barat\malam\BubatBrt_20260512_221943.jpg,ok,640,480
C:\Users\hanif\Downloads\capstone-agung\capstone-agung\Data\bubat barat\malam,C:\Users\hanif\Downloads\capstone-agung\capstone-agung\Data\bubat barat\malam\BubatBrt_20260512_222022.jpg,ok,640,480
C:\Users\hanif\Downloads\capstone-agung\capstone-agung\Data\bubat barat\malam,C:\Users\hanif\Downloads\capstone-agung\capstone-agung\Data\bubat barat\malam\BubatBrt_20260512_222101.jpg,ok,640,480
C:\Users\hanif\Downloads\capstone-agung\capstone-agung\Data\bubat barat\malam,C:\Users\hanif\Downloads\capstone-agung\capstone-agung\Data\bubat barat\malam\BubatBrt_20260512_222139.jpg,ok,640,480
C:\Users\hanif\Downloads\capstone-agung\capstone-agung\Data\bubat barat\malam,C:\Users\hanif\Downloads\capstone-agung\capstone-agung\Data\bubat barat\malam\BubatBrt_20260512_222218.jpg,ok,640,480
C:\Users\hanif\Downloads\capstone-agung\capstone-agung\Data\bubat barat\malam,C:\Users\hanif\Downloads\capstone-agung\capstone-agung\Data\bubat barat\malam\BubatBrt_20260512_222257.jpg,ok,640,480
C:\Users\hanif\Downloads\capstone-agung\capstone-agung\Data\bubat barat\malam,C:\Users\hanif\Downloads\capstone-agung\capstone-agung\Data\bubat barat\malam\BubatBrt_20260512_222336.jpg,ok,640,480
C:\Users\hanif\Downloads\capstone-agung\capstone-agung\Data\bubat barat\malam,C:\Users\hanif\Downloads\capstone-agung\capstone-agung\Data\bubat barat\malam\BubatBrt_20260512_222415.jpg,ok,640,480
C:\Users\hanif\Downloads\capstone-agung\capstone-agung\Data\bubat barat\malam,C:\Users\hanif\Downloads\capstone-agung\capstone-agung\Data\bubat barat\malam\BubatBrt_20260512_222454.jpg,ok,640,480
C:\Users\hanif\Downloads\capstone-agung\capstone-agung\Data\bubat barat\malam,C:\Users\hanif\Downloads\capstone-agung\capstone-agung\Data\bubat barat\malam\BubatBrt_20260512_222533.jpg,ok,640,480
C:\Users\hanif\Downloads\capstone-agung\capstone-agung\Data\bubat barat\malam,C:\Users\hanif\Downloads\capstone-agung\capstone-agung\Data\bubat barat\malam\BubatBrt_20260512_222612.jpg,ok,640,480
C:\Users\hanif\Downloads\capstone-agung\capstone-agung\Data\bubat barat\malam,C:\Users\hanif\Downloads\capstone-agung\capstone-agung\Data\bubat barat\malam\BubatBrt_20260512_222651.jpg,ok,640,480
C:\Users\hanif\Downloads\capstone-agung\capstone-agung\Data\bubat barat\malam,C:\Users\hanif\Downloads\capstone-agung\capstone-agung\Data\bubat barat\malam\BubatBrt_20260512_222730.jpg,ok,640,480
C:\Users\hanif\Downloads\capstone-agung\capstone-agung\Data\bubat barat\malam,C:\Users\hanif\Downloads\capstone-agung\capstone-agung\Data\bubat barat\malam\BubatBrt_20260512_222809.jpg,ok,640,480
C:\Users\hanif\Downloads\capstone-agung\capstone-agung\Data\bubat barat\malam,C:\Users\hanif\Downloads\capstone-agung\capstone-agung\Data\bubat barat\malam\BubatBrt_20260512_222848.jpg,ok,640,480
C:\Users\hanif\Downloads\capstone-agung\capstone-agung\Data\bubat barat\malam,C:\Users\hanif\Downloads\capstone-agung\capstone-agung\Data\bubat barat\malam\BubatBrt_20260512_222926.jpg,ok,640,480
C:\Users\hanif\Downloads\capstone-agung\capstone-agung\Data\bubat barat\malam,C:\Users\hanif\Downloads\capstone-agung\capstone-agung\Data\bubat barat\malam\BubatBrt_20260512_223005.jpg,ok,640,480
C:\Users\hanif\Downloads\capstone-agung\capstone-agung\Data\bubat barat\malam,C:\Users\hanif\Downloads\capstone-agung\capstone-agung\Data\bubat barat\malam\BubatBrt_20260512_223044.jpg,ok,640,480
C:\Users\hanif\Downloads\capstone-agung\capstone-agung\Data\bubat barat\malam,C:\Users\hanif\Downloads\capstone-agung\capstone-agung\Data\bubat barat\malam\BubatBrt_20260512_223123.jpg,ok,640,480
C:\Users\hanif\Downloads\capstone-agung\capstone-agung\Data\bubat barat\malam,C:\Users\hanif\Downloads\capstone-agung\capstone-agung\Data\bubat barat\malam\BubatBrt_20260512_223202.jpg,ok,640,480
C:\Users\hanif\Downloads\capstone-agung\capstone-agung\Data\bubat barat\malam,C:\Users\hanif\Downloads\capstone-agung\capstone-agung\Data\bubat barat\malam\BubatBrt_20260512_223240.jpg,ok,640,480
C:\Users\hanif\Downloads\capstone-agung\capstone-agung\Data\bubat barat\malam,C:\Users\hanif\Downloads\capstone-agung\capstone-agung\Data\bubat barat\malam\BubatBrt_20260512_223319.jpg,ok,640,480
C:\Users\hanif\Downloads\capstone-agung\capstone-agung\Data\bubat barat\malam,C:\Users\hanif\Downloads\capstone-agung\capstone-agung\Data\bubat barat\malam\BubatBrt_20260512_223358.jpg,ok,640,480
C:\Users\hanif\Downloads\capstone-agung\capstone-agung\Data\bubat barat\malam,C:\Users\hanif\Downloads\capstone-agung\capstone-agung\Data\bubat barat\malam\BubatBrt_20260512_223437.jpg,ok,640,480
C:\Users\hanif\Downloads\capstone-agung\capstone-agung\Data\bubat barat\malam,C:\Users\hanif\Downloads\capstone-agung\capstone-agung\Data\bubat barat\malam\BubatBrt_20260512_223516.jpg,ok,640,480
C:\Users\hanif\Downloads\capstone-agung\capstone-agung\Data\bubat barat\malam,C:\Users\hanif\Downloads\capstone-agung\capstone-agung\Data\bubat barat\malam\BubatBrt_20260512_223555.jpg,ok,640,480
C:\Users\hanif\Downloads\capstone-agung\capstone-agung\Data\bubat barat\malam,C:\Users\hanif\Downloads\capstone-agung\capstone-agung\Data\bubat barat\malam\BubatBrt_20260512_223634.jpg,ok,640,480
C:\Users\hanif\Downloads\capstone-agung\capstone-agung\Data\bubat barat\malam,C:\Users\hanif\Downloads\capstone-agung\capstone-agung\Data\bubat barat\malam\BubatBrt_20260512_223713.jpg,ok,640,480
C:\Users\hanif\Downloads\capstone-agung\capstone-agung\Data\bubat barat\malam,C:\Users\hanif\Downloads\capstone-agung\capstone-agung\Data\bubat barat\malam\BubatBrt_20260512_223751.jpg,ok,640,480
C:\Users\hanif\Downloads\capstone-agung\capstone-agung\Data\bubat barat\malam,C:\Users\hanif\Downloads\capstone-agung\capstone-agung\Data\bubat barat\malam\BubatBrt_20260512_223830.jpg,ok,640,480
C:\Users\hanif\Downloads\capstone-agung\capstone-agung\Data\bubat barat\malam,C:\Users\hanif\Downloads\capstone-agung\capstone-agung\Data\bubat barat\malam\BubatBrt_20260512_223909.jpg,ok,640,480
C:\Users\hanif\Downloads\capstone-agung\capstone-agung\Data\bubat barat\malam,C:\Users\hanif\Downloads\capstone-agung\capstone-agung\Data\bubat barat\malam\BubatBrt_20260512_223948.jpg,ok,640,480
C:\Users\hanif\Downloads\capstone-agung\capstone-agung\Data\bubat barat\malam,C:\Users\hanif\Downloads\capstone-agung\capstone-agung\Data\bubat barat\malam\BubatBrt_20260512_224026.jpg,ok,640,480
C:\Users\hanif\Downloads\capstone-agung\capstone-agung\Data\bubat barat\malam,C:\Users\hanif\Downloads\capstone-agung\capstone-agung\Data\bubat barat\malam\BubatBrt_20260512_224105.jpg,ok,640,480
C:\Users\hanif\Downloads\capstone-agung\capstone-agung\Data\bubat barat\malam,C:\Users\hanif\Downloads\capstone-agung\capstone-agung\Data\bubat barat\malam\BubatBrt_20260512_224144.jpg,ok,640,480
C:\Users\hanif\Downloads\capstone-agung\capstone-agung\Data\bubat barat\malam,C:\Users\hanif\Downloads\capstone-agung\capstone-agung\Data\bubat barat\malam\BubatBrt_20260512_224223.jpg,ok,640,480
C:\Users\hanif\Downloads\capstone-agung\capstone-agung\Data\bubat barat\malam,C:\Users\hanif\Downloads\capstone-agung\capstone-agung\Data\bubat barat\malam\BubatBrt_20260512_224301.jpg,ok,640,480
C:\Users\hanif\Downloads\capstone-agung\capstone-agung\Data\bubat barat\malam,C:\Users\hanif\Downloads\capstone-agung\capstone-agung\Data\bubat barat\malam\BubatBrt_20260512_224340.jpg,ok,640,480
C:\Users\hanif\Downloads\capstone-agung\capstone-agung\Data\bubat barat\malam,C:\Users\hanif\Downloads\capstone-agung\capstone-agung\Data\bubat barat\malam\BubatBrt_20260512_224419.jpg,ok,640,480
C:\Users\hanif\Downloads\capstone-agung\capstone-agung\Data\bubat barat\malam,C:\Users\hanif\Downloads\capstone-agung\capstone-agung\Data\bubat barat\malam\BubatBrt_20260512_224458.jpg,ok,640,480
C:\Users\hanif\Downloads\capstone-agung\capstone-agung\Data\bubat barat\malam,C:\Users\hanif\Downloads\capstone-agung\capstone-agung\Data\bubat barat\malam\BubatBrt_20260512_224537.jpg,ok,640,480
C:\Users\hanif\Downloads\capstone-agung\capstone-agung\Data\bubat barat\malam,C:\Users\hanif\Downloads\capstone-agung\capstone-agung\Data\bubat barat\malam\BubatBrt_20260512_224615.jpg,ok,640,480
C:\Users\hanif\Downloads\capstone-agung\capstone-agung\Data\bubat barat\malam,C:\Users\hanif\Downloads\capstone-agung\capstone-agung\Data\bubat barat\malam\BubatBrt_20260512_224654.jpg,ok,640,480
C:\Users\hanif\Downloads\capstone-agung\capstone-agung\Data\bubat barat\malam,C:\Users\hanif\Downloads\capstone-agung\capstone-agung\Data\bubat barat\malam\BubatBrt_20260512_224732.jpg,ok,640,480
C:\Users\hanif\Downloads\capstone-agung\capstone-agung\Data\bubat barat\malam,C:\Users\hanif\Downloads\capstone-agung\capstone-agung\Data\bubat barat\malam\BubatBrt_20260512_224811.jpg,ok,640,480
C:\Users\hanif\Downloads\capstone-agung\capstone-agung\Data\bubat barat\malam,C:\Users\hanif\Downloads\capstone-agung\capstone-agung\Data\bubat barat\malam\BubatBrt_20260512_224850.jpg,ok,640,480
C:\Users\hanif\Downloads\capstone-agung\capstone-agung\Data\bubat barat\malam,C:\Users\hanif\Downloads\capstone-agung\capstone-agung\Data\bubat barat\malam\BubatBrt_20260512_224928.jpg,ok,640,480
C:\Users\hanif\Downloads\capstone-agung\capstone-agung\Data\bubat barat\malam,C:\Users\hanif\Downloads\capstone-agung\capstone-agung\Data\bubat barat\malam\BubatBrt_20260512_225007.jpg,ok,640,480
