split,image_path,status,width,height
train_bubat_barat,C:\Users\hanif\Downloads\capstone-agung\capstone-agung\data bubat barat\train\images\BubatBarat_20260315_074418_jpg.rf.7b0c504ffa08fbca233eb14afe66c6f4.jpg,ok,880,880
train_bubat_barat,C:\Users\hanif\Downloads\capstone-agung\capstone-agung\data bubat barat\train\images\BubatBarat_20260315_074957_jpg.rf.86469c54e98cfaadedea03404f28e9e8.jpg,ok,880,880
train_bubat_barat,C:\Users\hanif\Downloads\capstone-agung\capstone-agung\data bubat barat\train\images\BubatBarat_20260315_075134_jpg.rf.3d7d38291cec7eb977b25eda74db0eae.jpg,ok,880,880
train_bubat_barat,C:\Users\hanif\Downloads\capstone-agung\capstone-agung\data bubat barat\train\images\BubatBarat_20260315_075309_jpg.rf.b4dd8a891fd36abde8d22612fee8b7ae.jpg,ok,880,880
train_bubat_barat,C:\Users\hanif\Downloads\capstone-agung\capstone-agung\data bubat barat\train\images\BubatBarat_20260315_075442_jpg.rf.9d7a5fe2f9f3f8cdb988f631d3ee277b.jpg,ok,880,880
train_bubat_barat,C:\Users\hanif\Downloads\capstone-agung\capstone-agung\data bubat barat\train\images\BubatBarat_20260315_075743_jpg.rf.4776d92acfd78d709f803a82df7a7ea8.jpg,ok,880,880
train_bubat_barat,C:\Users\hanif\Downloads\capstone-agung\capstone-agung\data bubat barat\train\images\BubatBarat_20260315_080104_jpg.rf.23f69b8f94a8367a9be948e420132f94.jpg,ok,880,880
train_bubat_barat,C:\Users\hanif\Downloads\capstone-agung\capstone-agung\data bubat barat\train\images\BubatBarat_20260315_080236_jpg.rf.e656e5f9417a35b0a32b9e37e578f988.jpg,ok,880,880
train_bubat_barat,C:\Users\hanif\Downloads\capstone-agung\capstone-agung\data bubat barat\train\images\BubatBarat_20260315_080721_jpg.rf.285c431fd00a9d7e2cd095fa622e6431.jpg,ok,880,880
train_bubat_barat,C:\Users\hanif\Downloads\capstone-agung\capstone-agung\data bubat barat\train\images\BubatBarat_20260315_080859_jpg.rf.8d9c8a7bea3e0ccaf5cca79967e6c19d.jpg,ok,880,880
train_bubat_barat,C:\Users\hanif\Downloads\capstone-agung\capstone-agung\data bubat barat\train\images\BubatBarat_20260315_082009_jpg.rf.76e6c40863cd1d706cabe8ce423932cb.jpg,ok,880,880
train_bubat_barat,C:\Users\hanif\Downloads\capstone-agung\capstone-agung\data bubat barat\train\images\BubatBarat_20260315_082151_jpg.rf.d70188b12e2c3e6d1ff7a48864aec735.jpg,ok,880,880
train_bubat_barat,C:\Users\hanif\Downloads\capstone-agung\capstone-agung\data bubat barat\train\images\BubatBarat_20260315_082331_jpg.rf.e22326dc7b579ccfdfe7dedfe0c13d95.jpg,ok,880,880
train_bubat_barat,C:\Users\hanif\Downloads\capstone-agung\capstone-agung\data bubat barat\train\images\BubatBarat_20260315_082503_jpg.rf.a7f9bdb3322a48bf6a45cc0d26a4740e.jpg,ok,880,880
train_bubat_barat,C:\Users\hanif\Downloads\capstone-agung\capstone-agung\data bubat barat\train\images\BubatBarat_20260315_082809_jpg.rf.c6af92b848668e8912d46ec313959e2c.jpg,ok,880,880
train_bubat_barat,C:\Users\hanif\Downloads\capstone-agung\capstone-agung\data bubat barat\train\images\BubatBarat_20260315_083246_jpg.rf.54647b7b3cbf2e77126c17104ae23b73.jpg,ok,880,880
train_bubat_barat,C:\Users\hanif\Downloads\capstone-agung\capstone-agung\data bubat barat\train\images\BubatBarat_20260315_083417_jpg.rf.bba2640a524edc3205a10a072e98b746.jpg,ok,880,880
train_bubat_barat,C:\Users\hanif\Downloads\capstone-agung\capstone-agung\data bubat barat\train\images\BubatBrt_20260512_154625_jpg.rf.qDO8iNQhtyVmEeOsGbG3.jpg,ok,640,480
train_bubat_barat,C:\Users\hanif\Downloads\capstone-agung\capstone-agung\data bubat barat\train\images\BubatBrt_20260512_154705_jpg.rf.0CdwSAtz1TxkM1WehOQf.jpg,ok,640,480
train_bubat_barat,C:\Users\hanif\Downloads\capstone-agung\capstone-agung\data bubat barat\train\images\BubatBrt_20260512_154746_jpg.rf.J3LW663c5ob3a0P1UbAx.jpg,ok,640,480
train_bubat_barat,C:\Users\hanif\Downloads\capstone-agung\capstone-agung\data bubat barat\train\images\BubatBrt_20260512_154808_jpg.rf.l4VtyKN00IeyI4pQRMEh.jpg,ok,640,480
train_bubat_barat,C:\Users\hanif\Downloads\capstone-agung\capstone-agung\data bubat barat\train\images\BubatBrt_20260512_154847_jpg.rf.4GrdJenCabVpRVHpVWHs.jpg,ok,640,480
train_bubat_barat,C:\Users\hanif\Downloads\capstone-agung\capstone-agung\data bubat barat\train\images\BubatBrt_20260512_154928_jpg.rf.VgfYVSU14mmVNMyZBVCK.jpg,ok,640,480
train_bubat_barat,C:\Users\hanif\Downloads\capstone-agung\capstone-agung\data bubat barat\train\images\BubatBrt_20260512_154949_jpg.rf.7jJXN87DvyRqIA9tLudj.jpg,ok,640,480
train_bubat_barat,C:\Users\hanif\Downloads\capstone-agung\capstone-agung\data bubat barat\train\images\BubatBrt_20260512_155009_jpg.rf.mH046T4oeAk47JwQ9ArE.jpg,ok,640,480
train_bubat_barat,C:\Users\hanif\Downloads\capstone-agung\capstone-agung\data bubat barat\train\images\BubatBrt_20260512_155048_jpg.rf.Cb320ZvlcgdVFPeTf3yY.jpg,ok,640,480
train_bubat_barat,C:\Users\hanif\Downloads\capstone-agung\capstone-agung\data bubat barat\train\images\BubatBrt_20260512_155128_jpg.rf.EW9t8z3tF75n25f54SGT.jpg,ok,640,480
train_bubat_barat,C:\Users\hanif\Downloads\capstone-agung\capstone-agung\data bubat barat\train\images\BubatBrt_20260512_155208_jpg.rf.xuOMFHfj4ltlJd375Vlj.jpg,ok,640,480
train_bubat_barat,C:\Users\hanif\Downloads\capstone-agung\capstone-agung\data bubat barat\train\images\BubatBrt_20260512_155247_jpg.rf.WSyGHPEREpIbY6OaCclf.jpg,ok,640,480
train_bubat_barat,C:\Users\hanif\Downloads\capstone-agung\capstone-agung\data bubat barat\train\images\BubatBrt_20260512_155415_jpg.rf.lAdgsUCFJdyuLr1zZ9vj.jpg,ok,640,480
train_bubat_barat,C:\Users\hanif\Downloads\capstone-agung\capstone-agung\data bubat barat\train\images\BubatBrt_20260512_155455_jpg.rf.30sAECJKPIgOQ8Gj6Qj3.jpg,ok,640,480
train_bubat_barat,C:\Users\hanif\Downloads\capstone-agung\capstone-agung\data bubat barat\train\images\BubatBrt_20260512_155535_jpg.rf.DqCjEnCOPzJ7IDRDNa9e.jpg,ok,640,480
train_bubat_barat,C:\Users\hanif\Downloads\capstone-agung\capstone-agung\data bubat barat\train\images\BubatBrt_20260512_155614_jpg.rf.nN5OaLEu09fuf4bAw8Dp.jpg,ok,640,480
train_bubat_barat,C:\Users\hanif\Downloads\capstone-agung\capstone-agung\data bubat barat\train\images\BubatBrt_20260512_155654_jpg.rf.MunCKcLzd75zNB6CQv25.jpg,ok,640,480
train_bubat_barat,C:\Users\hanif\Downloads\capstone-agung\capstone-agung\data bubat barat\train\images\BubatBrt_20260512_155816_jpg.rf.DLV4cd221pvr6l0bc7g7.jpg,ok,640,480
train_bubat_barat,C:\Users\hanif\Downloads\capstone-agung\capstone-agung\data bubat barat\train\images\BubatBrt_20260512_155856_jpg.rf.asoUZhG5Zk7emLRQcBDU.jpg,ok,640,480
train_bubat_barat,C:\Users\hanif\Downloads\capstone-agung\capstone-agung\data bubat barat\train\images\BubatBrt_20260512_155935_jpg.rf.fFhpMs9nePhrr1lHY6iY.jpg,ok,640,480
train_bubat_barat,C:\Users\hanif\Downloads\capstone-agung\capstone-agung\data bubat barat\train\images\BubatBrt_20260512_160014_jpg.rf.mWuIuiBC0Vxmx3wRGUDQ.jpg,ok,640,480
train_bubat_barat,C:\Users\hanif\Downloads\capstone-agung\capstone-agung\data bubat barat\train\images\BubatBrt_20260512_160054_jpg.rf.1Erbv83QLy1G5qgRQAyT.jpg,ok,640,480
train_bubat_barat,C:\Users\hanif\Downloads\capstone-agung\capstone-agung\data bubat barat\train\images\BubatBrt_20260512_160133_jpg.rf.eUIwN4Z8qXv9R4k2t5c1.jpg,ok,640,480
train_bubat_barat,C:\Users\hanif\Downloads\capstone-agung\capstone-agung\data bubat barat\train\images\BubatBrt_20260512_160212_jpg.rf.p5Dq9QYla7QvlNkem4Jg.jpg,ok,640,480
train_bubat_barat,C:\Users\hanif\Downloads\capstone-agung\capstone-agung\data bubat barat\train\images\BubatBrt_20260512_160252_jpg.rf.jCzLXH4i2MSouT9HX9vf.jpg,ok,640,480
train_bubat_barat,C:\Users\hanif\Downloads\capstone-agung\capstone-agung\data bubat barat\train\images\BubatBrt_20260512_160331_jpg.rf.KQCcxuGQqMB1iLFFOW68.jpg,ok,640,480
train_bubat_barat,C:\Users\hanif\Downloads\capstone-agung\capstone-agung\data bubat barat\train\images\BubatBrt_20260512_160410_jpg.rf.90Sdm5t6Ot2prnpm5yFL.jpg,ok,640,480
train_bubat_barat,C:\Users\hanif\Downloads\capstone-agung\capstone-agung\data bubat barat\train\images\BubatBrt_20260512_160449_jpg.rf.F0SElMvNeLN3kpKx0mPI.jpg,ok,640,480
train_bubat_barat,C:\Users\hanif\Downloads\capstone-agung\capstone-agung\data bubat barat\train\images\BubatBrt_20260512_160608_jpg.rf.HQX6zhBNfhkbrNq7VXSY.jpg,ok,640,480
train_bubat_barat,C:\Users\hanif\Downloads\capstone-agung\capstone-agung\data bubat barat\train\images\BubatBrt_20260512_160648_jpg.rf.MGLpzsh3wSfhSujyA4JK.jpg,ok,640,480
train_bubat_barat,C:\Users\hanif\Downloads\capstone-agung\capstone-agung\data bubat barat\train\images\BubatBrt_20260512_160727_jpg.rf.YgwQpdtISb5bbuctYZQR.jpg,ok,640,480
train_bubat_barat,C:\Users\hanif\Downloads\capstone-agung\capstone-agung\data bubat barat\train\images\BubatBrt_20260512_160806_jpg.rf.aPNZltW36H6tj2m2KyTV.jpg,ok,640,480
train_bubat_barat,C:\Users\hanif\Downloads\capstone-agung\capstone-agung\data bubat barat\train\images\BubatBrt_20260512_160845_jpg.rf.NymcEwIvxNKqUIUzOLMY.jpg,ok,640,480
train_bubat_barat,C:\Users\hanif\Downloads\capstone-agung\capstone-agung\data bubat barat\train\images\BubatBrt_20260512_160926_jpg.rf.cnToyRYWvBUnMf9G8j7n.jpg,ok,640,480
train_bubat_barat,C:\Users\hanif\Downloads\capstone-agung\capstone-agung\data bubat barat\train\images\BubatBrt_20260512_161005_jpg.rf.pnM8lmgHImOQbMalRAuN.jpg,ok,640,480
train_bubat_barat,C:\Users\hanif\Downloads\capstone-agung\capstone-agung\data bubat barat\train\images\BubatBrt_20260512_161044_jpg.rf.9Vto2GJ0YLf6kqkK5eB3.jpg,ok,640,480
train_bubat_barat,C:\Users\hanif\Downloads\capstone-agung\capstone-agung\data bubat barat\train\images\BubatBrt_20260512_161106_jpg.rf.snQHkRLHZ0VtRMzy5BR1.jpg,ok,640,480
train_bubat_barat,C:\Users\hanif\Downloads\capstone-agung\capstone-agung\data bubat barat\train\images\BubatBrt_20260512_161146_jpg.rf.KjeGbpTUaJXCnVC0GavE.jpg,ok,640,480
train_bubat_barat,C:\Users\hanif\Downloads\capstone-agung\capstone-agung\data bubat barat\train\images\BubatBrt_20260512_161225_jpg.rf.pfKZhKbmnuBqwpVdHnWF.jpg,ok,640,480
train_bubat_barat,C:\Users\hanif\Downloads\capstone-agung\capstone-agung\data bubat barat\train\images\BubatBrt_20260512_161304_jpg.rf.Kd9V9yduc3zdByZkgVGN.jpg,ok,640,480
train_bubat_barat,C:\Users\hanif\Downloads\capstone-agung\capstone-agung\data bubat barat\train\images\BubatBrt_20260512_161343_jpg.rf.otbTJnxgq2BHZcZ8iH5Q.jpg,ok,640,480
train_bubat_barat,C:\Users\hanif\Downloads\capstone-agung\capstone-agung\data bubat barat\train\images\BubatBrt_20260512_161422_jpg.rf.5g5H9QAUHhjqiGNhgOHj.jpg,ok,640,480
train_bubat_barat,C:\Users\hanif\Downloads\capstone-agung\capstone-agung\data bubat barat\train\images\BubatBrt_20260512_161501_jpg.rf.jhXS3vX26XdDdJEg2tXW.jpg,ok,640,480
train_bubat_barat,C:\Users\hanif\Downloads\capstone-agung\capstone-agung\data bubat barat\train\images\BubatBrt_20260512_161539_jpg.rf.rr5WBZrGizjVfL3rKHaS.jpg,ok,640,480
train_bubat_barat,C:\Users\hanif\Downloads\capstone-agung\capstone-agung\data bubat barat\train\images\BubatBrt_20260512_161619_jpg.rf.RUTkLHc5nSEEuvJ2WlCd.jpg,ok,640,480
train_bubat_barat,C:\Users\hanif\Downloads\capstone-agung\capstone-agung\data bubat barat\train\images\BubatBrt_20260512_161658_jpg.rf.EEAlORXqZhqfIt2GHSca.jpg,ok,640,480
train_bubat_barat,C:\Users\hanif\Downloads\capstone-agung\capstone-agung\data bubat barat\train\images\BubatBrt_20260512_161737_jpg.rf.zgnAE1CWbhyLiaVXnyOO.jpg,ok,640,480
train_bubat_barat,C:\Users\hanif\Downloads\capstone-agung\capstone-agung\data bubat barat\train\images\BubatBrt_20260512_161855_jpg.rf.DLClvRkcIXAYBfRuTNCa.jpg,ok,640,480
train_bubat_barat,C:\Users\hanif\Downloads\capstone-agung\capstone-agung\data bubat barat\train\images\BubatBrt_20260512_161935_jpg.rf.rmVqpheOLbOpeLuSZKjE.jpg,ok,640,480
train_bubat_barat,C:\Users\hanif\Downloads\capstone-agung\capstone-agung\data bubat barat\train\images\BubatBrt_20260512_162014_jpg.rf.AlZOpIckiGH9kmIlB8hE.jpg,ok,640,480
train_bubat_barat,C:\Users\hanif\Downloads\capstone-agung\capstone-agung\data bubat barat\train\images\BubatBrt_20260512_162054_jpg.rf.NFkARLpWXaxUxAZ05y2a.jpg,ok,640,480
train_bubat_barat,C:\Users\hanif\Downloads\capstone-agung\capstone-agung\data bubat barat\train\images\BubatBrt_20260512_162133_jpg.rf.TyvwkrqB3CAGIg8sSy1H.jpg,ok,640,480
train_bubat_barat,C:\Users\hanif\Downloads\capstone-agung\capstone-agung\data bubat barat\train\images\BubatBrt_20260512_162213_jpg.rf.UHvbBgbYyxNhhjQZlwTr.jpg,ok,640,480
train_bubat_barat,C:\Users\hanif\Downloads\capstone-agung\capstone-agung\data bubat barat\train\images\BubatBrt_20260512_162252_jpg.rf.gWLl68zKsOOBKHOEDL13.jpg,ok,640,480
train_bubat_barat,C:\Users\hanif\Downloads\capstone-agung\capstone-agung\data bubat barat\train\images\BubatBrt_20260512_162313_jpg.rf.R1PpPBqhmK1rhlTB3ksg.jpg,ok,640,480
train_bubat_barat,C:\Users\hanif\Downloads\capstone-agung\capstone-agung\data bubat barat\train\images\BubatBrt_20260512_162352_jpg.rf.ZwpQf1wABuczAhTVGX2a.jpg,ok,640,480
train_bubat_barat,C:\Users\hanif\Downloads\capstone-agung\capstone-agung\data bubat barat\train\images\BubatBrt_20260512_162413_jpg.rf.64CCBpYPuRJPgTlkhFsf.jpg,ok,640,480
train_bubat_barat,C:\Users\hanif\Downloads\capstone-agung\capstone-agung\data bubat barat\train\images\BubatBrt_20260512_162452_jpg.rf.hKHpJc6mvvD63z4YrEMg.jpg,ok,640,480
train_bubat_barat,C:\Users\hanif\Downloads\capstone-agung\capstone-agung\data bubat barat\train\images\BubatBrt_20260512_162531_jpg.rf.6gXWgbQXVoYeBoxlAA9u.jpg,ok,640,480
train_bubat_barat,C:\Users\hanif\Downloads\capstone-agung\capstone-agung\data bubat barat\train\images\BubatBrt_20260512_162611_jpg.rf.I8miMUevckv9rsNky4VJ.jpg,ok,640,480
train_bubat_barat,C:\Users\hanif\Downloads\capstone-agung\capstone-agung\data bubat barat\train\images\BubatBrt_20260512_162650_jpg.rf.Qlc0dlWhWrCYUn2nGO5s.jpg,ok,640,480
train_bubat_barat,C:\Users\hanif\Downloads\capstone-agung\capstone-agung\data bubat barat\train\images\BubatBrt_20260512_162729_jpg.rf.wuYNfJlMFjqsZr8j1fRf.jpg,ok,640,480
train_bubat_barat,C:\Users\hanif\Downloads\capstone-agung\capstone-agung\data bubat barat\train\images\BubatBrt_20260512_162808_jpg.rf.v43qW8I7D2UM4bL8jHuh.jpg,ok,640,480
train_bubat_barat,C:\Users\hanif\Downloads\capstone-agung\capstone-agung\data bubat barat\train\images\BubatBrt_20260512_162847_jpg.rf.hHcFMf7addL5kWt0qf6t.jpg,ok,640,480
train_bubat_barat,C:\Users\hanif\Downloads\capstone-agung\capstone-agung\data bubat barat\train\images\BubatBrt_20260512_162926_jpg.rf.QsSsErkePW8WOr1zXhS0.jpg,ok,640,480
train_bubat_barat,C:\Users\hanif\Downloads\capstone-agung\capstone-agung\data bubat barat\train\images\BubatBrt_20260512_163006_jpg.rf.WtmXqViYYPbpppKYLR0Z.jpg,ok,640,480
train_bubat_barat,C:\Users\hanif\Downloads\capstone-agung\capstone-agung\data bubat barat\train\images\BubatBrt_20260512_163045_jpg.rf.J0usyPgSCyc50LvoKppB.jpg,ok,640,480
train_bubat_barat,C:\Users\hanif\Downloads\capstone-agung\capstone-agung\data bubat barat\train\images\BubatBrt_20260512_163105_jpg.rf.Ivr6DuLVt8SrEN3msuMA.jpg,ok,640,480
train_bubat_barat,C:\Users\hanif\Downloads\capstone-agung\capstone-agung\data bubat barat\train\images\BubatBrt_20260512_163144_jpg.rf.PEls1LBCGXBPe77q4MTT.jpg,ok,640,480
train_bubat_barat,C:\Users\hanif\Downloads\capstone-agung\capstone-agung\data bubat barat\train\images\BubatBrt_20260512_163223_jpg.rf.7QgrS9r8FLL7dQYazbVk.jpg,ok,640,480
train_bubat_barat,C:\Users\hanif\Downloads\capstone-agung\capstone-agung\data bubat barat\train\images\BubatBrt_20260512_163304_jpg.rf.p8JyhIOQbKghfWiYFYSt.jpg,ok,640,480
train_bubat_barat,C:\Users\hanif\Downloads\capstone-agung\capstone-agung\data bubat barat\train\images\BubatBrt_20260512_163343_jpg.rf.GpY69LLlyDQ1vu3cI8tJ.jpg,ok,640,480
train_bubat_barat,C:\Users\hanif\Downloads\capstone-agung\capstone-agung\data bubat barat\train\images\BubatBrt_20260512_163422_jpg.rf.vaYsCZboQN5ucoyfPRmL.jpg,ok,640,480
train_bubat_barat,C:\Users\hanif\Downloads\capstone-agung\capstone-agung\data bubat barat\train\images\BubatBrt_20260512_163501_jpg.rf.WHxpH60UGtyad6epgpzO.jpg,ok,640,480
train_bubat_barat,C:\Users\hanif\Downloads\capstone-agung\capstone-agung\data bubat barat\train\images\BubatBrt_20260512_163540_jpg.rf.HBfWbSNZC8N50r7bZdPm.jpg,ok,640,480
train_bubat_barat,C:\Users\hanif\Downloads\capstone-agung\capstone-agung\data bubat barat\train\images\BubatBrt_20260512_163619_jpg.rf.fkaCxxcfM3fmtGi00i0o.jpg,ok,640,480
train_bubat_barat,C:\Users\hanif\Downloads\capstone-agung\capstone-agung\data bubat barat\train\images\BubatBrt_20260512_163658_jpg.rf.RIlvJRUE03FprXhhRLlE.jpg,ok,640,480
train_bubat_barat,C:\Users\hanif\Downloads\capstone-agung\capstone-agung\data bubat barat\train\images\BubatBrt_20260512_163719_jpg.rf.eT1MWTke9rVkRuqD83kM.jpg,ok,640,480
train_bubat_barat,C:\Users\hanif\Downloads\capstone-agung\capstone-agung\data bubat barat\train\images\BubatBrt_20260512_163758_jpg.rf.UIn1OSiTbcq7e0RUIq6n.jpg,ok,640,480
train_bubat_barat,C:\Users\hanif\Downloads\capstone-agung\capstone-agung\data bubat barat\train\images\BubatBrt_20260512_163837_jpg.rf.JVOcqkj0wjYjZ9m5Dyw8.jpg,ok,640,480
train_bubat_barat,C:\Users\hanif\Downloads\capstone-agung\capstone-agung\data bubat barat\train\images\BubatBrt_20260512_163916_jpg.rf.wih8xnbn4yMpE4jZsKTQ.jpg,ok,640,480
train_bubat_barat,C:\Users\hanif\Downloads\capstone-agung\capstone-agung\data bubat barat\train\images\BubatBrt_20260512_163955_jpg.rf.uVsTFhIQf5p3x7zmKyA6.jpg,ok,640,480
train_bubat_barat,C:\Users\hanif\Downloads\capstone-agung\capstone-agung\data bubat barat\train\images\BubatBrt_20260512_164034_jpg.rf.RRPJhmyLUvFbOQxaeTak.jpg,ok,640,480
train_bubat_barat,C:\Users\hanif\Downloads\capstone-agung\capstone-agung\data bubat barat\train\images\BubatBrt_20260512_164113_jpg.rf.ASiz6IgMlbN1M2nYb0Nj.jpg,ok,640,480
train_bubat_barat,C:\Users\hanif\Downloads\capstone-agung\capstone-agung\data bubat barat\train\images\BubatBrt_20260512_164134_jpg.rf.Duz3xksyJfIrV6jyr0Vl.jpg,ok,640,480
train_bubat_barat,C:\Users\hanif\Downloads\capstone-agung\capstone-agung\data bubat barat\train\images\BubatBrt_20260512_164213_jpg.rf.r1CfciGpU7CxRj5h0qzP.jpg,ok,640,480
train_bubat_barat,C:\Users\hanif\Downloads\capstone-agung\capstone-agung\data bubat barat\train\images\BubatBrt_20260512_164252_jpg.rf.2X3ylJPhiGhLhwpJzIhp.jpg,ok,640,480
train_bubat_barat,C:\Users\hanif\Downloads\capstone-agung\capstone-agung\data bubat barat\train\images\BubatBrt_20260512_164331_jpg.rf.awPCWtf44udObJ27zVJD.jpg,ok,640,480
train_bubat_barat,C:\Users\hanif\Downloads\capstone-agung\capstone-agung\data bubat barat\train\images\BubatBrt_20260512_164410_jpg.rf.irvynRVrmMcKFeoGc50W.jpg,ok,640,480
train_bubat_barat,C:\Users\hanif\Downloads\capstone-agung\capstone-agung\data bubat barat\train\images\BubatBrt_20260512_164449_jpg.rf.01g9YTcgxuqgJSbGU5L6.jpg,ok,640,480
train_bubat_barat,C:\Users\hanif\Downloads\capstone-agung\capstone-agung\data bubat barat\train\images\BubatBrt_20260512_164528_jpg.rf.YsQG50CiRKmvt6lOJURi.jpg,ok,640,480
train_bubat_barat,C:\Users\hanif\Downloads\capstone-agung\capstone-agung\data bubat barat\train\images\BubatBrt_20260512_164607_jpg.rf.5AUUzVwLHd3fVJ9nNxd7.jpg,ok,640,480
train_bubat_barat,C:\Users\hanif\Downloads\capstone-agung\capstone-agung\data bubat barat\train\images\BubatBrt_20260512_164646_jpg.rf.DKL95hKMyRvAB7HELB7U.jpg,ok,640,480
train_bubat_barat,C:\Users\hanif\Downloads\capstone-agung\capstone-agung\data bubat barat\train\images\BubatBrt_20260512_164725_jpg.rf.PcYS70f9BHLjUwnDOnDb.jpg,ok,640,480
train_bubat_barat,C:\Users\hanif\Downloads\capstone-agung\capstone-agung\data bubat barat\train\images\BubatBrt_20260512_164804_jpg.rf.amjD9lXdFEodh9jX0e0j.jpg,ok,640,480
train_bubat_barat,C:\Users\hanif\Downloads\capstone-agung\capstone-agung\data bubat barat\train\images\BubatBrt_20260512_164843_jpg.rf.fzbK9eJiswsjdBvWLEqi.jpg,ok,640,480
train_bubat_barat,C:\Users\hanif\Downloads\capstone-agung\capstone-agung\data bubat barat\train\images\BubatBrt_20260512_165040_jpg.rf.LQCwXP0U25TRT9rQ1lS5.jpg,ok,640,480
train_bubat_barat,C:\Users\hanif\Downloads\capstone-agung\capstone-agung\data bubat barat\train\images\BubatBrt_20260512_165119_jpg.rf.Kr6SHtQUP6gPIPHIh5da.jpg,ok,640,480
train_bubat_barat,C:\Users\hanif\Downloads\capstone-agung\capstone-agung\data bubat barat\train\images\BubatBrt_20260512_165158_jpg.rf.xYnODJqZC41B8dvQ1aVe.jpg,ok,640,480
train_bubat_barat,C:\Users\hanif\Downloads\capstone-agung\capstone-agung\data bubat barat\train\images\BubatBrt_20260512_165237_jpg.rf.ZUdnuezSW5mhUhcEuHTM.jpg,ok,640,480
train_bubat_barat,C:\Users\hanif\Downloads\capstone-agung\capstone-agung\data bubat barat\train\images\BubatBrt_20260512_165316_jpg.rf.y1VMgd5YGfhE6ZOSS0Ze.jpg,ok,640,480
train_bubat_barat,C:\Users\hanif\Downloads\capstone-agung\capstone-agung\data bubat barat\train\images\BubatBrt_20260512_165355_jpg.rf.YfaPL7Kqo9VNoYauu247.jpg,ok,640,480
train_bubat_barat,C:\Users\hanif\Downloads\capstone-agung\capstone-agung\data bubat barat\train\images\BubatBrt_20260512_165434_jpg.rf.kNFFtZ3b5qYDDAEBPGVy.jpg,ok,640,480
train_bubat_barat,C:\Users\hanif\Downloads\capstone-agung\capstone-agung\data bubat barat\train\images\BubatBrt_20260512_165513_jpg.rf.phURJIfhpVI1ODsTkJl5.jpg,ok,640,480
train_bubat_barat,C:\Users\hanif\Downloads\capstone-agung\capstone-agung\data bubat barat\train\images\BubatBrt_20260512_165710_jpg.rf.OmilSbTzAkg7nItCShMp.jpg,ok,640,480
train_bubat_barat,C:\Users\hanif\Downloads\capstone-agung\capstone-agung\data bubat barat\train\images\BubatBrt_20260512_165749_jpg.rf.GSiAfLtlOogkzqWoq6BP.jpg,ok,640,480
train_bubat_barat,C:\Users\hanif\Downloads\capstone-agung\capstone-agung\data bubat barat\train\images\BubatBrt_20260512_165947_jpg.rf.hmFYLjCT3MRRbvrtJ8xd.jpg,ok,640,480
train_bubat_barat,C:\Users\hanif\Downloads\capstone-agung\capstone-agung\data bubat barat\train\images\BubatBrt_20260512_170026_jpg.rf.RhTixPqYYEu3lXMTmRdm.jpg,ok,640,480
train_bubat_barat,C:\Users\hanif\Downloads\capstone-agung\capstone-agung\data bubat barat\train\images\BubatBrt_20260512_170145_jpg.rf.adsRIm7oRFvvtXlJcYXM.jpg,ok,640,480
train_bubat_barat,C:\Users\hanif\Downloads\capstone-agung\capstone-agung\data bubat barat\train\images\BubatBrt_20260512_170224_jpg.rf.wIMw6IwBvrVL9FwXQPMy.jpg,ok,640,480
train_bubat_barat,C:\Users\hanif\Downloads\capstone-agung\capstone-agung\data bubat barat\train\images\BubatBrt_20260512_170303_jpg.rf.KmY5yYg86TvRmHt6tbSP.jpg,ok,640,480
train_bubat_barat,C:\Users\hanif\Downloads\capstone-agung\capstone-agung\data bubat barat\train\images\BubatBrt_20260512_170342_jpg.rf.8z7fgzkcJdHsz30sz0iQ.jpg,ok,640,480
train_bubat_barat,C:\Users\hanif\Downloads\capstone-agung\capstone-agung\data bubat barat\train\images\BubatBrt_20260512_170421_jpg.rf.d0dRU2XChQFcXRLhXZdO.jpg,ok,640,480
train_bubat_barat,C:\Users\hanif\Downloads\capstone-agung\capstone-agung\data bubat barat\train\images\BubatBrt_20260512_170500_jpg.rf.7YWgdMCa486fVtXLoIfM.jpg,ok,640,480
train_bubat_barat,C:\Users\hanif\Downloads\capstone-agung\capstone-agung\data bubat barat\train\images\BubatBrt_20260512_170539_jpg.rf.aT0h0AeshNriG5yL4z7X.jpg,ok,640,480
train_bubat_barat,C:\Users\hanif\Downloads\capstone-agung\capstone-agung\data bubat barat\train\images\BubatBrt_20260512_170618_jpg.rf.hhT2ZN0Hh3LaM7s53EC3.jpg,ok,640,480
train_bubat_barat,C:\Users\hanif\Downloads\capstone-agung\capstone-agung\data bubat barat\train\images\BubatBrt_20260512_170657_jpg.rf.1EpMUSWcnCbBzaPGcAjo.jpg,ok,640,480
train_bubat_barat,C:\Users\hanif\Downloads\capstone-agung\capstone-agung\data bubat barat\train\images\BubatBrt_20260512_170737_jpg.rf.GHVz3ffYyn4gRjqehS39.jpg,ok,640,480
train_bubat_barat,C:\Users\hanif\Downloads\capstone-agung\capstone-agung\data bubat barat\train\images\BubatBrt_20260512_170816_jpg.rf.xrvg6d8vP9mmyLgWDOOl.jpg,ok,640,480
train_bubat_barat,C:\Users\hanif\Downloads\capstone-agung\capstone-agung\data bubat barat\train\images\BubatBrt_20260512_170855_jpg.rf.zbD9TPdFJVymuM8RSxzr.jpg,ok,640,480
train_bubat_barat,C:\Users\hanif\Downloads\capstone-agung\capstone-agung\data bubat barat\train\images\BubatBrt_20260512_170934_jpg.rf.N9h0N9QwqDx5vxIjsteu.jpg,ok,640,480
train_bubat_barat,C:\Users\hanif\Downloads\capstone-agung\capstone-agung\data bubat barat\train\images\BubatBrt_20260512_171013_jpg.rf.aJ6cWPsGaXrFiCElbKXU.jpg,ok,640,480
train_bubat_barat,C:\Users\hanif\Downloads\capstone-agung\capstone-agung\data bubat barat\train\images\BubatBrt_20260512_171052_jpg.rf.3xjYzDeEacv87uC1Vp4t.jpg,ok,640,480
train_bubat_barat,C:\Users\hanif\Downloads\capstone-agung\capstone-agung\data bubat barat\train\images\BubatBrt_20260512_171131_jpg.rf.2uUSB9HMaLVQYAkI6Hr0.jpg,ok,640,480
train_bubat_barat,C:\Users\hanif\Downloads\capstone-agung\capstone-agung\data bubat barat\train\images\BubatBrt_20260512_171210_jpg.rf.a3Sb8YuAZgTMpp5scRQl.jpg,ok,640,480
train_bubat_barat,C:\Users\hanif\Downloads\capstone-agung\capstone-agung\data bubat barat\train\images\BubatBrt_20260512_171407_jpg.rf.OMmqCYec0vnMu5pAhki6.jpg,ok,640,480
train_bubat_barat,C:\Users\hanif\Downloads\capstone-agung\capstone-agung\data bubat barat\train\images\BubatBrt_20260512_171428_jpg.rf.KdvA1MHWfaq9E11sbGrw.jpg,ok,640,480
train_bubat_barat,C:\Users\hanif\Downloads\capstone-agung\capstone-agung\data bubat barat\train\images\BubatBrt_20260512_171507_jpg.rf.pGPFt5GKEkdhTIQkd8E2.jpg,ok,640,480
train_bubat_barat,C:\Users\hanif\Downloads\capstone-agung\capstone-agung\data bubat barat\train\images\BubatBrt_20260512_171546_jpg.rf.fvOnnjc4kJ1fK1WXgC1Q.jpg,ok,640,480
train_bubat_barat,C:\Users\hanif\Downloads\capstone-agung\capstone-agung\data bubat barat\train\images\BubatBrt_20260512_171625_jpg.rf.xa045fGIN38RBChsChgY.jpg,ok,640,480
train_bubat_barat,C:\Users\hanif\Downloads\capstone-agung\capstone-agung\data bubat barat\train\images\BubatBrt_20260512_171645_jpg.rf.pQrMGntqyD46QnQSX9SB.jpg,ok,640,480
train_bubat_barat,C:\Users\hanif\Downloads\capstone-agung\capstone-agung\data bubat barat\train\images\BubatBrt_20260512_171724_jpg.rf.TgpUHpqQJxrHGDnNaalA.jpg,ok,640,480
train_bubat_barat,C:\Users\hanif\Downloads\capstone-agung\capstone-agung\data bubat barat\train\images\BubatBrt_20260512_171803_jpg.rf.5WLEewWFGOP91H2j4VFi.jpg,ok,640,480
train_bubat_barat,C:\Users\hanif\Downloads\capstone-agung\capstone-agung\data bubat barat\train\images\BubatBrt_20260512_171842_jpg.rf.gUN7qpFQv4gWfvSM1Pps.jpg,ok,640,480
train_bubat_barat,C:\Users\hanif\Downloads\capstone-agung\capstone-agung\data bubat barat\train\images\BubatBrt_20260512_171921_jpg.rf.So1jnQvbryzsbORmdnvl.jpg,ok,640,480
train_bubat_barat,C:\Users\hanif\Downloads\capstone-agung\capstone-agung\data bubat barat\train\images\BubatBrt_20260512_172039_jpg.rf.0LHtEhl1wRExyD8OzT3p.jpg,ok,640,480
train_bubat_barat,C:\Users\hanif\Downloads\capstone-agung\capstone-agung\data bubat barat\train\images\BubatBrt_20260512_172118_jpg.rf.qCnrJlFwNWUGG73w57Mf.jpg,ok,640,480
train_bubat_barat,C:\Users\hanif\Downloads\capstone-agung\capstone-agung\data bubat barat\train\images\BubatBrt_20260512_172157_jpg.rf.WKuLTXxTQIqf2S5CKO7i.jpg,ok,640,480
train_bubat_barat,C:\Users\hanif\Downloads\capstone-agung\capstone-agung\data bubat barat\train\images\BubatBrt_20260512_172236_jpg.rf.3UCUwCh5ThKgygnnbCA6.jpg,ok,640,480
train_bubat_barat,C:\Users\hanif\Downloads\capstone-agung\capstone-agung\data bubat barat\train\images\BubatBrt_20260512_172315_jpg.rf.dVxT6BGVXIdBzCsF6UFD.jpg,ok,640,480
train_bubat_barat,C:\Users\hanif\Downloads\capstone-agung\capstone-agung\data bubat barat\train\images\BubatBrt_20260512_172354_jpg.rf.WESnle3fIe1Cf7aM5UUq.jpg,ok,640,480
train_bubat_barat,C:\Users\hanif\Downloads\capstone-agung\capstone-agung\data bubat barat\train\images\BubatBrt_20260512_172433_jpg.rf.X9DwJXevAzcHkRgxvXig.jpg,ok,640,480
train_bubat_barat,C:\Users\hanif\Downloads\capstone-agung\capstone-agung\data bubat barat\train\images\BubatBrt_20260512_172630_jpg.rf.sAhWBq2gAxn0dCcX5ivw.jpg,ok,640,480
train_bubat_barat,C:\Users\hanif\Downloads\capstone-agung\capstone-agung\data bubat barat\train\images\BubatBrt_20260512_172709_jpg.rf.zwnNoo3RrLKDqA3B2ymV.jpg,ok,640,480
train_bubat_barat,C:\Users\hanif\Downloads\capstone-agung\capstone-agung\data bubat barat\train\images\BubatBrt_20260512_172827_jpg.rf.WwgVtV2cEBm64zKDZ2kj.jpg,ok,640,480
train_bubat_barat,C:\Users\hanif\Downloads\capstone-agung\capstone-agung\data bubat barat\train\images\BubatBrt_20260512_172906_jpg.rf.QZxEQ5H6MwD6A3mzRdwT.jpg,ok,640,480
train_bubat_barat,C:\Users\hanif\Downloads\capstone-agung\capstone-agung\data bubat barat\train\images\BubatBrt_20260512_172945_jpg.rf.iOD35Jla8Owb9G43FXHh.jpg,ok,640,480
train_bubat_barat,C:\Users\hanif\Downloads\capstone-agung\capstone-agung\data bubat barat\train\images\BubatBrt_20260512_173024_jpg.rf.RS0OMNpCeRZSfDr8mYcN.jpg,ok,640,480
train_bubat_barat,C:\Users\hanif\Downloads\capstone-agung\capstone-agung\data bubat barat\train\images\BubatBrt_20260512_173104_jpg.rf.E2qiV6MVdSnNI0qqbE0W.jpg,ok,640,480
train_bubat_barat,C:\Users\hanif\Downloads\capstone-agung\capstone-agung\data bubat barat\train\images\BubatBrt_20260512_173142_jpg.rf.vvMk7XymuEAbtwpZIW0l.jpg,ok,640,480
train_bubat_barat,C:\Users\hanif\Downloads\capstone-agung\capstone-agung\data bubat barat\train\images\BubatBrt_20260512_173221_jpg.rf.nbxKGDyRZre13nDnGdCv.jpg,ok,640,480
train_bubat_barat,C:\Users\hanif\Downloads\capstone-agung\capstone-agung\data bubat barat\train\images\BubatBrt_20260512_173300_jpg.rf.TUIx2EooTD82vvUKOdxJ.jpg,ok,640,480
train_bubat_barat,C:\Users\hanif\Downloads\capstone-agung\capstone-agung\data bubat barat\train\images\BubatBrt_20260512_173419_jpg.rf.L2FhpR5SBnCLSi9EAJLs.jpg,ok,640,480
train_bubat_barat,C:\Users\hanif\Downloads\capstone-agung\capstone-agung\data bubat barat\train\images\BubatBrt_20260512_173457_jpg.rf.b6OFNfQD99phUPFGHG0f.jpg,ok,640,480
train_bubat_barat,C:\Users\hanif\Downloads\capstone-agung\capstone-agung\data bubat barat\train\images\BubatBrt_20260512_173537_jpg.rf.IbTTD7EWSxWo2WB2N9oB.jpg,ok,640,480
train_bubat_barat,C:\Users\hanif\Downloads\capstone-agung\capstone-agung\data bubat barat\train\images\BubatBrt_20260512_173616_jpg.rf.agDwlt9N9BTMV5DBKu8F.jpg,ok,640,480
train_bubat_barat,C:\Users\hanif\Downloads\capstone-agung\capstone-agung\data bubat barat\train\images\BubatBrt_20260512_173655_jpg.rf.O01egVTuOfLLXltheVL2.jpg,ok,640,480
train_bubat_barat,C:\Users\hanif\Downloads\capstone-agung\capstone-agung\data bubat barat\train\images\BubatBrt_20260512_173734_jpg.rf.6FlhHYJ1l11TsWsIBk1e.jpg,ok,640,480
train_bubat_barat,C:\Users\hanif\Downloads\capstone-agung\capstone-agung\data bubat barat\train\images\BubatBrt_20260512_173813_jpg.rf.vxvwew1iocoSamURz32L.jpg,ok,640,480
train_bubat_barat,C:\Users\hanif\Downloads\capstone-agung\capstone-agung\data bubat barat\train\images\BubatBrt_20260512_173852_jpg.rf.nsL4fsc3zzcWdtdWSVhO.jpg,ok,640,480
train_bubat_barat,C:\Users\hanif\Downloads\capstone-agung\capstone-agung\data bubat barat\train\images\BubatBrt_20260512_173930_jpg.rf.echArM68HX7vvNjRAsX3.jpg,ok,640,480
train_bubat_barat,C:\Users\hanif\Downloads\capstone-agung\capstone-agung\data bubat barat\train\images\BubatBrt_20260512_174010_jpg.rf.1VACRGfppI1Lfu1Wx7AD.jpg,ok,640,480
train_bubat_barat,C:\Users\hanif\Downloads\capstone-agung\capstone-agung\data bubat barat\train\images\BubatBrt_20260512_174049_jpg.rf.HGogNvtUfoasNp8dQxgA.jpg,ok,640,480
train_bubat_barat,C:\Users\hanif\Downloads\capstone-agung\capstone-agung\data bubat barat\train\images\BubatBrt_20260512_174127_jpg.rf.lFR9y1k5rmBiayOAaUhR.jpg,ok,640,480
train_bubat_barat,C:\Users\hanif\Downloads\capstone-agung\capstone-agung\data bubat barat\train\images\BubatBrt_20260512_174206_jpg.rf.hMSAnUpS5lsqbh5KDVEa.jpg,ok,640,480
train_bubat_barat,C:\Users\hanif\Downloads\capstone-agung\capstone-agung\data bubat barat\train\images\BubatBrt_20260512_174246_jpg.rf.Mqg8LvzgERGS3n6SU7Kj.jpg,ok,640,480
train_bubat_barat,C:\Users\hanif\Downloads\capstone-agung\capstone-agung\data bubat barat\train\images\BubatBrt_20260512_174325_jpg.rf.RJ71JLGA7HrFZQYyN8jx.jpg,ok,640,480
train_bubat_barat,C:\Users\hanif\Downloads\capstone-agung\capstone-agung\data bubat barat\train\images\BubatBrt_20260512_174404_jpg.rf.WAxXdDa07WtHqnAUMn5D.jpg,ok,640,480
train_bubat_barat,C:\Users\hanif\Downloads\capstone-agung\capstone-agung\data bubat barat\train\images\BubatBrt_20260512_174443_jpg.rf.dVcNDO0zQQIMYQHSK1ND.jpg,ok,640,480
train_bubat_barat,C:\Users\hanif\Downloads\capstone-agung\capstone-agung\data bubat barat\train\images\BubatBrt_20260512_174522_jpg.rf.MwycNk1Vh3zCrb3NI0Ex.jpg,ok,640,480
train_bubat_barat,C:\Users\hanif\Downloads\capstone-agung\capstone-agung\data bubat barat\train\images\BubatBrt_20260512_174601_jpg.rf.52lFoOdRU14ejOqWKbpq.jpg,ok,640,480
train_bubat_barat,C:\Users\hanif\Downloads\capstone-agung\capstone-agung\data bubat barat\train\images\BubatBrt_20260512_174640_jpg.rf.dB7yzhgGibuC6gklKAig.jpg,ok,640,480
train_bubat_barat,C:\Users\hanif\Downloads\capstone-agung\capstone-agung\data bubat barat\train\images\BubatBrt_20260512_174719_jpg.rf.eJx3809MZfONE9jce98P.jpg,ok,640,480
train_bubat_barat,C:\Users\hanif\Downloads\capstone-agung\capstone-agung\data bubat barat\train\images\BubatBrt_20260512_174758_jpg.rf.EmXkK85UMdXS1NbtXf41.jpg,ok,640,480
train_bubat_barat,C:\Users\hanif\Downloads\capstone-agung\capstone-agung\data bubat barat\train\images\BubatBrt_20260512_174955_jpg.rf.aqvAO0Okgv2RSvD5W6dS.jpg,ok,640,480
train_bubat_barat,C:\Users\hanif\Downloads\capstone-agung\capstone-agung\data bubat barat\train\images\BubatBrt_20260512_175034_jpg.rf.ydspDhzvm3BU7uM437JK.jpg,ok,640,480
train_bubat_barat,C:\Users\hanif\Downloads\capstone-agung\capstone-agung\data bubat barat\train\images\BubatBrt_20260512_175152_jpg.rf.ALLpU6K8MN85OizA6EG5.jpg,ok,640,480
train_bubat_barat,C:\Users\hanif\Downloads\capstone-agung\capstone-agung\data bubat barat\train\images\BubatBrt_20260512_175231_jpg.rf.6VbfsIJXysRnB11a2e3q.jpg,ok,640,480
train_bubat_barat,C:\Users\hanif\Downloads\capstone-agung\capstone-agung\data bubat barat\train\images\BubatBrt_20260512_175311_jpg.rf.gp42Ftt6lKpsvRrTExPV.jpg,ok,640,480
train_bubat_barat,C:\Users\hanif\Downloads\capstone-agung\capstone-agung\data bubat barat\train\images\BubatBrt_20260512_175349_jpg.rf.xEmk6rtevmAlTm4RM2SM.jpg,ok,640,480
train_bubat_barat,C:\Users\hanif\Downloads\capstone-agung\capstone-agung\data bubat barat\train\images\BubatBrt_20260512_175428_jpg.rf.dm6w16ycaO8cA9aMcPjj.jpg,ok,640,480
train_bubat_barat,C:\Users\hanif\Downloads\capstone-agung\capstone-agung\data bubat barat\train\images\BubatBrt_20260512_175507_jpg.rf.FtQhPRnvHAhnez4FyDbK.jpg,ok,640,480
train_bubat_barat,C:\Users\hanif\Downloads\capstone-agung\capstone-agung\data bubat barat\train\images\BubatBrt_20260512_175546_jpg.rf.WWbMSak9Vw6vdi7S83Yu.jpg,ok,640,480
train_bubat_barat,C:\Users\hanif\Downloads\capstone-agung\capstone-agung\data bubat barat\train\images\BubatBrt_20260512_175625_jpg.rf.oq1lLfrJZrZ158YXe0ca.jpg,ok,640,480
train_bubat_barat,C:\Users\hanif\Downloads\capstone-agung\capstone-agung\data bubat barat\train\images\BubatBrt_20260512_175743_jpg.rf.WVe0vikC5ax4L71JRoRe.jpg,ok,640,480
train_bubat_barat,C:\Users\hanif\Downloads\capstone-agung\capstone-agung\data bubat barat\train\images\BubatBrt_20260512_175823_jpg.rf.VavfWckYg7fiphxP7Fcz.jpg,ok,640,480
train_bubat_barat,C:\Users\hanif\Downloads\capstone-agung\capstone-agung\data bubat barat\train\images\BubatBrt_20260512_175902_jpg.rf.aiBxsVoInfnIY7qHbugJ.jpg,ok,640,480
train_bubat_barat,C:\Users\hanif\Downloads\capstone-agung\capstone-agung\data bubat barat\train\images\BubatBrt_20260512_175941_jpg.rf.IpFUwSGR9d6a04C0d4yM.jpg,ok,640,480
train_bubat_barat,C:\Users\hanif\Downloads\capstone-agung\capstone-agung\data bubat barat\train\images\BubatBrt_20260512_180059_jpg.rf.ZkVPtGeHxHYs3pDOV8c1.jpg,ok,640,480
train_bubat_barat,C:\Users\hanif\Downloads\capstone-agung\capstone-agung\data bubat barat\train\images\BubatBrt_20260512_180138_jpg.rf.GAaSXihFjEzCzm015d7t.jpg,ok,640,480
train_bubat_barat,C:\Users\hanif\Downloads\capstone-agung\capstone-agung\data bubat barat\train\images\BubatBrt_20260512_180159_jpg.rf.GfKiYNrX0T5HatXZtrBe.jpg,ok,640,480
train_bubat_barat,C:\Users\hanif\Downloads\capstone-agung\capstone-agung\data bubat barat\train\images\BubatBrt_20260512_180237_jpg.rf.5Eei0KSGJiMBWMInCW8k.jpg,ok,640,480
train_bubat_barat,C:\Users\hanif\Downloads\capstone-agung\capstone-agung\data bubat barat\train\images\BubatBrt_20260512_180317_jpg.rf.Cnk9SpKTVxCZDAXzRh1v.jpg,ok,640,480
train_bubat_barat,C:\Users\hanif\Downloads\capstone-agung\capstone-agung\data bubat barat\train\images\BubatBrt_20260512_180355_jpg.rf.gBvu9KtPsrxovaPnfYDl.jpg,ok,640,480
train_bubat_barat,C:\Users\hanif\Downloads\capstone-agung\capstone-agung\data bubat barat\train\images\BubatBrt_20260512_180434_jpg.rf.B2L5pN2feXSoLacXA5A7.jpg,ok,640,480
train_bubat_barat,C:\Users\hanif\Downloads\capstone-agung\capstone-agung\data bubat barat\train\images\BubatBrt_20260512_180514_jpg.rf.CrLSykwGUaPvSnreyNop.jpg,ok,640,480
train_bubat_barat,C:\Users\hanif\Downloads\capstone-agung\capstone-agung\data bubat barat\train\images\BubatBrt_20260512_180632_jpg.rf.aEegpJpVQyzUX3DgoiJq.jpg,ok,640,480
train_bubat_barat,C:\Users\hanif\Downloads\capstone-agung\capstone-agung\data bubat barat\train\images\BubatBrt_20260512_180710_jpg.rf.YP2vNGK7kSu2I1AtzjT7.jpg,ok,640,480
train_bubat_barat,C:\Users\hanif\Downloads\capstone-agung\capstone-agung\data bubat barat\train\images\BubatBrt_20260512_180749_jpg.rf.6I9u7ClA7W8cVO6n7bFG.jpg,ok,640,480
train_bubat_barat,C:\Users\hanif\Downloads\capstone-agung\capstone-agung\data bubat barat\train\images\BubatBrt_20260512_180828_jpg.rf.DSsRe3ngB1aDc90yT9hT.jpg,ok,640,480
train_bubat_barat,C:\Users\hanif\Downloads\capstone-agung\capstone-agung\data bubat barat\train\images\BubatBrt_20260512_181006_jpg.rf.3ls2epjwmVfsUzqXv47V.jpg,ok,640,480
train_bubat_barat,C:\Users\hanif\Downloads\capstone-agung\capstone-agung\data bubat barat\train\images\BubatBrt_20260512_181045_jpg.rf.yTgcCVvkZK11rxlymPDi.jpg,ok,640,480
train_bubat_barat,C:\Users\hanif\Downloads\capstone-agung\capstone-agung\data bubat barat\train\images\BubatBrt_20260512_181124_jpg.rf.GkWARQYWkyK7KMCIdsPj.jpg,ok,640,480
train_bubat_barat,C:\Users\hanif\Downloads\capstone-agung\capstone-agung\data bubat barat\train\images\BubatBrt_20260512_181318_jpg.rf.pz9OauK5wINdvmTC7JYc.jpg,ok,640,480
train_bubat_barat,C:\Users\hanif\Downloads\capstone-agung\capstone-agung\data bubat barat\train\images\BubatBrt_20260512_181357_jpg.rf.LiqGEtJqzezvrRK0HBeQ.jpg,ok,640,480
train_bubat_barat,C:\Users\hanif\Downloads\capstone-agung\capstone-agung\data bubat barat\train\images\BubatBrt_20260512_181515_jpg.rf.uc8UtLDlBAFLkr6LBlkE.jpg,ok,640,480
train_bubat_barat,C:\Users\hanif\Downloads\capstone-agung\capstone-agung\data bubat barat\train\images\BubatBrt_20260512_181554_jpg.rf.8QMKUqpZXERlC0LPIHro.jpg,ok,640,480
train_bubat_barat,C:\Users\hanif\Downloads\capstone-agung\capstone-agung\data bubat barat\train\images\BubatBrt_20260512_181634_jpg.rf.ewM256scl4iW9U1vJZeY.jpg,ok,640,480
train_bubat_barat,C:\Users\hanif\Downloads\capstone-agung\capstone-agung\data bubat barat\train\images\BubatBrt_20260512_181712_jpg.rf.nO6HMGDsnrNXH2AIET54.jpg,ok,640,480
train_bubat_barat,C:\Users\hanif\Downloads\capstone-agung\capstone-agung\data bubat barat\train\images\BubatBrt_20260512_181830_jpg.rf.RWrwL3IImX0kMFuE2Ovs.jpg,ok,640,480
train_bubat_barat,C:\Users\hanif\Downloads\capstone-agung\capstone-agung\data bubat barat\train\images\BubatBrt_20260512_181909_jpg.rf.YhFMxR6b3XZUeOJRGZo8.jpg,ok,640,480
train_bubat_barat,C:\Users\hanif\Downloads\capstone-agung\capstone-agung\data bubat barat\train\images\BubatBrt_20260512_181948_jpg.rf.znm4CqBY8jEc9dzAE2Ke.jpg,ok,640,480
train_bubat_barat,C:\Users\hanif\Downloads\capstone-agung\capstone-agung\data bubat barat\train\images\BubatBrt_20260512_182027_jpg.rf.hShIAPxDV7kDLy9xPgf8.jpg,ok,640,480
train_bubat_barat,C:\Users\hanif\Downloads\capstone-agung\capstone-agung\data bubat barat\train\images\BubatBrt_20260512_182106_jpg.rf.zD7nE6PRBsuHXVCqiMSp.jpg,ok,640,480
train_bubat_barat,C:\Users\hanif\Downloads\capstone-agung\capstone-agung\data bubat barat\train\images\BubatBrt_20260512_182145_jpg.rf.Xf0pH5fIWtGF9S0mopLg.jpg,ok,640,480
train_bubat_barat,C:\Users\hanif\Downloads\capstone-agung\capstone-agung\data bubat barat\train\images\BubatBrt_20260512_182225_jpg.rf.OpYNmumWx4DKuRz0O5Ph.jpg,ok,640,480
train_bubat_barat,C:\Users\hanif\Downloads\capstone-agung\capstone-agung\data bubat barat\train\images\BubatBrt_20260512_182304_jpg.rf.djnnfKj5qKOeDG26j7ok.jpg,ok,640,480
train_bubat_barat,C:\Users\hanif\Downloads\capstone-agung\capstone-agung\data bubat barat\train\images\BubatBrt_20260512_182422_jpg.rf.c0piqA5UQzd3cYsg7CJq.jpg,ok,640,480
train_bubat_barat,C:\Users\hanif\Downloads\capstone-agung\capstone-agung\data bubat barat\train\images\BubatBrt_20260512_182501_jpg.rf.ko8INmVtbUChGp9KM5cW.jpg,ok,640,480
train_bubat_barat,C:\Users\hanif\Downloads\capstone-agung\capstone-agung\data bubat barat\train\images\BubatBrt_20260512_182540_jpg.rf.CsGj87vz0v2PAaCbJdLJ.jpg,ok,640,480
train_bubat_barat,C:\Users\hanif\Downloads\capstone-agung\capstone-agung\data bubat barat\train\images\BubatBrt_20260512_182619_jpg.rf.UNuYYC7XW7iOD7ZOwtlE.jpg,ok,640,480
train_bubat_barat,C:\Users\hanif\Downloads\capstone-agung\capstone-agung\data bubat barat\train\images\BubatBrt_20260512_182816_jpg.rf.vYvQe6UTLLa5KtYMzAZo.jpg,ok,640,480
train_bubat_barat,C:\Users\hanif\Downloads\capstone-agung\capstone-agung\data bubat barat\train\images\BubatBrt_20260512_182855_jpg.rf.Gpkgyh2ZwlrNBTNRNUys.jpg,ok,640,480
train_bubat_barat,C:\Users\hanif\Downloads\capstone-agung\capstone-agung\data bubat barat\train\images\BubatBrt_20260512_183013_jpg.rf.GTLwkFD0zYASzAr4H0Id.jpg,ok,640,480
train_bubat_barat,C:\Users\hanif\Downloads\capstone-agung\capstone-agung\data bubat barat\train\images\BubatBrt_20260512_183052_jpg.rf.AiztSwsKj3HuGIYxZro7.jpg,ok,640,480
train_bubat_barat,C:\Users\hanif\Downloads\capstone-agung\capstone-agung\data bubat barat\train\images\BubatBrt_20260512_183131_jpg.rf.vVMdhTkL2qP29P2qKLi2.jpg,ok,640,480
train_bubat_barat,C:\Users\hanif\Downloads\capstone-agung\capstone-agung\data bubat barat\train\images\BubatBrt_20260512_183210_jpg.rf.T2In3gdk8SB56YUNWAde.jpg,ok,640,480
train_bubat_barat,C:\Users\hanif\Downloads\capstone-agung\capstone-agung\data bubat barat\train\images\BubatBrt_20260512_183328_jpg.rf.AZcoZQtv5MZcpk0mSi5L.jpg,ok,640,480
train_bubat_barat,C:\Users\hanif\Downloads\capstone-agung\capstone-agung\data bubat barat\train\images\BubatBrt_20260512_183407_jpg.rf.bNGbC166HDFPpV1nYtVq.jpg,ok,640,480
train_bubat_barat,C:\Users\hanif\Downloads\capstone-agung\capstone-agung\data bubat barat\train\images\BubatBrt_20260512_183446_jpg.rf.4EE6dlCwiXg4QDfkdPYt.jpg,ok,640,480
train_bubat_barat,C:\Users\hanif\Downloads\capstone-agung\capstone-agung\data bubat barat\train\images\BubatBrt_20260512_183526_jpg.rf.RgxM5QhcvVUMyhxT6C2G.jpg,ok,640,480
train_bubat_barat,C:\Users\hanif\Downloads\capstone-agung\capstone-agung\data bubat barat\train\images\BubatBrt_20260512_183605_jpg.rf.zPmEh5BGizY4ZcMGBQOK.jpg,ok,640,480
train_bubat_barat,C:\Users\hanif\Downloads\capstone-agung\capstone-agung\data bubat barat\train\images\BubatBrt_20260512_183644_jpg.rf.5elUOl9WAq9TRtOA0DwF.jpg,ok,640,480
train_bubat_barat,C:\Users\hanif\Downloads\capstone-agung\capstone-agung\data bubat barat\train\images\BubatBrt_20260512_183723_jpg.rf.J75kMflSG7tSFlic4XtA.jpg,ok,640,480
train_bubat_barat,C:\Users\hanif\Downloads\capstone-agung\capstone-agung\data bubat barat\train\images\BubatBrt_20260512_183802_jpg.rf.Nx3pVtJ5992gfB23r2dL.jpg,ok,640,480
train_bubat_barat,C:\Users\hanif\Downloads\capstone-agung\capstone-agung\data bubat barat\train\images\BubatBrt_20260512_183842_jpg.rf.hK3GWL52PajEVELq9GjE.jpg,ok,640,480
train_bubat_barat,C:\Users\hanif\Downloads\capstone-agung\capstone-agung\data bubat barat\train\images\BubatBrt_20260512_183921_jpg.rf.VgNKgWBna22BJ9Vfahr8.jpg,ok,640,480
train_bubat_barat,C:\Users\hanif\Downloads\capstone-agung\capstone-agung\data bubat barat\train\images\BubatBrt_20260512_184000_jpg.rf.dCRP2vgsW6R3tHA6cTy0.jpg,ok,640,480
train_bubat_barat,C:\Users\hanif\Downloads\capstone-agung\capstone-agung\data bubat barat\train\images\BubatBrt_20260512_184039_jpg.rf.z6uNOXsyApvnZfZNluIs.jpg,ok,640,480
train_bubat_barat,C:\Users\hanif\Downloads\capstone-agung\capstone-agung\data bubat barat\train\images\BubatBrt_20260512_184119_jpg.rf.UGe81hHXbnNjlM46CmWt.jpg,ok,640,480
train_bubat_barat,C:\Users\hanif\Downloads\capstone-agung\capstone-agung\data bubat barat\train\images\BubatBrt_20260512_184236_jpg.rf.DIpyRQWhO2WfuJv5EeHN.jpg,ok,640,480
train_bubat_barat,C:\Users\hanif\Downloads\capstone-agung\capstone-agung\data bubat barat\train\images\BubatBrt_20260512_184315_jpg.rf.XaLJYW8wCmGFKZ9XugXn.jpg,ok,640,480
train_bubat_barat,C:\Users\hanif\Downloads\capstone-agung\capstone-agung\data bubat barat\train\images\BubatBrt_20260512_184354_jpg.rf.vXIZscjkVNIM2xnQ81XU.jpg,ok,640,480
train_bubat_barat,C:\Users\hanif\Downloads\capstone-agung\capstone-agung\data bubat barat\train\images\BubatBrt_20260512_184512_jpg.rf.vamRwNbyNLRpB3XeqSOO.jpg,ok,640,480
train_bubat_barat,C:\Users\hanif\Downloads\capstone-agung\capstone-agung\data bubat barat\train\images\BubatBrt_20260512_184551_jpg.rf.2YTP2DQyZET9efHOx6LL.jpg,ok,640,480
train_bubat_barat,C:\Users\hanif\Downloads\capstone-agung\capstone-agung\data bubat barat\train\images\BubatBrt_20260512_184630_jpg.rf.oMq7ZlO59PLBTBbLhUlB.jpg,ok,640,480
train_bubat_barat,C:\Users\hanif\Downloads\capstone-agung\capstone-agung\data bubat barat\train\images\BubatBrt_20260512_184709_jpg.rf.LkDbrjQSCtYKQJ4V8Jaq.jpg,ok,640,480
train_bubat_barat,C:\Users\hanif\Downloads\capstone-agung\capstone-agung\data bubat barat\train\images\BubatBrt_20260512_184749_jpg.rf.WoFl9RdrzOtmeUsZPHPp.jpg,ok,640,480
train_bubat_barat,C:\Users\hanif\Downloads\capstone-agung\capstone-agung\data bubat barat\train\images\BubatBrt_20260512_184828_jpg.rf.RgoUvgnEEdlSp6NWj9M8.jpg,ok,640,480
train_bubat_barat,C:\Users\hanif\Downloads\capstone-agung\capstone-agung\data bubat barat\train\images\BubatBrt_20260512_184907_jpg.rf.9INmWt6YjG0rH5cgdgxo.jpg,ok,640,480
train_bubat_barat,C:\Users\hanif\Downloads\capstone-agung\capstone-agung\data bubat barat\train\images\BubatBrt_20260512_184946_jpg.rf.1WPIn1oJnZge14nKJ8mm.jpg,ok,640,480
train_bubat_barat,C:\Users\hanif\Downloads\capstone-agung\capstone-agung\data bubat barat\train\images\BubatBrt_20260512_185104_jpg.rf.VzUzEdA0RK7VeqU4Z5LZ.jpg,ok,640,480
train_bubat_barat,C:\Users\hanif\Downloads\capstone-agung\capstone-agung\data bubat barat\train\images\BubatBrt_20260512_185143_jpg.rf.Oy9DG61fHK0ULzA9G2c2.jpg,ok,640,480
train_bubat_barat,C:\Users\hanif\Downloads\capstone-agung\capstone-agung\data bubat barat\train\images\BubatBrt_20260512_185222_jpg.rf.ybLxtAFKeIQF9CSVSiCL.jpg,ok,640,480
train_bubat_barat,C:\Users\hanif\Downloads\capstone-agung\capstone-agung\data bubat barat\train\images\BubatBrt_20260512_185340_jpg.rf.3u8F8bf4LmgKTx02dlFZ.jpg,ok,640,480
train_bubat_barat,C:\Users\hanif\Downloads\capstone-agung\capstone-agung\data bubat barat\train\images\BubatBrt_20260512_185419_jpg.rf.swR3GtOV6hQfgFbWtPz3.jpg,ok,640,480
train_bubat_barat,C:\Users\hanif\Downloads\capstone-agung\capstone-agung\data bubat barat\train\images\BubatBrt_20260512_185458_jpg.rf.XN2ttdLmldAOfxqms7ny.jpg,ok,640,480
train_bubat_barat,C:\Users\hanif\Downloads\capstone-agung\capstone-agung\data bubat barat\train\images\BubatBrt_20260512_185537_jpg.rf.yob9VL9EUY35LulT1PAp.jpg,ok,640,480
train_bubat_barat,C:\Users\hanif\Downloads\capstone-agung\capstone-agung\data bubat barat\train\images\BubatBrt_20260512_185656_jpg.rf.wnve5AoAuCQ42jnpF6Ik.jpg,ok,640,480
train_bubat_barat,C:\Users\hanif\Downloads\capstone-agung\capstone-agung\data bubat barat\train\images\BubatBrt_20260512_185735_jpg.rf.48J6jgCmGY9GklyhAsTD.jpg,ok,640,480
train_bubat_barat,C:\Users\hanif\Downloads\capstone-agung\capstone-agung\data bubat barat\train\images\BubatBrt_20260512_185813_jpg.rf.j6VuuFGYmzU2QrakTfdD.jpg,ok,640,480
train_bubat_barat,C:\Users\hanif\Downloads\capstone-agung\capstone-agung\data bubat barat\train\images\BubatBrt_20260512_185853_jpg.rf.Bfi9PmhcAnM0WScsmm0S.jpg,ok,640,480
train_bubat_barat,C:\Users\hanif\Downloads\capstone-agung\capstone-agung\data bubat barat\train\images\BubatBrt_20260512_185932_jpg.rf.vRaTR2HMQdddXsmuNPFn.jpg,ok,640,480
train_bubat_barat,C:\Users\hanif\Downloads\capstone-agung\capstone-agung\data bubat barat\train\images\BubatBrt_20260512_190011_jpg.rf.Neae9I7Dz3I5nknvoE45.jpg,ok,640,480
train_bubat_barat,C:\Users\hanif\Downloads\capstone-agung\capstone-agung\data bubat barat\train\images\BubatBrt_20260512_190050_jpg.rf.77UCKy7mEE8ESY1mYSLL.jpg,ok,640,480
train_bubat_barat,C:\Users\hanif\Downloads\capstone-agung\capstone-agung\data bubat barat\train\images\BubatBrt_20260512_190129_jpg.rf.iw7UjvqooP1YTJhdRusG.jpg,ok,640,480
train_bubat_barat,C:\Users\hanif\Downloads\capstone-agung\capstone-agung\data bubat barat\train\images\BubatBrt_20260512_190208_jpg.rf.oCw6Tdl8lNQpKB3Jsxde.jpg,ok,640,480
train_bubat_barat,C:\Users\hanif\Downloads\capstone-agung\capstone-agung\data bubat barat\train\images\BubatBrt_20260512_190327_jpg.rf.2KCpuC6etW7DFRHh854m.jpg,ok,640,480
train_bubat_barat,C:\Users\hanif\Downloads\capstone-agung\capstone-agung\data bubat barat\train\images\BubatBrt_20260512_190406_jpg.rf.hobo0OTtH9yjsrCifY0h.jpg,ok,640,480
train_bubat_barat,C:\Users\hanif\Downloads\capstone-agung\capstone-agung\data bubat barat\train\images\BubatBrt_20260512_190524_jpg.rf.nZglUJ9ARuwne1UGGewb.jpg,ok,640,480
train_bubat_barat,C:\Users\hanif\Downloads\capstone-agung\capstone-agung\data bubat barat\train\images\BubatBrt_20260512_190603_jpg.rf.s69aXMxM3FRDVxhU2PB6.jpg,ok,640,480
train_bubat_barat,C:\Users\hanif\Downloads\capstone-agung\capstone-agung\data bubat barat\train\images\BubatBrt_20260512_190643_jpg.rf.iNM4J1c4g1VuQkVURJjT.jpg,ok,640,480
train_bubat_barat,C:\Users\hanif\Downloads\capstone-agung\capstone-agung\data bubat barat\train\images\BubatBrt_20260512_190722_jpg.rf.HJQHojI7yPUz7ddn5yZB.jpg,ok,640,480
train_bubat_barat,C:\Users\hanif\Downloads\capstone-agung\capstone-agung\data bubat barat\train\images\BubatBrt_20260512_190840_jpg.rf.YYHfRW1qSIvjJxiVCNhl.jpg,ok,640,480
train_bubat_barat,C:\Users\hanif\Downloads\capstone-agung\capstone-agung\data bubat barat\train\images\BubatBrt_20260512_190920_jpg.rf.NBRO2aWJdSmt87fOfM4n.jpg,ok,640,480
train_bubat_barat,C:\Users\hanif\Downloads\capstone-agung\capstone-agung\data bubat barat\train\images\BubatBrt_20260512_190959_jpg.rf.bIF2hyvT1gjSmEOZo8uI.jpg,ok,640,480
train_bubat_barat,C:\Users\hanif\Downloads\capstone-agung\capstone-agung\data bubat barat\train\images\BubatBrt_20260512_191038_jpg.rf.DftHFQ3xXoxHSVZGNSeV.jpg,ok,640,480
train_bubat_barat,C:\Users\hanif\Downloads\capstone-agung\capstone-agung\data bubat barat\train\images\BubatBrt_20260512_191155_jpg.rf.JFpFtWimbVEop3C9V7n3.jpg,ok,640,480
train_bubat_barat,C:\Users\hanif\Downloads\capstone-agung\capstone-agung\data bubat barat\train\images\BubatBrt_20260512_191234_jpg.rf.fVRW4GQjSnlBk08n0tSC.jpg,ok,640,480
train_bubat_barat,C:\Users\hanif\Downloads\capstone-agung\capstone-agung\data bubat barat\train\images\BubatBrt_20260512_191313_jpg.rf.pOWzxDP7YvX82cvRelwd.jpg,ok,640,480
train_bubat_barat,C:\Users\hanif\Downloads\capstone-agung\capstone-agung\data bubat barat\train\images\BubatBrt_20260512_191431_jpg.rf.G3jdpbn5eNVvVzDL9GZI.jpg,ok,640,480
train_bubat_barat,C:\Users\hanif\Downloads\capstone-agung\capstone-agung\data bubat barat\train\images\BubatBrt_20260512_191510_jpg.rf.qLnuSwCrOvTCcEPjHMbr.jpg,ok,640,480
train_bubat_barat,C:\Users\hanif\Downloads\capstone-agung\capstone-agung\data bubat barat\train\images\BubatBrt_20260512_191549_jpg.rf.n53IYu1zY4lvUDwtY1On.jpg,ok,640,480
train_bubat_barat,C:\Users\hanif\Downloads\capstone-agung\capstone-agung\data bubat barat\train\images\BubatBrt_20260512_191746_jpg.rf.8z5DwxdaLCCCjo0iGaan.jpg,ok,640,480
train_bubat_barat,C:\Users\hanif\Downloads\capstone-agung\capstone-agung\data bubat barat\train\images\BubatBrt_20260512_191826_jpg.rf.Xkt9caxR8ewAqSM6IFEY.jpg,ok,640,480
train_bubat_barat,C:\Users\hanif\Downloads\capstone-agung\capstone-agung\data bubat barat\train\images\BubatBrt_20260512_191904_jpg.rf.gjAw8QDhooxC6QHs9cqr.jpg,ok,640,480
train_bubat_barat,C:\Users\hanif\Downloads\capstone-agung\capstone-agung\data bubat barat\train\images\BubatBrt_20260512_192022_jpg.rf.D7h5Bo52fHHYULepCVcg.jpg,ok,640,480
train_bubat_barat,C:\Users\hanif\Downloads\capstone-agung\capstone-agung\data bubat barat\train\images\BubatBrt_20260512_192102_jpg.rf.zFjoGSuq9kooLJOTughF.jpg,ok,640,480
train_bubat_barat,C:\Users\hanif\Downloads\capstone-agung\capstone-agung\data bubat barat\train\images\BubatBrt_20260512_192141_jpg.rf.5hoeNe5qwvHeJQ7bA2cF.jpg,ok,640,480
train_bubat_barat,C:\Users\hanif\Downloads\capstone-agung\capstone-agung\data bubat barat\train\images\BubatBrt_20260512_192259_jpg.rf.AHBUAOgnNYzejfwMTnUH.jpg,ok,640,480
train_bubat_barat,C:\Users\hanif\Downloads\capstone-agung\capstone-agung\data bubat barat\train\images\BubatBrt_20260512_192338_jpg.rf.7hY9slTLbN9TkKUwIXOT.jpg,ok,640,480
train_bubat_barat,C:\Users\hanif\Downloads\capstone-agung\capstone-agung\data bubat barat\train\images\BubatBrt_20260512_192418_jpg.rf.7EOiMRm9FXU2oDtCPpqg.jpg,ok,640,480
train_bubat_barat,C:\Users\hanif\Downloads\capstone-agung\capstone-agung\data bubat barat\train\images\BubatBrt_20260512_192457_jpg.rf.hsm5CqXJiUCOSigiEhBr.jpg,ok,640,480
train_bubat_barat,C:\Users\hanif\Downloads\capstone-agung\capstone-agung\data bubat barat\train\images\BubatBrt_20260512_192615_jpg.rf.Gxx5HCAfk5Lmi4PmIg0O.jpg,ok,640,480
train_bubat_barat,C:\Users\hanif\Downloads\capstone-agung\capstone-agung\data bubat barat\train\images\BubatBrt_20260512_192655_jpg.rf.GNg0wHO5rRr9UWevJUwD.jpg,ok,640,480
train_bubat_barat,C:\Users\hanif\Downloads\capstone-agung\capstone-agung\data bubat barat\train\images\BubatBrt_20260512_192734_jpg.rf.Efe9nGzhkp4niTHbbzzj.jpg,ok,640,480
train_bubat_barat,C:\Users\hanif\Downloads\capstone-agung\capstone-agung\data bubat barat\train\images\BubatBrt_20260512_193011_jpg.rf.x7FMQd7obE8STh8J50rN.jpg,ok,640,480
train_bubat_barat,C:\Users\hanif\Downloads\capstone-agung\capstone-agung\data bubat barat\train\images\BubatBrt_20260512_193050_jpg.rf.VGmUqGalAt5AVWlhYuoS.jpg,ok,640,480
train_bubat_barat,C:\Users\hanif\Downloads\capstone-agung\capstone-agung\data bubat barat\train\images\BubatBrt_20260512_193129_jpg.rf.Q6RL6IZ1xJj6ENqXo9Vx.jpg,ok,640,480
train_bubat_barat,C:\Users\hanif\Downloads\capstone-agung\capstone-agung\data bubat barat\train\images\BubatBrt_20260512_193208_jpg.rf.AqxO7YCkKeoGpKAR26at.jpg,ok,640,480
train_bubat_barat,C:\Users\hanif\Downloads\capstone-agung\capstone-agung\data bubat barat\train\images\BubatBrt_20260512_193248_jpg.rf.VH70TQA6MkTe5db78BlI.jpg,ok,640,480
train_bubat_barat,C:\Users\hanif\Downloads\capstone-agung\capstone-agung\data bubat barat\train\images\BubatBrt_20260512_193327_jpg.rf.TOixMWwaiiN2bLKu3eUc.jpg,ok,640,480
train_bubat_barat,C:\Users\hanif\Downloads\capstone-agung\capstone-agung\data bubat barat\train\images\BubatBrt_20260512_193525_jpg.rf.odeiaDyZEfKWAqxH4tQj.jpg,ok,640,480
train_bubat_barat,C:\Users\hanif\Downloads\capstone-agung\capstone-agung\data bubat barat\train\images\BubatBrt_20260512_193603_jpg.rf.zRkuFryB8pRmGQ08lJ9X.jpg,ok,640,480
train_bubat_barat,C:\Users\hanif\Downloads\capstone-agung\capstone-agung\data bubat barat\train\images\BubatBrt_20260512_193643_jpg.rf.9k7it8kCOEQRzPK5y5vX.jpg,ok,640,480
train_bubat_barat,C:\Users\hanif\Downloads\capstone-agung\capstone-agung\data bubat barat\train\images\BubatBrt_20260512_193840_jpg.rf.iZgACT0aYiWoPW7GmjAu.jpg,ok,640,480
train_bubat_barat,C:\Users\hanif\Downloads\capstone-agung\capstone-agung\data bubat barat\train\images\BubatBrt_20260512_193919_jpg.rf.B110WvMu4y14VHV1TrHR.jpg,ok,640,480
train_bubat_barat,C:\Users\hanif\Downloads\capstone-agung\capstone-agung\data bubat barat\train\images\BubatBrt_20260512_194039_jpg.rf.GUNqv5pEt6hnieBlU3Ag.jpg,ok,640,480
train_bubat_barat,C:\Users\hanif\Downloads\capstone-agung\capstone-agung\data bubat barat\train\images\BubatBrt_20260512_194118_jpg.rf.xScdP0Fhd0VVhpE2g4Jn.jpg,ok,640,480
train_bubat_barat,C:\Users\hanif\Downloads\capstone-agung\capstone-agung\data bubat barat\train\images\BubatBrt_20260512_194157_jpg.rf.htbmjfgTPzZ2XEPH0KXt.jpg,ok,640,480
train_bubat_barat,C:\Users\hanif\Downloads\capstone-agung\capstone-agung\data bubat barat\train\images\BubatBrt_20260512_194236_jpg.rf.xQbsudvCXCfQ2snTgt7h.jpg,ok,640,480
train_bubat_barat,C:\Users\hanif\Downloads\capstone-agung\capstone-agung\data bubat barat\train\images\BubatBrt_20260512_194354_jpg.rf.P43AcWw0kdx2ULW1jtcr.jpg,ok,640,480
train_bubat_barat,C:\Users\hanif\Downloads\capstone-agung\capstone-agung\data bubat barat\train\images\BubatBrt_20260512_194433_jpg.rf.KAwYYBUtSqxkvgad0af8.jpg,ok,640,480
train_bubat_barat,C:\Users\hanif\Downloads\capstone-agung\capstone-agung\data bubat barat\train\images\BubatBrt_20260512_194512_jpg.rf.GdoX2Aq3dfnEAL8SxO6X.jpg,ok,640,480
train_bubat_barat,C:\Users\hanif\Downloads\capstone-agung\capstone-agung\data bubat barat\train\images\BubatBrt_20260512_194551_jpg.rf.DCCVejsN0QL7VtmtHOLp.jpg,ok,640,480
train_bubat_barat,C:\Users\hanif\Downloads\capstone-agung\capstone-agung\data bubat barat\train\images\BubatBrt_20260512_194748_jpg.rf.fXBjTMK4dVLSE3gMMpps.jpg,ok,640,480
train_bubat_barat,C:\Users\hanif\Downloads\capstone-agung\capstone-agung\data bubat barat\train\images\BubatBrt_20260512_194827_jpg.rf.VBCfGwIdMjKEMGFVWyxe.jpg,ok,640,480
train_bubat_barat,C:\Users\hanif\Downloads\capstone-agung\capstone-agung\data bubat barat\train\images\BubatBrt_20260512_194847_jpg.rf.wWiCwrvTXNefVPzGCRAH.jpg,ok,640,480
train_bubat_barat,C:\Users\hanif\Downloads\capstone-agung\capstone-agung\data bubat barat\train\images\BubatBrt_20260512_194926_jpg.rf.vgerG66yY3ySplOO0PzI.jpg,ok,640,480
train_bubat_barat,C:\Users\hanif\Downloads\capstone-agung\capstone-agung\data bubat barat\train\images\BubatBrt_20260512_195024_jpg.rf.Ep1DZJiiJhsQioUNpIdN.jpg,ok,640,480
train_bubat_barat,C:\Users\hanif\Downloads\capstone-agung\capstone-agung\data bubat barat\train\images\BubatBrt_20260512_195103_jpg.rf.XR22lRoyl1tZf7nrRFaw.jpg,ok,640,480
train_bubat_barat,C:\Users\hanif\Downloads\capstone-agung\capstone-agung\data bubat barat\train\images\BubatBrt_20260512_195142_jpg.rf.C7XZqyjd65qMwvZGpZ7S.jpg,ok,640,480
train_bubat_barat,C:\Users\hanif\Downloads\capstone-agung\capstone-agung\data bubat barat\train\images\BubatBrt_20260512_195222_jpg.rf.89dIbGbI7Vdz9dpRgoHw.jpg,ok,640,480
train_bubat_barat,C:\Users\hanif\Downloads\capstone-agung\capstone-agung\data bubat barat\train\images\BubatBrt_20260512_195301_jpg.rf.7twTVJrqIs8wRSkRjLdc.jpg,ok,640,480
train_bubat_barat,C:\Users\hanif\Downloads\capstone-agung\capstone-agung\data bubat barat\train\images\BubatBrt_20260512_195340_jpg.rf.olM2Rpn7HmwYagmR8Kye.jpg,ok,640,480
train_bubat_barat,C:\Users\hanif\Downloads\capstone-agung\capstone-agung\data bubat barat\train\images\BubatBrt_20260512_195419_jpg.rf.kfIJKHQmw2c8c3Qa93Sx.jpg,ok,640,480
train_bubat_barat,C:\Users\hanif\Downloads\capstone-agung\capstone-agung\data bubat barat\train\images\BubatBrt_20260512_195655_jpg.rf.rMuzdbT8uQfdC3kt94Kc.jpg,ok,640,480
train_bubat_barat,C:\Users\hanif\Downloads\capstone-agung\capstone-agung\data bubat barat\train\images\BubatBrt_20260512_195734_jpg.rf.Tgz5a9EMoYGlVRFx6acW.jpg,ok,640,480
train_bubat_barat,C:\Users\hanif\Downloads\capstone-agung\capstone-agung\data bubat barat\train\images\BubatBrt_20260512_195813_jpg.rf.o0qUPRLa3aknXMpwOM1P.jpg,ok,640,480
train_bubat_barat,C:\Users\hanif\Downloads\capstone-agung\capstone-agung\data bubat barat\train\images\BubatBrt_20260512_195852_jpg.rf.iK67BHH0FmHcq8cMdQG5.jpg,ok,640,480
train_bubat_barat,C:\Users\hanif\Downloads\capstone-agung\capstone-agung\data bubat barat\train\images\BubatBrt_20260512_195931_jpg.rf.5VmMEviPYCgibq9Xkke1.jpg,ok,640,480
train_bubat_barat,C:\Users\hanif\Downloads\capstone-agung\capstone-agung\data bubat barat\train\images\BubatBrt_20260512_200010_jpg.rf.6j0iI8ZgopSk1G29HGde.jpg,ok,640,480
train_bubat_barat,C:\Users\hanif\Downloads\capstone-agung\capstone-agung\data bubat barat\train\images\BubatBrt_20260512_200128_jpg.rf.GHUadb7fE7eYFiJyo1QI.jpg,ok,640,480
train_bubat_barat,C:\Users\hanif\Downloads\capstone-agung\capstone-agung\data bubat barat\train\images\BubatBrt_20260512_200208_jpg.rf.vlyWE7qFClyJ2gDbZmuj.jpg,ok,640,480
train_bubat_barat,C:\Users\hanif\Downloads\capstone-agung\capstone-agung\data bubat barat\train\images\BubatBrt_20260512_200247_jpg.rf.4XCLLhVjGfNoiYJ8wZOd.jpg,ok,640,480
train_bubat_barat,C:\Users\hanif\Downloads\capstone-agung\capstone-agung\data bubat barat\train\images\BubatBrt_20260512_200326_jpg.rf.iTs4IELJq67lTx4E94oe.jpg,ok,640,480
train_bubat_barat,C:\Users\hanif\Downloads\capstone-agung\capstone-agung\data bubat barat\train\images\BubatBrt_20260512_200405_jpg.rf.rGmfrP6Ney28hPZNGrIY.jpg,ok,640,480
train_bubat_barat,C:\Users\hanif\Downloads\capstone-agung\capstone-agung\data bubat barat\train\images\BubatBrt_20260512_200444_jpg.rf.CpuftcK1ZL3QYZKPl6p7.jpg,ok,640,480
train_bubat_barat,C:\Users\hanif\Downloads\capstone-agung\capstone-agung\data bubat barat\train\images\BubatBrt_20260512_200523_jpg.rf.2i2VYUTn4vjfhOK5iThr.jpg,ok,640,480
train_bubat_barat,C:\Users\hanif\Downloads\capstone-agung\capstone-agung\data bubat barat\train\images\BubatBrt_20260512_200602_jpg.rf.IqxN5sXZgE6RgVtmZS9e.jpg,ok,640,480
train_bubat_barat,C:\Users\hanif\Downloads\capstone-agung\capstone-agung\data bubat barat\train\images\BubatBrt_20260512_200720_jpg.rf.MnceXPJuwpOaqrcGzLoz.jpg,ok,640,480
train_bubat_barat,C:\Users\hanif\Downloads\capstone-agung\capstone-agung\data bubat barat\train\images\BubatBrt_20260512_200759_jpg.rf.e7SBttopRi2OYyta0LwK.jpg,ok,640,480
train_bubat_barat,C:\Users\hanif\Downloads\capstone-agung\capstone-agung\data bubat barat\train\images\BubatBrt_20260512_200838_jpg.rf.tqsuZ0GoZXqgyKuK6gbv.jpg,ok,640,480
train_bubat_barat,C:\Users\hanif\Downloads\capstone-agung\capstone-agung\data bubat barat\train\images\BubatBrt_20260512_200917_jpg.rf.9GXQrdV6c40zIy6yiYlz.jpg,ok,640,480
train_bubat_barat,C:\Users\hanif\Downloads\capstone-agung\capstone-agung\data bubat barat\train\images\BubatBrt_20260512_200956_jpg.rf.QoEgmHvhQ7hoa4CEGcyn.jpg,ok,640,480
train_bubat_barat,C:\Users\hanif\Downloads\capstone-agung\capstone-agung\data bubat barat\train\images\BubatBrt_20260512_201036_jpg.rf.GcaZ5dT2S8RioA5Mir7p.jpg,ok,640,480
train_bubat_barat,C:\Users\hanif\Downloads\capstone-agung\capstone-agung\data bubat barat\train\images\BubatBrt_20260512_201115_jpg.rf.25ubKndi3qisDRgdxb3C.jpg,ok,640,480
train_bubat_barat,C:\Users\hanif\Downloads\capstone-agung\capstone-agung\data bubat barat\train\images\BubatBrt_20260512_201154_jpg.rf.5Cz9bQmJ4zM6aQFuNF4r.jpg,ok,640,480
train_bubat_barat,C:\Users\hanif\Downloads\capstone-agung\capstone-agung\data bubat barat\train\images\BubatBrt_20260512_201351_jpg.rf.PtzvqdRtZdHvyMKAHeMz.jpg,ok,640,480
train_bubat_barat,C:\Users\hanif\Downloads\capstone-agung\capstone-agung\data bubat barat\train\images\BubatBrt_20260512_201430_jpg.rf.LD4JeBDTvCaGNHgyirvJ.jpg,ok,640,480
train_bubat_barat,C:\Users\hanif\Downloads\capstone-agung\capstone-agung\data bubat barat\train\images\BubatBrt_20260512_201510_jpg.rf.7QRoxCt24bj95clSOwjA.jpg,ok,640,480
train_bubat_barat,C:\Users\hanif\Downloads\capstone-agung\capstone-agung\data bubat barat\train\images\BubatBrt_20260512_201628_jpg.rf.s3lO08WwQ4fNwZcr8kiH.jpg,ok,640,480
train_bubat_barat,C:\Users\hanif\Downloads\capstone-agung\capstone-agung\data bubat barat\train\images\BubatBrt_20260512_201707_jpg.rf.S7i2xlFpPs1y1qozXg0J.jpg,ok,640,480
train_bubat_barat,C:\Users\hanif\Downloads\capstone-agung\capstone-agung\data bubat barat\train\images\BubatBrt_20260512_201747_jpg.rf.YdpX0Xn5L6vouTTWwKqz.jpg,ok,640,480
train_bubat_barat,C:\Users\hanif\Downloads\capstone-agung\capstone-agung\data bubat barat\train\images\BubatBrt_20260512_201945_jpg.rf.xTIefsHOKnxv9sTrwku4.jpg,ok,640,480
train_bubat_barat,C:\Users\hanif\Downloads\capstone-agung\capstone-agung\data bubat barat\train\images\BubatBrt_20260512_202024_jpg.rf.wv9m2jKU7U2SzTtnI1J5.jpg,ok,640,480
train_bubat_barat,C:\Users\hanif\Downloads\capstone-agung\capstone-agung\data bubat barat\train\images\BubatBrt_20260512_202102_jpg.rf.NCvMJmKe3qwaLvwbfNem.jpg,ok,640,480
train_bubat_barat,C:\Users\hanif\Downloads\capstone-agung\capstone-agung\data bubat barat\train\images\BubatBrt_20260512_202220_jpg.rf.8H6g6L2vUpdotsRFeilC.jpg,ok,640,480
train_bubat_barat,C:\Users\hanif\Downloads\capstone-agung\capstone-agung\data bubat barat\train\images\BubatBrt_20260512_202259_jpg.rf.V3X9KLoeIwACUbriUvGC.jpg,ok,640,480
train_bubat_barat,C:\Users\hanif\Downloads\capstone-agung\capstone-agung\data bubat barat\train\images\BubatBrt_20260512_202338_jpg.rf.ETQNjpA9J10RY9uIvQMx.jpg,ok,640,480
train_bubat_barat,C:\Users\hanif\Downloads\capstone-agung\capstone-agung\data bubat barat\train\images\BubatBrt_20260512_202416_jpg.rf.Qi3EbTHHKfcwBz25KwCB.jpg,ok,640,480
train_bubat_barat,C:\Users\hanif\Downloads\capstone-agung\capstone-agung\data bubat barat\train\images\BubatBrt_20260512_202455_jpg.rf.OqBtGgPus7cnvVP6zS2e.jpg,ok,640,480
train_bubat_barat,C:\Users\hanif\Downloads\capstone-agung\capstone-agung\data bubat barat\train\images\BubatBrt_20260512_202535_jpg.rf.3baCGiO1Yyt3vNpwLQdw.jpg,ok,640,480
train_bubat_barat,C:\Users\hanif\Downloads\capstone-agung\capstone-agung\data bubat barat\train\images\BubatBrt_20260512_202614_jpg.rf.2HfkvcE7cHN4H07NAYp3.jpg,ok,640,480
train_bubat_barat,C:\Users\hanif\Downloads\capstone-agung\capstone-agung\data bubat barat\train\images\BubatBrt_20260512_202653_jpg.rf.wqEHI4nuikjOA5cnBuu3.jpg,ok,640,480
train_bubat_barat,C:\Users\hanif\Downloads\capstone-agung\capstone-agung\data bubat barat\train\images\BubatBrt_20260512_202731_jpg.rf.V1HNi6QDt58gKW5snwsq.jpg,ok,640,480
train_bubat_barat,C:\Users\hanif\Downloads\capstone-agung\capstone-agung\data bubat barat\train\images\BubatBrt_20260512_202811_jpg.rf.dryEJ11sxfeZmk9fVgqT.jpg,ok,640,480
train_bubat_barat,C:\Users\hanif\Downloads\capstone-agung\capstone-agung\data bubat barat\train\images\BubatBrt_20260512_202850_jpg.rf.LT5kcu2xno5LB3muSgJy.jpg,ok,640,480
train_bubat_barat,C:\Users\hanif\Downloads\capstone-agung\capstone-agung\data bubat barat\train\images\BubatBrt_20260512_202929_jpg.rf.vGqUXqsIZPQ4zMcr2D6h.jpg,ok,640,480
train_bubat_barat,C:\Users\hanif\Downloads\capstone-agung\capstone-agung\data bubat barat\train\images\BubatBrt_20260512_203047_jpg.rf.sNLH4lrfLLugxC3bFFNt.jpg,ok,640,480
train_bubat_barat,C:\Users\hanif\Downloads\capstone-agung\capstone-agung\data bubat barat\train\images\BubatBrt_20260512_203205_jpg.rf.7e3SIfMEDfGDDdREcQmL.jpg,ok,640,480
train_bubat_barat,C:\Users\hanif\Downloads\capstone-agung\capstone-agung\data bubat barat\train\images\BubatBrt_20260512_203244_jpg.rf.284nzb7xWf9JoFvqDD9C.jpg,ok,640,480
train_bubat_barat,C:\Users\hanif\Downloads\capstone-agung\capstone-agung\data bubat barat\train\images\BubatBrt_20260512_203500_jpg.rf.KoXUWaFfT0HIFyR0bTO8.jpg,ok,640,480
train_bubat_barat,C:\Users\hanif\Downloads\capstone-agung\capstone-agung\data bubat barat\train\images\BubatBrt_20260512_203539_jpg.rf.tVamyc1pWC5SqJNhPkfF.jpg,ok,640,480
train_bubat_barat,C:\Users\hanif\Downloads\capstone-agung\capstone-agung\data bubat barat\train\images\BubatBrt_20260512_203657_jpg.rf.uZcy3eok9bWR64lgiKvt.jpg,ok,640,480
train_bubat_barat,C:\Users\hanif\Downloads\capstone-agung\capstone-agung\data bubat barat\train\images\BubatBrt_20260512_203736_jpg.rf.diL9qt2UOvmBfl0FH1RZ.jpg,ok,640,480
train_bubat_barat,C:\Users\hanif\Downloads\capstone-agung\capstone-agung\data bubat barat\train\images\BubatBrt_20260512_203815_jpg.rf.RQD8DVKhTzFlhxuQBQES.jpg,ok,640,480
train_bubat_barat,C:\Users\hanif\Downloads\capstone-agung\capstone-agung\data bubat barat\train\images\BubatBrt_20260512_204012_jpg.rf.iX4vH8DXssjHWj2UZvK7.jpg,ok,640,480
train_bubat_barat,C:\Users\hanif\Downloads\capstone-agung\capstone-agung\data bubat barat\train\images\BubatBrt_20260512_204051_jpg.rf.Dcix1THi4TU2jl7cgeId.jpg,ok,640,480
train_bubat_barat,C:\Users\hanif\Downloads\capstone-agung\capstone-agung\data bubat barat\train\images\BubatBrt_20260512_204130_jpg.rf.xZiR332QFFWptfCMTxJk.jpg,ok,640,480
train_bubat_barat,C:\Users\hanif\Downloads\capstone-agung\capstone-agung\data bubat barat\train\images\BubatBrt_20260512_204428_jpg.rf.r2hSeu5IPqpwho4YdgU0.jpg,ok,640,480
train_bubat_barat,C:\Users\hanif\Downloads\capstone-agung\capstone-agung\data bubat barat\train\images\BubatBrt_20260512_204547_jpg.rf.XzXeIkJoJo5HY3RdT4V1.jpg,ok,640,480
train_bubat_barat,C:\Users\hanif\Downloads\capstone-agung\capstone-agung\data bubat barat\train\images\BubatBrt_20260512_204626_jpg.rf.QoiOVio2Cd1kBYxskfeb.jpg,ok,640,480
train_bubat_barat,C:\Users\hanif\Downloads\capstone-agung\capstone-agung\data bubat barat\train\images\BubatBrt_20260512_204705_jpg.rf.X6NuJok8iPvjjnk8fEAz.jpg,ok,640,480
train_bubat_barat,C:\Users\hanif\Downloads\capstone-agung\capstone-agung\data bubat barat\train\images\BubatBrt_20260512_204823_jpg.rf.4qbdg2Fq9Fy0YBIX9d3S.jpg,ok,640,480
train_bubat_barat,C:\Users\hanif\Downloads\capstone-agung\capstone-agung\data bubat barat\train\images\BubatBrt_20260512_204902_jpg.rf.VhIc3skoqJmif01muNzP.jpg,ok,640,480
train_bubat_barat,C:\Users\hanif\Downloads\capstone-agung\capstone-agung\data bubat barat\train\images\BubatBrt_20260512_204941_jpg.rf.hHhiZdlxuAr1YQOzMPEW.jpg,ok,640,480
train_bubat_barat,C:\Users\hanif\Downloads\capstone-agung\capstone-agung\data bubat barat\train\images\BubatBrt_20260512_205020_jpg.rf.iQ0bNl52uNNRrFQPIXnx.jpg,ok,640,480
train_bubat_barat,C:\Users\hanif\Downloads\capstone-agung\capstone-agung\data bubat barat\train\images\BubatBrt_20260512_205138_jpg.rf.tq8mO3ugIB6AbjhS75yi.jpg,ok,640,480
train_bubat_barat,C:\Users\hanif\Downloads\capstone-agung\capstone-agung\data bubat barat\train\images\BubatBrt_20260512_205217_jpg.rf.tGlpz8IdsyGs5pBOSNuj.jpg,ok,640,480
train_bubat_barat,C:\Users\hanif\Downloads\capstone-agung\capstone-agung\data bubat barat\train\images\BubatBrt_20260512_205257_jpg.rf.An3zqFrRcLYIWYkPU9kS.jpg,ok,640,480
train_bubat_barat,C:\Users\hanif\Downloads\capstone-agung\capstone-agung\data bubat barat\train\images\BubatBrt_20260512_205415_jpg.rf.jKYrd8ijbdnSYo07mw0B.jpg,ok,640,480
train_bubat_barat,C:\Users\hanif\Downloads\capstone-agung\capstone-agung\data bubat barat\train\images\BubatBrt_20260512_205455_jpg.rf.y0eqWIccZ5FI5JfzfU4r.jpg,ok,640,480
train_bubat_barat,C:\Users\hanif\Downloads\capstone-agung\capstone-agung\data bubat barat\train\images\BubatBrt_20260512_205534_jpg.rf.OIijAdSpehYKivWxAlT1.jpg,ok,640,480
train_bubat_barat,C:\Users\hanif\Downloads\capstone-agung\capstone-agung\data bubat barat\train\images\BubatBrt_20260512_205613_jpg.rf.ZbzXwfuAziuPxOw9Rylc.jpg,ok,640,480
train_bubat_barat,C:\Users\hanif\Downloads\capstone-agung\capstone-agung\data bubat barat\train\images\BubatBrt_20260512_205652_jpg.rf.UzFPQWZPDwhaklApmG2Q.jpg,ok,640,480
train_bubat_barat,C:\Users\hanif\Downloads\capstone-agung\capstone-agung\data bubat barat\train\images\BubatBrt_20260512_205731_jpg.rf.57Hl0fNSgPLzUT52UJ1s.jpg,ok,640,480
train_bubat_barat,C:\Users\hanif\Downloads\capstone-agung\capstone-agung\data bubat barat\train\images\BubatBrt_20260512_205811_jpg.rf.xrdCHUxnlhLk1SZURQGj.jpg,ok,640,480
train_bubat_barat,C:\Users\hanif\Downloads\capstone-agung\capstone-agung\data bubat barat\train\images\BubatBrt_20260512_205850_jpg.rf.EG7PKXlv2YkHYsiqL5fr.jpg,ok,640,480
train_bubat_barat,C:\Users\hanif\Downloads\capstone-agung\capstone-agung\data bubat barat\train\images\BubatBrt_20260512_205929_jpg.rf.0IbZt37UDfHqIZmYgYRx.jpg,ok,640,480
train_bubat_barat,C:\Users\hanif\Downloads\capstone-agung\capstone-agung\data bubat barat\train\images\BubatBrt_20260512_205949_jpg.rf.ycTvCSc6Cl2RmotiM4GS.jpg,ok,640,480
train_bubat_barat,C:\Users\hanif\Downloads\capstone-agung\capstone-agung\data bubat barat\train\images\BubatBrt_20260512_210028_jpg.rf.pBGXpTBkHJYs7Qd2snL0.jpg,ok,640,480
train_bubat_barat,C:\Users\hanif\Downloads\capstone-agung\capstone-agung\data bubat barat\train\images\BubatBrt_20260512_210107_jpg.rf.fj0aP4sww1W9wJyzSY3G.jpg,ok,640,480
train_bubat_barat,C:\Users\hanif\Downloads\capstone-agung\capstone-agung\data bubat barat\train\images\BubatBrt_20260512_210146_jpg.rf.ZYyYMyxTwUHFHkQsTHYf.jpg,ok,640,480
train_bubat_barat,C:\Users\hanif\Downloads\capstone-agung\capstone-agung\data bubat barat\train\images\BubatBrt_20260512_210226_jpg.rf.fhXkRbckw1hamu415VFl.jpg,ok,640,480
train_bubat_barat,C:\Users\hanif\Downloads\capstone-agung\capstone-agung\data bubat barat\train\images\BubatBrt_20260512_210344_jpg.rf.uktZhpOg9B4gcO2PdF3G.jpg,ok,640,480
train_bubat_barat,C:\Users\hanif\Downloads\capstone-agung\capstone-agung\data bubat barat\train\images\BubatBrt_20260512_210423_jpg.rf.FF7iAueklP8XoljrmkB0.jpg,ok,640,480
train_bubat_barat,C:\Users\hanif\Downloads\capstone-agung\capstone-agung\data bubat barat\train\images\BubatBrt_20260512_210501_jpg.rf.EVetae0G6mg5qQQgI2kt.jpg,ok,640,480
train_bubat_barat,C:\Users\hanif\Downloads\capstone-agung\capstone-agung\data bubat barat\train\images\BubatBrt_20260512_210658_jpg.rf.mgwiDVniNlQ5Ipcmxypn.jpg,ok,640,480
train_bubat_barat,C:\Users\hanif\Downloads\capstone-agung\capstone-agung\data bubat barat\train\images\BubatBrt_20260512_210737_jpg.rf.Ycqgpe9jqnW2tQsuQ9Ws.jpg,ok,640,480
train_bubat_barat,C:\Users\hanif\Downloads\capstone-agung\capstone-agung\data bubat barat\train\images\BubatBrt_20260512_210816_jpg.rf.RYzIHQxdfAiRdw65nrgL.jpg,ok,640,480
train_bubat_barat,C:\Users\hanif\Downloads\capstone-agung\capstone-agung\data bubat barat\train\images\BubatBrt_20260512_210855_jpg.rf.2lUQStlBDIKf31m5Jrqz.jpg,ok,640,480
train_bubat_barat,C:\Users\hanif\Downloads\capstone-agung\capstone-agung\data bubat barat\train\images\BubatBrt_20260512_210933_jpg.rf.SK687VyIdl4MwYOyzfoa.jpg,ok,640,480
train_bubat_barat,C:\Users\hanif\Downloads\capstone-agung\capstone-agung\data bubat barat\train\images\BubatBrt_20260512_211012_jpg.rf.IxfTyI24w0zwc6biwvwz.jpg,ok,640,480
train_bubat_barat,C:\Users\hanif\Downloads\capstone-agung\capstone-agung\data bubat barat\train\images\BubatBrt_20260512_211051_jpg.rf.B0ypNsFhVfJIDxpfuWGC.jpg,ok,640,480
train_bubat_barat,C:\Users\hanif\Downloads\capstone-agung\capstone-agung\data bubat barat\train\images\BubatBrt_20260512_211209_jpg.rf.Bs4ZEA0AkV5zHqgFVVQ1.jpg,ok,640,480
train_bubat_barat,C:\Users\hanif\Downloads\capstone-agung\capstone-agung\data bubat barat\train\images\BubatBrt_20260512_211248_jpg.rf.OQWCyk6d4L1HymYwPCzj.jpg,ok,640,480
train_bubat_barat,C:\Users\hanif\Downloads\capstone-agung\capstone-agung\data bubat barat\train\images\BubatBrt_20260512_211327_jpg.rf.9ZcvFeUFekbKhbembuGF.jpg,ok,640,480
train_bubat_barat,C:\Users\hanif\Downloads\capstone-agung\capstone-agung\data bubat barat\train\images\BubatBrt_20260512_211407_jpg.rf.n5MxNMLQFJCVa0pMpqoQ.jpg,ok,640,480
train_bubat_barat,C:\Users\hanif\Downloads\capstone-agung\capstone-agung\data bubat barat\train\images\BubatBrt_20260512_211446_jpg.rf.qI1IJXh24hlyEynl3ohY.jpg,ok,640,480
train_bubat_barat,C:\Users\hanif\Downloads\capstone-agung\capstone-agung\data bubat barat\train\images\BubatBrt_20260512_211525_jpg.rf.WCA5fSD9IbuAYNPVPiS1.jpg,ok,640,480
train_bubat_barat,C:\Users\hanif\Downloads\capstone-agung\capstone-agung\data bubat barat\train\images\BubatBrt_20260512_211604_jpg.rf.0KKxol10Wvj05HMjSn74.jpg,ok,640,480
train_bubat_barat,C:\Users\hanif\Downloads\capstone-agung\capstone-agung\data bubat barat\train\images\BubatBrt_20260512_211643_jpg.rf.GZV3YlbJuU6UvUJyGi3N.jpg,ok,640,480
train_bubat_barat,C:\Users\hanif\Downloads\capstone-agung\capstone-agung\data bubat barat\train\images\BubatBrt_20260512_211722_jpg.rf.RB3GSiJ1EALupperxZcQ.jpg,ok,640,480
train_bubat_barat,C:\Users\hanif\Downloads\capstone-agung\capstone-agung\data bubat barat\train\images\BubatBrt_20260512_211800_jpg.rf.tKq2DwL1OYD6f3ffHkVp.jpg,ok,640,480
train_bubat_barat,C:\Users\hanif\Downloads\capstone-agung\capstone-agung\data bubat barat\train\images\BubatBrt_20260512_211839_jpg.rf.YFFWtr20KTGHxI8q8Etb.jpg,ok,640,480
train_bubat_barat,C:\Users\hanif\Downloads\capstone-agung\capstone-agung\data bubat barat\train\images\BubatBrt_20260512_211918_jpg.rf.XlP9aU1wsNqkmd9zPmnd.jpg,ok,640,480
train_bubat_barat,C:\Users\hanif\Downloads\capstone-agung\capstone-agung\data bubat barat\train\images\BubatBrt_20260512_211957_jpg.rf.BnroMN6kDLNYGqBWovdy.jpg,ok,640,480
train_bubat_barat,C:\Users\hanif\Downloads\capstone-agung\capstone-agung\data bubat barat\train\images\BubatBrt_20260512_212116_jpg.rf.oPa9VSGSJGHwx2mefyel.jpg,ok,640,480
train_bubat_barat,C:\Users\hanif\Downloads\capstone-agung\capstone-agung\data bubat barat\train\images\BubatBrt_20260512_212155_jpg.rf.hl6PkDaOtcyQA87QaIk3.jpg,ok,640,480
train_bubat_barat,C:\Users\hanif\Downloads\capstone-agung\capstone-agung\data bubat barat\train\images\BubatBrt_20260512_212234_jpg.rf.lgeP6sI6AMJfOm8qvWG2.jpg,ok,640,480
train_bubat_barat,C:\Users\hanif\Downloads\capstone-agung\capstone-agung\data bubat barat\train\images\BubatBrt_20260512_212312_jpg.rf.VjYIcLacUOd48D4GMKjS.jpg,ok,640,480
train_bubat_barat,C:\Users\hanif\Downloads\capstone-agung\capstone-agung\data bubat barat\train\images\BubatBrt_20260512_212411_jpg.rf.DAP0l9L3LoKJwltYbrky.jpg,ok,640,480
train_bubat_barat,C:\Users\hanif\Downloads\capstone-agung\capstone-agung\data bubat barat\train\images\BubatBrt_20260512_212450_jpg.rf.CHwt7yO5JZeA7TRuBt27.jpg,ok,640,480
train_bubat_barat,C:\Users\hanif\Downloads\capstone-agung\capstone-agung\data bubat barat\train\images\BubatBrt_20260512_212529_jpg.rf.bATXVQT4zdT3VSiB4oal.jpg,ok,640,480
train_bubat_barat,C:\Users\hanif\Downloads\capstone-agung\capstone-agung\data bubat barat\train\images\BubatBrt_20260512_212608_jpg.rf.cAhGVxM7wZPCrttII25n.jpg,ok,640,480
train_bubat_barat,C:\Users\hanif\Downloads\capstone-agung\capstone-agung\data bubat barat\train\images\BubatBrt_20260512_212647_jpg.rf.Zxow9H4JUjss6qoEjnTV.jpg,ok,640,480
train_bubat_barat,C:\Users\hanif\Downloads\capstone-agung\capstone-agung\data bubat barat\train\images\BubatBrt_20260512_212726_jpg.rf.s9g0cJCOePt5Z1uqeocW.jpg,ok,640,480
train_bubat_barat,C:\Users\hanif\Downloads\capstone-agung\capstone-agung\data bubat barat\train\images\BubatBrt_20260512_212806_jpg.rf.vxQsx03Agov7IU0169TX.jpg,ok,640,480
train_bubat_barat,C:\Users\hanif\Downloads\capstone-agung\capstone-agung\data bubat barat\train\images\BubatBrt_20260512_212845_jpg.rf.dBt0dmDScVzkuZ0Q882O.jpg,ok,640,480
train_bubat_barat,C:\Users\hanif\Downloads\capstone-agung\capstone-agung\data bubat barat\train\images\BubatBrt_20260512_213003_jpg.rf.M7edFLd6f06mALocNqOW.jpg,ok,640,480
train_bubat_barat,C:\Users\hanif\Downloads\capstone-agung\capstone-agung\data bubat barat\train\images\BubatBrt_20260512_213042_jpg.rf.AV63ZE0fOJCM9p87bTjq.jpg,ok,640,480
train_bubat_barat,C:\Users\hanif\Downloads\capstone-agung\capstone-agung\data bubat barat\train\images\BubatBrt_20260512_213121_jpg.rf.gEPlXE83eysCnXg5RfG0.jpg,ok,640,480
train_bubat_barat,C:\Users\hanif\Downloads\capstone-agung\capstone-agung\data bubat barat\train\images\BubatBrt_20260512_213239_jpg.rf.r8eaITprVyYRi7EVv4Hp.jpg,ok,640,480
train_bubat_barat,C:\Users\hanif\Downloads\capstone-agung\capstone-agung\data bubat barat\train\images\BubatBrt_20260512_213318_jpg.rf.8cFsFekTcoGoybuAB9NO.jpg,ok,640,480
train_bubat_barat,C:\Users\hanif\Downloads\capstone-agung\capstone-agung\data bubat barat\train\images\BubatBrt_20260512_213357_jpg.rf.4TfXKI9T6g7RtRV1ZXlf.jpg,ok,640,480
train_bubat_barat,C:\Users\hanif\Downloads\capstone-agung\capstone-agung\data bubat barat\train\images\BubatBrt_20260512_213436_jpg.rf.MTzDKR1Wvuy8hhLC5EUi.jpg,ok,640,480
train_bubat_barat,C:\Users\hanif\Downloads\capstone-agung\capstone-agung\data bubat barat\train\images\BubatBrt_20260512_213515_jpg.rf.0747gzhFx5u7XQjm072c.jpg,ok,640,480
train_bubat_barat,C:\Users\hanif\Downloads\capstone-agung\capstone-agung\data bubat barat\train\images\BubatBrt_20260512_213633_jpg.rf.PYuaKa4wkiqQpEVM6ZCc.jpg,ok,640,480
train_bubat_barat,C:\Users\hanif\Downloads\capstone-agung\capstone-agung\data bubat barat\train\images\BubatBrt_20260512_213712_jpg.rf.4UCrHBdeYi68OxGxv3hI.jpg,ok,640,480
train_bubat_barat,C:\Users\hanif\Downloads\capstone-agung\capstone-agung\data bubat barat\train\images\BubatBrt_20260512_213909_jpg.rf.xdV5VL8HkxXIUHrSttsX.jpg,ok,640,480
train_bubat_barat,C:\Users\hanif\Downloads\capstone-agung\capstone-agung\data bubat barat\train\images\BubatBrt_20260512_213948_jpg.rf.LfbG5qPi9xv4wM17S2ez.jpg,ok,640,480
train_bubat_barat,C:\Users\hanif\Downloads\capstone-agung\capstone-agung\data bubat barat\train\images\BubatBrt_20260512_214027_jpg.rf.I0voFKgC4FXTvUQI9Z9D.jpg,ok,640,480
train_bubat_barat,C:\Users\hanif\Downloads\capstone-agung\capstone-agung\data bubat barat\train\images\BubatBrt_20260512_214106_jpg.rf.BUX9mZ4cYsXY58BBoN5t.jpg,ok,640,480
train_bubat_barat,C:\Users\hanif\Downloads\capstone-agung\capstone-agung\data bubat barat\train\images\BubatBrt_20260512_214144_jpg.rf.fP5Z4UGMSTxKEZwbglYt.jpg,ok,640,480
train_bubat_barat,C:\Users\hanif\Downloads\capstone-agung\capstone-agung\data bubat barat\train\images\BubatBrt_20260512_214223_jpg.rf.JL69k8Mu0xBjKFg6Bmjq.jpg,ok,640,480
train_bubat_barat,C:\Users\hanif\Downloads\capstone-agung\capstone-agung\data bubat barat\train\images\BubatBrt_20260512_214302_jpg.rf.R07tN8aKe3Tst6eYKy5s.jpg,ok,640,480
train_bubat_barat,C:\Users\hanif\Downloads\capstone-agung\capstone-agung\data bubat barat\train\images\BubatBrt_20260512_214341_jpg.rf.lqAqtuZdmOYcSffxLJfD.jpg,ok,640,480
train_bubat_barat,C:\Users\hanif\Downloads\capstone-agung\capstone-agung\data bubat barat\train\images\BubatBrt_20260512_214420_jpg.rf.KaToaLbfKMnKqDipl3JD.jpg,ok,640,480
train_bubat_barat,C:\Users\hanif\Downloads\capstone-agung\capstone-agung\data bubat barat\train\images\BubatBrt_20260512_214459_jpg.rf.hkFzC5HMYkoYMkPPKpD5.jpg,ok,640,480
train_bubat_barat,C:\Users\hanif\Downloads\capstone-agung\capstone-agung\data bubat barat\train\images\BubatBrt_20260512_214538_jpg.rf.r3YanZyTMZeSpGiYtazs.jpg,ok,640,480
train_bubat_barat,C:\Users\hanif\Downloads\capstone-agung\capstone-agung\data bubat barat\train\images\BubatBrt_20260512_214617_jpg.rf.q65YSlGIb9613L2G0S15.jpg,ok,640,480
train_bubat_barat,C:\Users\hanif\Downloads\capstone-agung\capstone-agung\data bubat barat\train\images\BubatBrt_20260512_214735_jpg.rf.01pQKQlMGBfmIkaPaIvz.jpg,ok,640,480
train_bubat_barat,C:\Users\hanif\Downloads\capstone-agung\capstone-agung\data bubat barat\train\images\BubatBrt_20260512_214813_jpg.rf.SAACqHrNi9GFTnQ3mDv2.jpg,ok,640,480
train_bubat_barat,C:\Users\hanif\Downloads\capstone-agung\capstone-agung\data bubat barat\train\images\BubatBrt_20260512_214852_jpg.rf.MDhSk6eyMH6hdFjmybJk.jpg,ok,640,480
train_bubat_barat,C:\Users\hanif\Downloads\capstone-agung\capstone-agung\data bubat barat\train\images\BubatBrt_20260512_214931_jpg.rf.KdFinxkcr6Rp44d85F3z.jpg,ok,640,480
train_bubat_barat,C:\Users\hanif\Downloads\capstone-agung\capstone-agung\data bubat barat\train\images\BubatBrt_20260512_215128_jpg.rf.hL5aVnFI730y1yH6hCHR.jpg,ok,640,480
train_bubat_barat,C:\Users\hanif\Downloads\capstone-agung\capstone-agung\data bubat barat\train\images\BubatBrt_20260512_215207_jpg.rf.nntIIOcWgL6ncztLHw1x.jpg,ok,640,480
train_bubat_barat,C:\Users\hanif\Downloads\capstone-agung\capstone-agung\data bubat barat\train\images\BubatBrt_20260512_215325_jpg.rf.wTKx8LeM0BrNskCFD0zn.jpg,ok,640,480
train_bubat_barat,C:\Users\hanif\Downloads\capstone-agung\capstone-agung\data bubat barat\train\images\BubatBrt_20260512_215404_jpg.rf.ZH3yQnLu8ABUOegxnq0d.jpg,ok,640,480
train_bubat_barat,C:\Users\hanif\Downloads\capstone-agung\capstone-agung\data bubat barat\train\images\BubatBrt_20260512_215443_jpg.rf.WwOk7kkdhAUB2qrz7loL.jpg,ok,640,480
train_bubat_barat,C:\Users\hanif\Downloads\capstone-agung\capstone-agung\data bubat barat\train\images\BubatBrt_20260512_215522_jpg.rf.hiv9iEsEXg2GDRGaObGT.jpg,ok,640,480
train_bubat_barat,C:\Users\hanif\Downloads\capstone-agung\capstone-agung\data bubat barat\train\images\BubatBrt_20260512_215640_jpg.rf.3JeHOLYaqlIKQnNNg9k0.jpg,ok,640,480
train_bubat_barat,C:\Users\hanif\Downloads\capstone-agung\capstone-agung\data bubat barat\train\images\BubatBrt_20260512_215719_jpg.rf.asBMu91K8A3gAYAbrPrx.jpg,ok,640,480
train_bubat_barat,C:\Users\hanif\Downloads\capstone-agung\capstone-agung\data bubat barat\train\images\BubatBrt_20260512_215758_jpg.rf.D7H9LtoIG5yLUjr8LnY0.jpg,ok,640,480
train_bubat_barat,C:\Users\hanif\Downloads\capstone-agung\capstone-agung\data bubat barat\train\images\BubatBrt_20260512_215915_jpg.rf.XO9n1zwxJ2Adv6DpnmPD.jpg,ok,640,480
train_bubat_barat,C:\Users\hanif\Downloads\capstone-agung\capstone-agung\data bubat barat\train\images\BubatBrt_20260512_220014_jpg.rf.CDWGCOUCqImDMaucctea.jpg,ok,640,480
train_bubat_barat,C:\Users\hanif\Downloads\capstone-agung\capstone-agung\data bubat barat\train\images\BubatBrt_20260512_220053_jpg.rf.UKfV1OHvFd9r1Qfjh2d2.jpg,ok,640,480
train_bubat_barat,C:\Users\hanif\Downloads\capstone-agung\capstone-agung\data bubat barat\train\images\BubatBrt_20260512_220250_jpg.rf.LPqJDcETSfuJFWLnGx6p.jpg,ok,640,480
train_bubat_barat,C:\Users\hanif\Downloads\capstone-agung\capstone-agung\data bubat barat\train\images\BubatBrt_20260512_220329_jpg.rf.lEONwCwkIwdh0NFkMXo8.jpg,ok,640,480
train_bubat_barat,C:\Users\hanif\Downloads\capstone-agung\capstone-agung\data bubat barat\train\images\BubatBrt_20260512_220408_jpg.rf.m3oHLYW29d5Ceuowlvqy.jpg,ok,640,480
train_bubat_barat,C:\Users\hanif\Downloads\capstone-agung\capstone-agung\data bubat barat\train\images\BubatBrt_20260512_220446_jpg.rf.hR9ynRz8TbrxkuAbd6Pp.jpg,ok,640,480
train_bubat_barat,C:\Users\hanif\Downloads\capstone-agung\capstone-agung\data bubat barat\train\images\BubatBrt_20260512_220605_jpg.rf.WV7WaCj3yN7awV50kcGH.jpg,ok,640,480
train_bubat_barat,C:\Users\hanif\Downloads\capstone-agung\capstone-agung\data bubat barat\train\images\BubatBrt_20260512_220644_jpg.rf.OaDHmLUHchirFCbkwQTf.jpg,ok,640,480
train_bubat_barat,C:\Users\hanif\Downloads\capstone-agung\capstone-agung\data bubat barat\train\images\BubatBrt_20260512_220723_jpg.rf.aqlfFTbdZQ4Xj0MnITQD.jpg,ok,640,480
train_bubat_barat,C:\Users\hanif\Downloads\capstone-agung\capstone-agung\data bubat barat\train\images\BubatBrt_20260512_220841_jpg.rf.ML6zetWuJy7ZlKGtTAZY.jpg,ok,640,480
train_bubat_barat,C:\Users\hanif\Downloads\capstone-agung\capstone-agung\data bubat barat\train\images\BubatBrt_20260512_220920_jpg.rf.YUffYXVoDA0tctDFG7YE.jpg,ok,640,480
train_bubat_barat,C:\Users\hanif\Downloads\capstone-agung\capstone-agung\data bubat barat\train\images\BubatBrt_20260512_220959_jpg.rf.xOQr9hzpsfvMG6C0IHdF.jpg,ok,640,480
train_bubat_barat,C:\Users\hanif\Downloads\capstone-agung\capstone-agung\data bubat barat\train\images\BubatBrt_20260512_221038_jpg.rf.4vP3hK0ty0t9MNdFYJFK.jpg,ok,640,480
train_bubat_barat,C:\Users\hanif\Downloads\capstone-agung\capstone-agung\data bubat barat\train\images\BubatBrt_20260512_221117_jpg.rf.92NUGpE85fXcJKnO5Val.jpg,ok,640,480
train_bubat_barat,C:\Users\hanif\Downloads\capstone-agung\capstone-agung\data bubat barat\train\images\BubatBrt_20260512_221156_jpg.rf.on3QJY1YthVRtd60BeBB.jpg,ok,640,480
train_bubat_barat,C:\Users\hanif\Downloads\capstone-agung\capstone-agung\data bubat barat\train\images\BubatBrt_20260512_221235_jpg.rf.AyKeLxXdbn0QRkc77gat.jpg,ok,640,480
train_bubat_barat,C:\Users\hanif\Downloads\capstone-agung\capstone-agung\data bubat barat\train\images\BubatBrt_20260512_221314_jpg.rf.qGKcTZ1SeuayFmjt6KZk.jpg,ok,640,480
train_bubat_barat,C:\Users\hanif\Downloads\capstone-agung\capstone-agung\data bubat barat\train\images\BubatBrt_20260512_221353_jpg.rf.qJgEgZBwSfOJ7deS75kS.jpg,ok,640,480
train_bubat_barat,C:\Users\hanif\Downloads\capstone-agung\capstone-agung\data bubat barat\train\images\BubatBrt_20260512_221432_jpg.rf.XBCA4KH0uWXLFRXKjWob.jpg,ok,640,480
train_bubat_barat,C:\Users\hanif\Downloads\capstone-agung\capstone-agung\data bubat barat\train\images\BubatBrt_20260512_221511_jpg.rf.mW05uTSS7B7J7TFg31Sf.jpg,ok,640,480
train_bubat_barat,C:\Users\hanif\Downloads\capstone-agung\capstone-agung\data bubat barat\train\images\BubatBrt_20260512_221550_jpg.rf.w5gBCxnvfAjoQbgnkmoN.jpg,ok,640,480
train_bubat_barat,C:\Users\hanif\Downloads\capstone-agung\capstone-agung\data bubat barat\train\images\BubatBrt_20260512_221707_jpg.rf.9WYstgJmF1WZpb73GmNb.jpg,ok,640,480
train_bubat_barat,C:\Users\hanif\Downloads\capstone-agung\capstone-agung\data bubat barat\train\images\BubatBrt_20260512_221746_jpg.rf.AeRuEQNpE0HRh4IFMUWN.jpg,ok,640,480
train_bubat_barat,C:\Users\hanif\Downloads\capstone-agung\capstone-agung\data bubat barat\train\images\BubatBrt_20260512_221825_jpg.rf.o3zgEYqbI7GvJbp6VNa4.jpg,ok,640,480
train_bubat_barat,C:\Users\hanif\Downloads\capstone-agung\capstone-agung\data bubat barat\train\images\BubatBrt_20260512_221904_jpg.rf.ibBueJnJOuLDhUHwcc9X.jpg,ok,640,480
train_bubat_barat,C:\Users\hanif\Downloads\capstone-agung\capstone-agung\data bubat barat\train\images\BubatBrt_20260512_221943_jpg.rf.UrZ3hcRRyxeDc62z0edK.jpg,ok,640,480
train_bubat_barat,C:\Users\hanif\Downloads\capstone-agung\capstone-agung\data bubat barat\train\images\BubatBrt_20260512_222022_jpg.rf.pYUih5j3VQOdN8ToyJOc.jpg,ok,640,480
train_bubat_barat,C:\Users\hanif\Downloads\capstone-agung\capstone-agung\data bubat barat\train\images\BubatBrt_20260512_222101_jpg.rf.5wmNcPnCPuW7exOheENh.jpg,ok,640,480
train_bubat_barat,C:\Users\hanif\Downloads\capstone-agung\capstone-agung\data bubat barat\train\images\BubatBrt_20260512_222139_jpg.rf.hJByFW3KePR4fcH9115q.jpg,ok,640,480
train_bubat_barat,C:\Users\hanif\Downloads\capstone-agung\capstone-agung\data bubat barat\train\images\BubatBrt_20260512_222257_jpg.rf.00QNyak8OCQX6Bj1NQvA.jpg,ok,640,480
train_bubat_barat,C:\Users\hanif\Downloads\capstone-agung\capstone-agung\data bubat barat\train\images\BubatBrt_20260512_222336_jpg.rf.PDP3q0mYAguveBCJRKTe.jpg,ok,640,480
train_bubat_barat,C:\Users\hanif\Downloads\capstone-agung\capstone-agung\data bubat barat\train\images\BubatBrt_20260512_222415_jpg.rf.VqUIpTmWY8xy78BAB9AH.jpg,ok,640,480
train_bubat_barat,C:\Users\hanif\Downloads\capstone-agung\capstone-agung\data bubat barat\train\images\BubatBrt_20260512_222454_jpg.rf.3MQ7CNoecZkX67jH2fuO.jpg,ok,640,480
train_bubat_barat,C:\Users\hanif\Downloads\capstone-agung\capstone-agung\data bubat barat\train\images\BubatBrt_20260512_222533_jpg.rf.X55OR3LsyL7Ke61zelph.jpg,ok,640,480
train_bubat_barat,C:\Users\hanif\Downloads\capstone-agung\capstone-agung\data bubat barat\train\images\BubatBrt_20260512_222612_jpg.rf.Qx5zcQq1JwsdNn2tYvbu.jpg,ok,640,480
train_bubat_barat,C:\Users\hanif\Downloads\capstone-agung\capstone-agung\data bubat barat\train\images\BubatBrt_20260512_222651_jpg.rf.q7zEzGjOLn0FCMSkX1Pv.jpg,ok,640,480
train_bubat_barat,C:\Users\hanif\Downloads\capstone-agung\capstone-agung\data bubat barat\train\images\BubatBrt_20260512_222730_jpg.rf.t2cH9jgeFeljbaL9hDLV.jpg,ok,640,480
train_bubat_barat,C:\Users\hanif\Downloads\capstone-agung\capstone-agung\data bubat barat\train\images\BubatBrt_20260512_222809_jpg.rf.Y6Eop2UcFnE8gc5x7gDU.jpg,ok,640,480
train_bubat_barat,C:\Users\hanif\Downloads\capstone-agung\capstone-agung\data bubat barat\train\images\BubatBrt_20260512_222848_jpg.rf.mTBypAT0oZAU1QEqZGk8.jpg,ok,640,480
train_bubat_barat,C:\Users\hanif\Downloads\capstone-agung\capstone-agung\data bubat barat\train\images\BubatBrt_20260512_222926_jpg.rf.Nkqp23yXQndThO2hKosw.jpg,ok,640,480
train_bubat_barat,C:\Users\hanif\Downloads\capstone-agung\capstone-agung\data bubat barat\train\images\BubatBrt_20260512_223005_jpg.rf.OHv3eup76x1IkrLWCzwL.jpg,ok,640,480
train_bubat_barat,C:\Users\hanif\Downloads\capstone-agung\capstone-agung\data bubat barat\train\images\BubatBrt_20260512_223044_jpg.rf.5pfBcgxPIcNUtffMd8aA.jpg,ok,640,480
train_bubat_barat,C:\Users\hanif\Downloads\capstone-agung\capstone-agung\data bubat barat\train\images\BubatBrt_20260512_223123_jpg.rf.9u22uozqAj3X4BXrtlLs.jpg,ok,640,480
train_bubat_barat,C:\Users\hanif\Downloads\capstone-agung\capstone-agung\data bubat barat\train\images\BubatBrt_20260512_223202_jpg.rf.DtYdWmWj9aHkzxD25NGr.jpg,ok,640,480
train_bubat_barat,C:\Users\hanif\Downloads\capstone-agung\capstone-agung\data bubat barat\train\images\BubatBrt_20260512_223240_jpg.rf.d5CAKjSQR932s6C26KdA.jpg,ok,640,480
train_bubat_barat,C:\Users\hanif\Downloads\capstone-agung\capstone-agung\data bubat barat\train\images\BubatBrt_20260512_223319_jpg.rf.bJdQZx56PTaAx8giBhMD.jpg,ok,640,480
train_bubat_barat,C:\Users\hanif\Downloads\capstone-agung\capstone-agung\data bubat barat\train\images\BubatBrt_20260512_223358_jpg.rf.tzitRvkEESJuRXXSUtlO.jpg,ok,640,480
train_bubat_barat,C:\Users\hanif\Downloads\capstone-agung\capstone-agung\data bubat barat\train\images\BubatBrt_20260512_223437_jpg.rf.sb1jBMG8Mp0SYJWGgnNj.jpg,ok,640,480
train_bubat_barat,C:\Users\hanif\Downloads\capstone-agung\capstone-agung\data bubat barat\train\images\BubatBrt_20260512_223516_jpg.rf.ZqjsU4jY30PC9fpK6X5M.jpg,ok,640,480
train_bubat_barat,C:\Users\hanif\Downloads\capstone-agung\capstone-agung\data bubat barat\train\images\BubatBrt_20260512_223555_jpg.rf.UMClRhKDrao9ThoKBYVl.jpg,ok,640,480
train_bubat_barat,C:\Users\hanif\Downloads\capstone-agung\capstone-agung\data bubat barat\train\images\BubatBrt_20260512_223634_jpg.rf.GYhTP4uApYRO4UZ0n9Tm.jpg,ok,640,480
train_bubat_barat,C:\Users\hanif\Downloads\capstone-agung\capstone-agung\data bubat barat\train\images\BubatBrt_20260512_223713_jpg.rf.src9sfxxTzUHGPcWikFx.jpg,ok,640,480
train_bubat_barat,C:\Users\hanif\Downloads\capstone-agung\capstone-agung\data bubat barat\train\images\BubatBrt_20260512_223751_jpg.rf.fASWwAQsFYx6MuXtsq4N.jpg,ok,640,480
train_bubat_barat,C:\Users\hanif\Downloads\capstone-agung\capstone-agung\data bubat barat\train\images\BubatBrt_20260512_223830_jpg.rf.4znb5rcylB8hzo1RgmNa.jpg,ok,640,480
train_bubat_barat,C:\Users\hanif\Downloads\capstone-agung\capstone-agung\data bubat barat\train\images\BubatBrt_20260512_223909_jpg.rf.4Mh4g1an8VJotfQabSxD.jpg,ok,640,480
train_bubat_barat,C:\Users\hanif\Downloads\capstone-agung\capstone-agung\data bubat barat\train\images\BubatBrt_20260512_223948_jpg.rf.X7OEvJsNxr3Zv4CTw9kE.jpg,ok,640,480
train_bubat_barat,C:\Users\hanif\Downloads\capstone-agung\capstone-agung\data bubat barat\train\images\BubatBrt_20260512_224026_jpg.rf.ViJI8upvifyk2m2XrYGV.jpg,ok,640,480
train_bubat_barat,C:\Users\hanif\Downloads\capstone-agung\capstone-agung\data bubat barat\train\images\BubatBrt_20260512_224105_jpg.rf.aEjWYN3tOWnGxBfM1O0w.jpg,ok,640,480
train_bubat_barat,C:\Users\hanif\Downloads\capstone-agung\capstone-agung\data bubat barat\train\images\BubatBrt_20260512_224144_jpg.rf.GngL3cmHj2cPtnMZ6801.jpg,ok,640,480
train_bubat_barat,C:\Users\hanif\Downloads\capstone-agung\capstone-agung\data bubat barat\train\images\BubatBrt_20260512_224223_jpg.rf.NTW60kyvxFDZqjN177Cd.jpg,ok,640,480
train_bubat_barat,C:\Users\hanif\Downloads\capstone-agung\capstone-agung\data bubat barat\train\images\BubatBrt_20260512_224301_jpg.rf.MYxE0nYI0FyzC4JoIthm.jpg,ok,640,480
train_bubat_barat,C:\Users\hanif\Downloads\capstone-agung\capstone-agung\data bubat barat\train\images\BubatBrt_20260512_224340_jpg.rf.Uez3y82NX7oRBYlbC1JN.jpg,ok,640,480
train_bubat_barat,C:\Users\hanif\Downloads\capstone-agung\capstone-agung\data bubat barat\train\images\BubatBrt_20260512_224419_jpg.rf.L7QPqPNnqaazfXBu3SaD.jpg,ok,640,480
train_bubat_barat,C:\Users\hanif\Downloads\capstone-agung\capstone-agung\data bubat barat\train\images\BubatBrt_20260512_224458_jpg.rf.vOVbo9vIwu4Adu3kiPUs.jpg,ok,640,480
train_bubat_barat,C:\Users\hanif\Downloads\capstone-agung\capstone-agung\data bubat barat\train\images\BubatBrt_20260512_224537_jpg.rf.TiMp1D6lXOEklcnGgdy8.jpg,ok,640,480
train_bubat_barat,C:\Users\hanif\Downloads\capstone-agung\capstone-agung\data bubat barat\train\images\BubatBrt_20260512_224615_jpg.rf.VALADxopjMU7HBq7hg0l.jpg,ok,640,480
train_bubat_barat,C:\Users\hanif\Downloads\capstone-agung\capstone-agung\data bubat barat\train\images\BubatBrt_20260512_224654_jpg.rf.dxEMj9fbXXiTW389k6DN.jpg,ok,640,480
train_bubat_barat,C:\Users\hanif\Downloads\capstone-agung\capstone-agung\data bubat barat\train\images\BubatBrt_20260512_224732_jpg.rf.e7xRKetNmCY2YiMoq2SE.jpg,ok,640,480
train_bubat_barat,C:\Users\hanif\Downloads\capstone-agung\capstone-agung\data bubat barat\train\images\BubatBrt_20260512_224811_jpg.rf.8gbJ9iOwLTJndD8khGVq.jpg,ok,640,480
train_bubat_barat,C:\Users\hanif\Downloads\capstone-agung\capstone-agung\data bubat barat\train\images\BubatBrt_20260512_224850_jpg.rf.fNQWNlPoDyFgFKc5dZDz.jpg,ok,640,480
train_bubat_barat,C:\Users\hanif\Downloads\capstone-agung\capstone-agung\data bubat barat\train\images\BubatBrt_20260512_224928_jpg.rf.yivYSWtj5FFZBIYuz5wS.jpg,ok,640,480
train_bubat_barat,C:\Users\hanif\Downloads\capstone-agung\capstone-agung\data bubat barat\train\images\BubatBrt_20260512_225007_jpg.rf.S1c9T4CNPsBmvGHqHdvk.jpg,ok,640,480
train_bubat_barat,C:\Users\hanif\Downloads\capstone-agung\capstone-agung\data bubat barat\train\images\BubatBrt_20260512_225046_jpg.rf.3LJ9n2PNBV8qQ5KUJCA2.jpg,ok,640,480
train_bubat_barat,C:\Users\hanif\Downloads\capstone-agung\capstone-agung\data bubat barat\train\images\BubatBrt_20260512_225125_jpg.rf.Bu5XYPVXnukYnBuZ0dPO.jpg,ok,640,480
train_bubat_barat,C:\Users\hanif\Downloads\capstone-agung\capstone-agung\data bubat barat\train\images\BubatBrt_20260512_225204_jpg.rf.VDfi26wLVle1p70MHcky.jpg,ok,640,480
train_bubat_barat,C:\Users\hanif\Downloads\capstone-agung\capstone-agung\data bubat barat\train\images\BubatBrt_20260512_225242_jpg.rf.g2LVYP1BFCvyknNOXlya.jpg,ok,640,480
train_bubat_barat,C:\Users\hanif\Downloads\capstone-agung\capstone-agung\data bubat barat\train\images\BubatBrt_20260512_225321_jpg.rf.huZoN7xQuqgcnfwvltx4.jpg,ok,640,480
train_bubat_barat,C:\Users\hanif\Downloads\capstone-agung\capstone-agung\data bubat barat\train\images\BubatBrt_20260512_225400_jpg.rf.SywHBx00EEY99jO6CbHs.jpg,ok,640,480
train_bubat_barat,C:\Users\hanif\Downloads\capstone-agung\capstone-agung\data bubat barat\train\images\BubatBrt_20260512_225439_jpg.rf.wcIffO2WWSnTXt96dYxg.jpg,ok,640,480
train_bubat_barat,C:\Users\hanif\Downloads\capstone-agung\capstone-agung\data bubat barat\train\images\BubatBrt_20260512_225519_jpg.rf.bQOYtXIE2GMGey1CWpUW.jpg,ok,640,480
train_bubat_barat,C:\Users\hanif\Downloads\capstone-agung\capstone-agung\data bubat barat\train\images\BubatBrt_20260512_225558_jpg.rf.7WulWYQFEYQ04DoJsqKK.jpg,ok,640,480
train_bubat_barat,C:\Users\hanif\Downloads\capstone-agung\capstone-agung\data bubat barat\train\images\BubatBrt_20260512_225636_jpg.rf.uamAYLJuZJmIQSwHh9Oq.jpg,ok,640,480
train_bubat_barat,C:\Users\hanif\Downloads\capstone-agung\capstone-agung\data bubat barat\train\images\BubatBrt_20260512_225716_jpg.rf.rbgqyGgyWcM2VwPuw1ku.jpg,ok,640,480
train_bubat_barat,C:\Users\hanif\Downloads\capstone-agung\capstone-agung\data bubat barat\train\images\BubatBrt_20260512_225755_jpg.rf.KXG9oh6jYymfksS1I65G.jpg,ok,640,480
train_bubat_barat,C:\Users\hanif\Downloads\capstone-agung\capstone-agung\data bubat barat\train\images\BubatBrt_20260512_225834_jpg.rf.5odLYGeAaxgL9GCrjYs7.jpg,ok,640,480
train_bubat_barat,C:\Users\hanif\Downloads\capstone-agung\capstone-agung\data bubat barat\train\images\BubatBrt_20260512_225912_jpg.rf.WnN5UzSLZL5UhsfrE71f.jpg,ok,640,480
train_bubat_barat,C:\Users\hanif\Downloads\capstone-agung\capstone-agung\data bubat barat\train\images\BubatBrt_20260512_225951_jpg.rf.8DRSwqgb3aIaFDb2a4mC.jpg,ok,640,480
train_bubat_barat,C:\Users\hanif\Downloads\capstone-agung\capstone-agung\data bubat barat\train\images\BubatBrt_20260512_230030_jpg.rf.mTRnkJKYkxt1WCUp5EQ5.jpg,ok,640,480
train_bubat_barat,C:\Users\hanif\Downloads\capstone-agung\capstone-agung\data bubat barat\train\images\BubatBrt_20260512_230109_jpg.rf.vxYyMWJcxFeb4Nd4MiNQ.jpg,ok,640,480
train_bubat_barat,C:\Users\hanif\Downloads\capstone-agung\capstone-agung\data bubat barat\train\images\BubatBrt_20260512_230305_jpg.rf.6I8s5iBegS7HPK6EK6HY.jpg,ok,640,480
train_bubat_barat,C:\Users\hanif\Downloads\capstone-agung\capstone-agung\data bubat barat\train\images\BubatBrt_20260512_230344_jpg.rf.E0dK2uN5suh9tYX1hxUW.jpg,ok,640,480
train_bubat_barat,C:\Users\hanif\Downloads\capstone-agung\capstone-agung\data bubat barat\train\images\BubatBrt_20260512_230442_jpg.rf.1HCfxePakLi0EPetPtHX.jpg,ok,640,480
train_bubat_barat,C:\Users\hanif\Downloads\capstone-agung\capstone-agung\data bubat barat\train\images\BubatBrt_20260512_230521_jpg.rf.0swFf6ocOyBKqE6GgVyz.jpg,ok,640,480
train_bubat_barat,C:\Users\hanif\Downloads\capstone-agung\capstone-agung\data bubat barat\train\images\BubatBrt_20260512_230600_jpg.rf.BRrEPwDBk5Q9Rhhtu4rL.jpg,ok,640,480
train_bubat_barat,C:\Users\hanif\Downloads\capstone-agung\capstone-agung\data bubat barat\train\images\BubatBrt_20260512_230638_jpg.rf.U4t49E3df5RMypbKEK29.jpg,ok,640,480
train_bubat_barat,C:\Users\hanif\Downloads\capstone-agung\capstone-agung\data bubat barat\train\images\BubatBrt_20260512_230717_jpg.rf.ij7truiPIQOskBQbHhkY.jpg,ok,640,480
train_bubat_barat,C:\Users\hanif\Downloads\capstone-agung\capstone-agung\data bubat barat\train\images\BubatBrt_20260512_231012_jpg.rf.1IQb4yIsylFxN6ZJxZ7p.jpg,ok,640,480
train_bubat_barat,C:\Users\hanif\Downloads\capstone-agung\capstone-agung\data bubat barat\train\images\BubatBrt_20260512_231051_jpg.rf.qXMzgJqEcBiDifhjsZaZ.jpg,ok,640,480
train_bubat_barat,C:\Users\hanif\Downloads\capstone-agung\capstone-agung\data bubat barat\train\images\BubatBrt_20260512_231622_jpg.rf.1ELIwuXmz9CmBBZKS0Vb.jpg,ok,640,480
train_bubat_barat,C:\Users\hanif\Downloads\capstone-agung\capstone-agung\data bubat barat\train\images\BubatBrt_20260512_231701_jpg.rf.d7crDYM9s6hYAmv0ZSHZ.jpg,ok,640,480
train_bubat_barat,C:\Users\hanif\Downloads\capstone-agung\capstone-agung\data bubat barat\train\images\BubatBrt_20260512_231740_jpg.rf.qiZvmLThOXIwJSBLu20a.jpg,ok,640,480
train_bubat_barat,C:\Users\hanif\Downloads\capstone-agung\capstone-agung\data bubat barat\train\images\BubatBrt_20260512_231819_jpg.rf.9cTDgcjSjX6EruAq7GVG.jpg,ok,640,480
train_bubat_barat,C:\Users\hanif\Downloads\capstone-agung\capstone-agung\data bubat barat\train\images\BubatBrt_20260512_231858_jpg.rf.sjIfo1YbgBzI4NLCJVMK.jpg,ok,640,480
train_bubat_barat,C:\Users\hanif\Downloads\capstone-agung\capstone-agung\data bubat barat\train\images\BubatBrt_20260512_231937_jpg.rf.Uj4yWFsw6Rb2bsng8VVQ.jpg,ok,640,480
train_bubat_barat,C:\Users\hanif\Downloads\capstone-agung\capstone-agung\data bubat barat\train\images\BubatBrt_20260512_232251_jpg.rf.pb1DEI5Wlat72MVGWLy4.jpg,ok,640,480
train_bubat_barat,C:\Users\hanif\Downloads\capstone-agung\capstone-agung\data bubat barat\train\images\BubatBrt_20260512_232330_jpg.rf.f2DetojcrwVhww4wwO7L.jpg,ok,640,480
train_bubat_barat,C:\Users\hanif\Downloads\capstone-agung\capstone-agung\data bubat barat\train\images\BubatBrt_20260512_232409_jpg.rf.QTMFxxfkargQoFZ6uu4l.jpg,ok,640,480
train_bubat_barat,C:\Users\hanif\Downloads\capstone-agung\capstone-agung\data bubat barat\train\images\BubatBrt_20260512_232447_jpg.rf.eJzGzwVEKBEVBD22mor1.jpg,ok,640,480
train_bubat_barat,C:\Users\hanif\Downloads\capstone-agung\capstone-agung\data bubat barat\train\images\BubatBrt_20260512_232527_jpg.rf.1LjfZdSjRABgtNT0HVm5.jpg,ok,640,480
train_bubat_barat,C:\Users\hanif\Downloads\capstone-agung\capstone-agung\data bubat barat\train\images\BubatBrt_20260512_232606_jpg.rf.DNhiAIxmU9DZwWsM6QxN.jpg,ok,640,480
train_bubat_barat,C:\Users\hanif\Downloads\capstone-agung\capstone-agung\data bubat barat\train\images\BubatBrt_20260512_232645_jpg.rf.X6OszQpiRTBb9GErYbAR.jpg,ok,640,480
train_bubat_barat,C:\Users\hanif\Downloads\capstone-agung\capstone-agung\data bubat barat\train\images\BubatBrt_20260512_232822_jpg.rf.Rq3ENxJFqViF34191mSy.jpg,ok,640,480
train_bubat_barat,C:\Users\hanif\Downloads\capstone-agung\capstone-agung\data bubat barat\train\images\BubatBrt_20260512_232901_jpg.rf.ZBj31LuUPFrE5cAkS2Ry.jpg,ok,640,480
train_bubat_barat,C:\Users\hanif\Downloads\capstone-agung\capstone-agung\data bubat barat\train\images\BubatBrt_20260512_232940_jpg.rf.vr1IqK4x8bKVhTYjYyQJ.jpg,ok,640,480
train_bubat_barat,C:\Users\hanif\Downloads\capstone-agung\capstone-agung\data bubat barat\train\images\BubatBrt_20260512_233019_jpg.rf.lxZrk3cbjQaQPLjeUUva.jpg,ok,640,480
train_bubat_barat,C:\Users\hanif\Downloads\capstone-agung\capstone-agung\data bubat barat\train\images\BubatBrt_20260512_233059_jpg.rf.7Mhm6tV0XmNopmW2vlrH.jpg,ok,640,480
train_bubat_barat,C:\Users\hanif\Downloads\capstone-agung\capstone-agung\data bubat barat\train\images\BubatBrt_20260512_233236_jpg.rf.P4gcwNPF8EqIEKH8RTRt.jpg,ok,640,480
train_bubat_barat,C:\Users\hanif\Downloads\capstone-agung\capstone-agung\data bubat barat\train\images\BubatBrt_20260512_233315_jpg.rf.uarJeC4d0smsfA1BPHpb.jpg,ok,640,480
train_bubat_barat,C:\Users\hanif\Downloads\capstone-agung\capstone-agung\data bubat barat\train\images\BubatBrt_20260512_233354_jpg.rf.JKFAUUdfb2YEeErTcaHB.jpg,ok,640,480
train_bubat_barat,C:\Users\hanif\Downloads\capstone-agung\capstone-agung\data bubat barat\train\images\BubatBrt_20260512_233433_jpg.rf.m8udqScTvH9xsgSewOQr.jpg,ok,640,480
train_bubat_barat,C:\Users\hanif\Downloads\capstone-agung\capstone-agung\data bubat barat\train\images\BubatBrt_20260512_233531_jpg.rf.0F2lXvvJmWighANkJBkV.jpg,ok,640,480
train_bubat_barat,C:\Users\hanif\Downloads\capstone-agung\capstone-agung\data bubat barat\train\images\BubatBrt_20260512_233610_jpg.rf.wzTykhWwrBh3wixVOzY3.jpg,ok,640,480
train_bubat_barat,C:\Users\hanif\Downloads\capstone-agung\capstone-agung\data bubat barat\train\images\BubatBrt_20260512_233649_jpg.rf.MOyTxz9jaYLzWY1NJQFM.jpg,ok,640,480
train_bubat_barat,C:\Users\hanif\Downloads\capstone-agung\capstone-agung\data bubat barat\train\images\BubatBrt_20260512_233728_jpg.rf.22sAXrIorOlWJkmvLEKY.jpg,ok,640,480
train_bubat_barat,C:\Users\hanif\Downloads\capstone-agung\capstone-agung\data bubat barat\train\images\BubatBrt_20260512_234022_jpg.rf.Tt96M8kKFgdp1P9kjqRq.jpg,ok,640,480
train_bubat_barat,C:\Users\hanif\Downloads\capstone-agung\capstone-agung\data bubat barat\train\images\BubatBrt_20260512_234238_jpg.rf.IjMGEX3VXIE08o9qGtx3.jpg,ok,640,480
train_bubat_barat,C:\Users\hanif\Downloads\capstone-agung\capstone-agung\data bubat barat\train\images\BubatBrt_20260512_234317_jpg.rf.vUg3EDoUHMBLZ2SGjjQ3.jpg,ok,640,480
train_bubat_barat,C:\Users\hanif\Downloads\capstone-agung\capstone-agung\data bubat barat\train\images\BubatBrt_20260512_234356_jpg.rf.l7qoiFxlbvKpwgBMnbfZ.jpg,ok,640,480
train_bubat_barat,C:\Users\hanif\Downloads\capstone-agung\capstone-agung\data bubat barat\train\images\BubatBrt_20260512_234435_jpg.rf.JPnYx82OZfqNaPU9NREx.jpg,ok,640,480
train_bubat_barat,C:\Users\hanif\Downloads\capstone-agung\capstone-agung\data bubat barat\train\images\BubatBrt_20260512_234513_jpg.rf.cVkQ9Ny3RGoPblX4dlfI.jpg,ok,640,480
train_bubat_barat,C:\Users\hanif\Downloads\capstone-agung\capstone-agung\data bubat barat\train\images\BubatBrt_20260512_234535_jpg.rf.y7zKcIzJWdBpuRTU9WHm.jpg,ok,640,480
train_bubat_barat,C:\Users\hanif\Downloads\capstone-agung\capstone-agung\data bubat barat\train\images\BubatBrt_20260512_234614_jpg.rf.ZkTXoZzQR4CPvIlZNzOC.jpg,ok,640,480
train_bubat_barat,C:\Users\hanif\Downloads\capstone-agung\capstone-agung\data bubat barat\train\images\BubatBrt_20260512_234731_jpg.rf.zm4qsUAYLNhFLot2tS0G.jpg,ok,640,480
train_bubat_barat,C:\Users\hanif\Downloads\capstone-agung\capstone-agung\data bubat barat\train\images\BubatBrt_20260512_234810_jpg.rf.PTdAeJ4cGe4nlA6RoEDP.jpg,ok,640,480
train_bubat_barat,C:\Users\hanif\Downloads\capstone-agung\capstone-agung\data bubat barat\train\images\BubatBrt_20260512_234849_jpg.rf.nMODqcMdiNZjxyOzQLQq.jpg,ok,640,480
train_bubat_barat,C:\Users\hanif\Downloads\capstone-agung\capstone-agung\data bubat barat\train\images\BubatBrt_20260512_234928_jpg.rf.3E2KNUs79KUIVzsT6YtH.jpg,ok,640,480
train_bubat_barat,C:\Users\hanif\Downloads\capstone-agung\capstone-agung\data bubat barat\train\images\BubatBrt_20260512_235027_jpg.rf.ZnmrWh2eHyD1jIE2gltc.jpg,ok,640,480
train_bubat_barat,C:\Users\hanif\Downloads\capstone-agung\capstone-agung\data bubat barat\train\images\BubatBrt_20260512_235106_jpg.rf.7tbu2JAL319ynlNta2r5.jpg,ok,640,480
train_bubat_barat,C:\Users\hanif\Downloads\capstone-agung\capstone-agung\data bubat barat\train\images\BubatBrt_20260512_235145_jpg.rf.lKizAUFjxjWw9FcNXC58.jpg,ok,640,480
train_bubat_barat,C:\Users\hanif\Downloads\capstone-agung\capstone-agung\data bubat barat\train\images\BubatBrt_20260512_235224_jpg.rf.RhEvWytnSFYyKuv2qh6e.jpg,ok,640,480
train_bubat_barat,C:\Users\hanif\Downloads\capstone-agung\capstone-agung\data bubat barat\train\images\BubatBrt_20260512_235302_jpg.rf.4gejER8waNWeNqXWKjz3.jpg,ok,640,480
train_bubat_barat,C:\Users\hanif\Downloads\capstone-agung\capstone-agung\data bubat barat\train\images\BubatBrt_20260512_235341_jpg.rf.A6Td1tUGgABpti2L4YML.jpg,ok,640,480
train_bubat_barat,C:\Users\hanif\Downloads\capstone-agung\capstone-agung\data bubat barat\train\images\BubatBrt_20260512_235420_jpg.rf.dGIVBBmHc64LvHhqPdRV.jpg,ok,640,480
train_bubat_barat,C:\Users\hanif\Downloads\capstone-agung\capstone-agung\data bubat barat\train\images\BubatBrt_20260512_235657_jpg.rf.vz8yKX7lQSh3W8kmVnCA.jpg,ok,640,480
train_bubat_barat,C:\Users\hanif\Downloads\capstone-agung\capstone-agung\data bubat barat\train\images\BubatBrt_20260512_235737_jpg.rf.lr0WtC3J9Zk4bhDDgdQz.jpg,ok,640,480
train_bubat_barat,C:\Users\hanif\Downloads\capstone-agung\capstone-agung\data bubat barat\train\images\BubatBrt_20260512_235855_jpg.rf.ewZoCiMv9ADUXu52jc3U.jpg,ok,640,480
train_bubat_barat,C:\Users\hanif\Downloads\capstone-agung\capstone-agung\data bubat barat\train\images\BubatBrt_20260512_235934_jpg.rf.sbJX5ImpIcBFcKgy0U7h.jpg,ok,640,480
train_bubat_barat,C:\Users\hanif\Downloads\capstone-agung\capstone-agung\data bubat barat\train\images\BubatBrt_20260513_000013_jpg.rf.dO5UVFLQgAIqRVdyrtt9.jpg,ok,640,480
train_bubat_barat,C:\Users\hanif\Downloads\capstone-agung\capstone-agung\data bubat barat\train\images\BubatBrt_20260513_000427_jpg.rf.ZGdtNn2RMOjEUrCM3wn4.jpg,ok,640,480
train_bubat_barat,C:\Users\hanif\Downloads\capstone-agung\capstone-agung\data bubat barat\train\images\BubatBrt_20260513_000506_jpg.rf.GBWu82iolpSn8Dss3UEo.jpg,ok,640,480
train_bubat_barat,C:\Users\hanif\Downloads\capstone-agung\capstone-agung\data bubat barat\train\images\BubatBrt_20260513_000545_jpg.rf.79s3zpGCeYLsXdq359Qe.jpg,ok,640,480
train_bubat_barat,C:\Users\hanif\Downloads\capstone-agung\capstone-agung\data bubat barat\train\images\BubatBrt_20260513_000624_jpg.rf.MLUdzK3WEOCt2VXNIWC2.jpg,ok,640,480
train_bubat_barat,C:\Users\hanif\Downloads\capstone-agung\capstone-agung\data bubat barat\train\images\BubatBrt_20260513_000704_jpg.rf.4jfYcknD1x9g0oJEwLEs.jpg,ok,640,480
train_bubat_barat,C:\Users\hanif\Downloads\capstone-agung\capstone-agung\data bubat barat\train\images\BubatBrt_20260513_001137_jpg.rf.GY8SR864kgNW7fNLd2mC.jpg,ok,640,480
train_bubat_barat,C:\Users\hanif\Downloads\capstone-agung\capstone-agung\data bubat barat\train\images\BubatBrt_20260513_001217_jpg.rf.nAVW3yHUrem5GwIyZwLI.jpg,ok,640,480
train_bubat_barat,C:\Users\hanif\Downloads\capstone-agung\capstone-agung\data bubat barat\train\images\BubatBrt_20260513_001256_jpg.rf.QX3okbyBiSMdllL5GGDP.jpg,ok,640,480
train_bubat_barat,C:\Users\hanif\Downloads\capstone-agung\capstone-agung\data bubat barat\train\images\BubatBrt_20260513_001335_jpg.rf.FJXfb44NXqGiix2TYgL0.jpg,ok,640,480
train_bubat_barat,C:\Users\hanif\Downloads\capstone-agung\capstone-agung\data bubat barat\train\images\BubatBrt_20260513_001414_jpg.rf.ilTUOg17isnpViqXZqja.jpg,ok,640,480
train_bubat_barat,C:\Users\hanif\Downloads\capstone-agung\capstone-agung\data bubat barat\train\images\BubatBrt_20260513_001453_jpg.rf.YyI0mbw4Xmpp5z5Frkig.jpg,ok,640,480
train_bubat_barat,C:\Users\hanif\Downloads\capstone-agung\capstone-agung\data bubat barat\train\images\BubatBrt_20260513_001810_jpg.rf.HT0xn5zl0nRPNtkgKyur.jpg,ok,640,480
train_bubat_barat,C:\Users\hanif\Downloads\capstone-agung\capstone-agung\data bubat barat\train\images\BubatBrt_20260513_001849_jpg.rf.J3bqhm2m6MVbPQIbNjki.jpg,ok,640,480
train_bubat_barat,C:\Users\hanif\Downloads\capstone-agung\capstone-agung\data bubat barat\train\images\BubatBrt_20260513_001928_jpg.rf.QBv3YXmjCgsj70TufKdN.jpg,ok,640,480
train_bubat_barat,C:\Users\hanif\Downloads\capstone-agung\capstone-agung\data bubat barat\train\images\BubatBrt_20260513_002441_jpg.rf.36nILptQaZMM65EjI1v3.jpg,ok,640,480
train_bubat_barat,C:\Users\hanif\Downloads\capstone-agung\capstone-agung\data bubat barat\train\images\BubatBrt_20260513_002520_jpg.rf.71HfY5D9MhdCSVcSLaiX.jpg,ok,640,480
train_bubat_barat,C:\Users\hanif\Downloads\capstone-agung\capstone-agung\data bubat barat\train\images\BubatBrt_20260513_002639_jpg.rf.HPcyal6wxSL58e9sHtVa.jpg,ok,640,480
train_bubat_barat,C:\Users\hanif\Downloads\capstone-agung\capstone-agung\data bubat barat\train\images\BubatBrt_20260513_003111_jpg.rf.T6Xa8V3LcadaNpNpIdoN.jpg,ok,640,480
train_bubat_barat,C:\Users\hanif\Downloads\capstone-agung\capstone-agung\data bubat barat\train\images\BubatBrt_20260513_003151_jpg.rf.389a6Y3ph4CGZrmh0Fgk.jpg,ok,640,480
train_bubat_barat,C:\Users\hanif\Downloads\capstone-agung\capstone-agung\data bubat barat\train\images\BubatBrt_20260513_003230_jpg.rf.kTN7659ndgieShOcziD3.jpg,ok,640,480
train_bubat_barat,C:\Users\hanif\Downloads\capstone-agung\capstone-agung\data bubat barat\train\images\BubatBrt_20260513_003308_jpg.rf.DhiEAAI10QDJKwwBuSD1.jpg,ok,640,480
train_bubat_barat,C:\Users\hanif\Downloads\capstone-agung\capstone-agung\data bubat barat\train\images\BubatBrt_20260513_003348_jpg.rf.TBTBYoBVBMqWYpYiQwa1.jpg,ok,640,480
train_bubat_barat,C:\Users\hanif\Downloads\capstone-agung\capstone-agung\data bubat barat\train\images\BubatBrt_20260513_003545_jpg.rf.usFdyxlcAA7UoLMgQiOp.jpg,ok,640,480
train_bubat_barat,C:\Users\hanif\Downloads\capstone-agung\capstone-agung\data bubat barat\train\images\BubatBrt_20260513_003645_jpg.rf.heOHeriQNcTqjOFe8zrw.jpg,ok,640,480
train_bubat_barat,C:\Users\hanif\Downloads\capstone-agung\capstone-agung\data bubat barat\train\images\BubatBrt_20260513_003744_jpg.rf.P0NqUA6n10TL5VeVRYvR.jpg,ok,640,480
train_bubat_barat,C:\Users\hanif\Downloads\capstone-agung\capstone-agung\data bubat barat\train\images\BubatBrt_20260513_003823_jpg.rf.sLub0cSMozXAyK23u6Ev.jpg,ok,640,480
train_bubat_barat,C:\Users\hanif\Downloads\capstone-agung\capstone-agung\data bubat barat\train\images\BubatBrt_20260513_003902_jpg.rf.7nm3gUZtIr8WvurT7ZH3.jpg,ok,640,480
train_bubat_barat,C:\Users\hanif\Downloads\capstone-agung\capstone-agung\data bubat barat\train\images\BubatBrt_20260513_004453_jpg.rf.tDjMXE4gOANYWtBzMyVm.jpg,ok,640,480
train_bubat_barat,C:\Users\hanif\Downloads\capstone-agung\capstone-agung\data bubat barat\train\images\BubatBrt_20260513_004532_jpg.rf.HnGyLHkvkIRU36ok0f2z.jpg,ok,640,480
train_bubat_barat,C:\Users\hanif\Downloads\capstone-agung\capstone-agung\data bubat barat\train\images\BubatBrt_20260513_004611_jpg.rf.QGHlqDZaFVxq1dgBxgKE.jpg,ok,640,480
train_bubat_barat,C:\Users\hanif\Downloads\capstone-agung\capstone-agung\data bubat barat\train\images\BubatBrt_20260513_004650_jpg.rf.mrSsMx1M4LlIxz2Iz6IR.jpg,ok,640,480
train_bubat_barat,C:\Users\hanif\Downloads\capstone-agung\capstone-agung\data bubat barat\train\images\BubatBrt_20260513_005142_jpg.rf.MICVuuJuO3ausvCXr00r.jpg,ok,640,480
train_bubat_barat,C:\Users\hanif\Downloads\capstone-agung\capstone-agung\data bubat barat\train\images\BubatBrt_20260513_005221_jpg.rf.PNABwCuKrPcdD5qyemJA.jpg,ok,640,480
train_bubat_barat,C:\Users\hanif\Downloads\capstone-agung\capstone-agung\data bubat barat\train\images\BubatBrt_20260513_005300_jpg.rf.siHlkdStJCeCd8a1vZI1.jpg,ok,640,480
train_bubat_barat,C:\Users\hanif\Downloads\capstone-agung\capstone-agung\data bubat barat\train\images\BubatBrt_20260513_005850_jpg.rf.YEInRHQZ4pThdD713k1a.jpg,ok,640,480
train_bubat_barat,C:\Users\hanif\Downloads\capstone-agung\capstone-agung\data bubat barat\train\images\BubatBrt_20260513_005929_jpg.rf.CGvgBVLcOgXTwfoi70mK.jpg,ok,640,480
train_bubat_barat,C:\Users\hanif\Downloads\capstone-agung\capstone-agung\data bubat barat\train\images\BubatBrt_20260513_010717_jpg.rf.FyxyJvyPKQFNuRaorUpc.jpg,ok,640,480
train_bubat_barat,C:\Users\hanif\Downloads\capstone-agung\capstone-agung\data bubat barat\train\images\BubatBrt_20260513_010757_jpg.rf.FnDWXxNjHxDQkrUgVL4t.jpg,ok,640,480
train_bubat_barat,C:\Users\hanif\Downloads\capstone-agung\capstone-agung\data bubat barat\train\images\BubatBrt_20260513_010836_jpg.rf.XY6McE6MPZKf0RyFuCYg.jpg,ok,640,480
train_bubat_barat,C:\Users\hanif\Downloads\capstone-agung\capstone-agung\data bubat barat\train\images\BubatBrt_20260513_010915_jpg.rf.ulcqBkrl4ImLMpPwgXu8.jpg,ok,640,480
train_bubat_barat,C:\Users\hanif\Downloads\capstone-agung\capstone-agung\data bubat barat\train\images\BubatBrt_20260513_011449_jpg.rf.0yePwtR8npZa41nJ0bkO.jpg,ok,640,480
train_bubat_barat,C:\Users\hanif\Downloads\capstone-agung\capstone-agung\data bubat barat\train\images\BubatBrt_20260513_011528_jpg.rf.9WeUp7D5rpK4EgqbGQYV.jpg,ok,640,480
train_bubat_barat,C:\Users\hanif\Downloads\capstone-agung\capstone-agung\data bubat barat\train\images\BubatBrt_20260513_011607_jpg.rf.gmWy8u9ZdLf2oXuHq8AF.jpg,ok,640,480
train_bubat_barat,C:\Users\hanif\Downloads\capstone-agung\capstone-agung\data bubat barat\train\images\BubatBrt_20260513_011706_jpg.rf.SvQiHYXFYXaEtJOcB7zZ.jpg,ok,640,480
train_bubat_barat,C:\Users\hanif\Downloads\capstone-agung\capstone-agung\data bubat barat\train\images\BubatBrt_20260513_012101_jpg.rf.6ouP6erN0qXAuRrHTq02.jpg,ok,640,480
train_bubat_barat,C:\Users\hanif\Downloads\capstone-agung\capstone-agung\data bubat barat\train\images\BubatBrt_20260513_012140_jpg.rf.V3YWOkrO2epD1GdlhULN.jpg,ok,640,480
train_bubat_barat,C:\Users\hanif\Downloads\capstone-agung\capstone-agung\data bubat barat\train\images\BubatBrt_20260513_012220_jpg.rf.Us8l8FNL4nBnfDRRT95c.jpg,ok,640,480
train_bubat_barat,C:\Users\hanif\Downloads\capstone-agung\capstone-agung\data bubat barat\train\images\BubatBrt_20260513_012338_jpg.rf.NyigOUChosYJ6VkBZjRN.jpg,ok,640,480
train_bubat_barat,C:\Users\hanif\Downloads\capstone-agung\capstone-agung\data bubat barat\train\images\BubatBrt_20260513_012733_jpg.rf.4lugvsSq09xkrJ5L6AGy.jpg,ok,640,480
train_bubat_barat,C:\Users\hanif\Downloads\capstone-agung\capstone-agung\data bubat barat\train\images\BubatBrt_20260513_012812_jpg.rf.lE17Lzs77ChUprcYaXJW.jpg,ok,640,480
train_bubat_barat,C:\Users\hanif\Downloads\capstone-agung\capstone-agung\data bubat barat\train\images\BubatBrt_20260513_012930_jpg.rf.vwJp4NDpi60fUSL5uAGQ.jpg,ok,640,480
train_bubat_barat,C:\Users\hanif\Downloads\capstone-agung\capstone-agung\data bubat barat\train\images\BubatBrt_20260513_013009_jpg.rf.MDq21YLUbLbXV4yiWE8w.jpg,ok,640,480
train_bubat_barat,C:\Users\hanif\Downloads\capstone-agung\capstone-agung\data bubat barat\train\images\BubatBrt_20260513_013424_jpg.rf.QM3dBadUZ9NDJCw2YyN9.jpg,ok,640,480
train_bubat_barat,C:\Users\hanif\Downloads\capstone-agung\capstone-agung\data bubat barat\train\images\BubatBrt_20260513_013542_jpg.rf.ZgqL5lHpZ6oeH48ADPv7.jpg,ok,640,480
train_bubat_barat,C:\Users\hanif\Downloads\capstone-agung\capstone-agung\data bubat barat\train\images\BubatBrt_20260513_013621_jpg.rf.1CswAAvjuAp6STR28p96.jpg,ok,640,480
train_bubat_barat,C:\Users\hanif\Downloads\capstone-agung\capstone-agung\data bubat barat\train\images\BubatBrt_20260513_013700_jpg.rf.6QwLH2R71XqTlxywon10.jpg,ok,640,480
train_bubat_barat,C:\Users\hanif\Downloads\capstone-agung\capstone-agung\data bubat barat\train\images\BubatBrt_20260513_013838_jpg.rf.R5w8A4DHPXgBROL8Jtbk.jpg,ok,640,480
train_bubat_barat,C:\Users\hanif\Downloads\capstone-agung\capstone-agung\data bubat barat\train\images\BubatBrt_20260513_013917_jpg.rf.CoHPcVrzpM2Rch2sMfZf.jpg,ok,640,480
train_bubat_barat,C:\Users\hanif\Downloads\capstone-agung\capstone-agung\data bubat barat\train\images\BubatBrt_20260513_013956_jpg.rf.UPz13iySJuNDF3aMMseL.jpg,ok,640,480
train_bubat_barat,C:\Users\hanif\Downloads\capstone-agung\capstone-agung\data bubat barat\train\images\BubatBrt_20260513_014035_jpg.rf.HsKEBqMJnKOWTsqxTywH.jpg,ok,640,480
train_bubat_barat,C:\Users\hanif\Downloads\capstone-agung\capstone-agung\data bubat barat\train\images\BubatBrt_20260513_014115_jpg.rf.qYwp6I7QU7SgJqHJKXE3.jpg,ok,640,480
train_bubat_barat,C:\Users\hanif\Downloads\capstone-agung\capstone-agung\data bubat barat\train\images\BubatBrt_20260513_014154_jpg.rf.ZCIGLlF4PUxIuS1jAgN0.jpg,ok,640,480
train_bubat_barat,C:\Users\hanif\Downloads\capstone-agung\capstone-agung\data bubat barat\train\images\BubatBrt_20260513_014233_jpg.rf.oSqNNalmKxbEONOu3daI.jpg,ok,640,480
train_bubat_barat,C:\Users\hanif\Downloads\capstone-agung\capstone-agung\data bubat barat\train\images\BubatBrt_20260513_014747_jpg.rf.ALBGiHBy77voXPKrOGaQ.jpg,ok,640,480
train_bubat_barat,C:\Users\hanif\Downloads\capstone-agung\capstone-agung\data bubat barat\train\images\BubatBrt_20260513_014825_jpg.rf.y9cqiTsjnuxxfwK03jCS.jpg,ok,640,480
train_bubat_barat,C:\Users\hanif\Downloads\capstone-agung\capstone-agung\data bubat barat\train\images\BubatBrt_20260513_014905_jpg.rf.66MVcxGGpdejHp20PMRw.jpg,ok,640,480
train_bubat_barat,C:\Users\hanif\Downloads\capstone-agung\capstone-agung\data bubat barat\train\images\BubatBrt_20260513_015102_jpg.rf.0W3QVQ2L7XutQsdJeEiJ.jpg,ok,640,480
train_bubat_barat,C:\Users\hanif\Downloads\capstone-agung\capstone-agung\data bubat barat\train\images\BubatBrt_20260513_015319_jpg.rf.swcYS1FD1zVMMbGLa50a.jpg,ok,640,480
train_bubat_barat,C:\Users\hanif\Downloads\capstone-agung\capstone-agung\data bubat barat\train\images\BubatBrt_20260513_015437_jpg.rf.8wRerNbkavhf0QDzkrAi.jpg,ok,640,480
train_bubat_barat,C:\Users\hanif\Downloads\capstone-agung\capstone-agung\data bubat barat\train\images\BubatBrt_20260513_015516_jpg.rf.Lr8bNmor8gkrTm3TPAqn.jpg,ok,640,480
train_bubat_barat,C:\Users\hanif\Downloads\capstone-agung\capstone-agung\data bubat barat\train\images\BubatBrt_20260513_015555_jpg.rf.k059HXP6obATKQhcXkiG.jpg,ok,640,480
train_bubat_barat,C:\Users\hanif\Downloads\capstone-agung\capstone-agung\data bubat barat\train\images\BubatBrt_20260513_015713_jpg.rf.iwGTSgj01VJ2OHLdpuiT.jpg,ok,640,480
train_bubat_barat,C:\Users\hanif\Downloads\capstone-agung\capstone-agung\data bubat barat\train\images\BubatBrt_20260513_020108_jpg.rf.VM3sof4Ahq5NFIo7IyMG.jpg,ok,640,480
train_bubat_barat,C:\Users\hanif\Downloads\capstone-agung\capstone-agung\data bubat barat\train\images\BubatBrt_20260513_020147_jpg.rf.zGimD8vw8wh5dAe843eZ.jpg,ok,640,480
train_bubat_barat,C:\Users\hanif\Downloads\capstone-agung\capstone-agung\data bubat barat\train\images\BubatBrt_20260513_020226_jpg.rf.ui3kWISaWcZaSqjSz4M9.jpg,ok,640,480
train_bubat_barat,C:\Users\hanif\Downloads\capstone-agung\capstone-agung\data bubat barat\train\images\BubatBrt_20260513_020345_jpg.rf.VQCj4RA2yZxnaMtiIJ4K.jpg,ok,640,480
train_bubat_barat,C:\Users\hanif\Downloads\capstone-agung\capstone-agung\data bubat barat\train\images\BubatBrt_20260513_020821_jpg.rf.GUQKjfIRgIWVYxCS4uvm.jpg,ok,640,480
train_bubat_barat,C:\Users\hanif\Downloads\capstone-agung\capstone-agung\data bubat barat\train\images\BubatBrt_20260513_020901_jpg.rf.R37FalGGyEWsRKImxdaP.jpg,ok,640,480
train_bubat_barat,C:\Users\hanif\Downloads\capstone-agung\capstone-agung\data bubat barat\train\images\BubatBrt_20260513_021058_jpg.rf.Ch4ACX8dWkssekcL2A4F.jpg,ok,640,480
train_bubat_barat,C:\Users\hanif\Downloads\capstone-agung\capstone-agung\data bubat barat\train\images\BubatBrt_20260513_021415_jpg.rf.d748UnFV2SZhKJXaDXaD.jpg,ok,640,480
train_bubat_barat,C:\Users\hanif\Downloads\capstone-agung\capstone-agung\data bubat barat\train\images\BubatBrt_20260513_021454_jpg.rf.9oEgeY7vT1GhRWfbxs3e.jpg,ok,640,480
train_bubat_barat,C:\Users\hanif\Downloads\capstone-agung\capstone-agung\data bubat barat\train\images\BubatBrt_20260513_021533_jpg.rf.HtqKwMqhugFZlg5pxMet.jpg,ok,640,480
train_bubat_barat,C:\Users\hanif\Downloads\capstone-agung\capstone-agung\data bubat barat\train\images\BubatBrt_20260513_021612_jpg.rf.0Op3tPTFpaA9jmrYPsD1.jpg,ok,640,480
train_bubat_barat,C:\Users\hanif\Downloads\capstone-agung\capstone-agung\data bubat barat\train\images\BubatBrt_20260513_022047_jpg.rf.LkLOcx5wS6fNK8hMFeaj.jpg,ok,640,480
train_bubat_barat,C:\Users\hanif\Downloads\capstone-agung\capstone-agung\data bubat barat\train\images\BubatBrt_20260513_022127_jpg.rf.dIKdf1sVS1dJxjp47Y2h.jpg,ok,640,480
train_bubat_barat,C:\Users\hanif\Downloads\capstone-agung\capstone-agung\data bubat barat\train\images\BubatBrt_20260513_022206_jpg.rf.JVMtrdwjVOMpRvLby2pu.jpg,ok,640,480
train_bubat_barat,C:\Users\hanif\Downloads\capstone-agung\capstone-agung\data bubat barat\train\images\BubatBrt_20260513_022443_jpg.rf.l2BbfJ9ZhLAqxRK1lWDN.jpg,ok,640,480
train_bubat_barat,C:\Users\hanif\Downloads\capstone-agung\capstone-agung\data bubat barat\train\images\BubatBrt_20260513_022719_jpg.rf.2BOecVL3p9QtBsu4bUpH.jpg,ok,640,480
train_bubat_barat,C:\Users\hanif\Downloads\capstone-agung\capstone-agung\data bubat barat\train\images\BubatBrt_20260513_022806_jpg.rf.RgB65FXYLjz9qLRpljyy.jpg,ok,640,480
train_bubat_barat,C:\Users\hanif\Downloads\capstone-agung\capstone-agung\data bubat barat\train\images\BubatBrt_20260513_022845_jpg.rf.hOHmmCmNzX81nWA9FSnK.jpg,ok,640,480
train_bubat_barat,C:\Users\hanif\Downloads\capstone-agung\capstone-agung\data bubat barat\train\images\BubatBrt_20260513_022924_jpg.rf.EQkVrrTEUymHCwdWDj9K.jpg,ok,640,480
train_bubat_barat,C:\Users\hanif\Downloads\capstone-agung\capstone-agung\data bubat barat\train\images\BubatBrt_20260513_023359_jpg.rf.oJQ54pisU9ZlxezaXNa5.jpg,ok,640,480
train_bubat_barat,C:\Users\hanif\Downloads\capstone-agung\capstone-agung\data bubat barat\train\images\BubatBrt_20260513_023438_jpg.rf.vGAvSmv9JgKLAAFY4pNe.jpg,ok,640,480
train_bubat_barat,C:\Users\hanif\Downloads\capstone-agung\capstone-agung\data bubat barat\train\images\BubatBrt_20260513_023517_jpg.rf.15sDhHG9gEBLPpZtR9Oz.jpg,ok,640,480
train_bubat_barat,C:\Users\hanif\Downloads\capstone-agung\capstone-agung\data bubat barat\train\images\BubatBrt_20260513_023556_jpg.rf.otPxTyTo3RmTfTj56GtT.jpg,ok,640,480
train_bubat_barat,C:\Users\hanif\Downloads\capstone-agung\capstone-agung\data bubat barat\train\images\BubatBrt_20260513_023635_jpg.rf.TOWtHgkQRJSnBA9Dyo4O.jpg,ok,640,480
train_bubat_barat,C:\Users\hanif\Downloads\capstone-agung\capstone-agung\data bubat barat\train\images\BubatBrt_20260513_023714_jpg.rf.emWsKVCxMl08PO5nASkd.jpg,ok,640,480
train_bubat_barat,C:\Users\hanif\Downloads\capstone-agung\capstone-agung\data bubat barat\train\images\BubatBrt_20260513_024110_jpg.rf.dbKTUDxprm25ClqFyl9T.jpg,ok,640,480
train_bubat_barat,C:\Users\hanif\Downloads\capstone-agung\capstone-agung\data bubat barat\train\images\BubatBrt_20260513_024149_jpg.rf.ze5qZYhKWWMAzx5rWWuq.jpg,ok,640,480
train_bubat_barat,C:\Users\hanif\Downloads\capstone-agung\capstone-agung\data bubat barat\train\images\BubatBrt_20260513_024228_jpg.rf.KXo9uSBNczRI3mw5Iyn7.jpg,ok,640,480
train_bubat_barat,C:\Users\hanif\Downloads\capstone-agung\capstone-agung\data bubat barat\train\images\BubatBrt_20260513_024741_jpg.rf.s7KWxNGOb8UKsllJBa9j.jpg,ok,640,480
train_bubat_barat,C:\Users\hanif\Downloads\capstone-agung\capstone-agung\data bubat barat\train\images\BubatBrt_20260513_024820_jpg.rf.fgTUMmNm2nMSXZ81XzHm.jpg,ok,640,480
train_bubat_barat,C:\Users\hanif\Downloads\capstone-agung\capstone-agung\data bubat barat\train\images\BubatBrt_20260513_024859_jpg.rf.rBrGpO4bK42LH8y4TO9e.jpg,ok,640,480
train_bubat_barat,C:\Users\hanif\Downloads\capstone-agung\capstone-agung\data bubat barat\train\images\BubatBrt_20260513_024938_jpg.rf.zF7LsE1O0F0RDqzqpcO8.jpg,ok,640,480
train_bubat_barat,C:\Users\hanif\Downloads\capstone-agung\capstone-agung\data bubat barat\train\images\BubatBrt_20260513_025215_jpg.rf.2VuqoWBE8JTXlFwxg21k.jpg,ok,640,480
train_bubat_barat,C:\Users\hanif\Downloads\capstone-agung\capstone-agung\data bubat barat\train\images\BubatBrt_20260513_025255_jpg.rf.vEu73GuKWXpSoGU1CBs6.jpg,ok,640,480
train_bubat_barat,C:\Users\hanif\Downloads\capstone-agung\capstone-agung\data bubat barat\train\images\BubatBrt_20260513_025413_jpg.rf.i9bUt6gcbzEa5Xoohxgq.jpg,ok,640,480
train_bubat_barat,C:\Users\hanif\Downloads\capstone-agung\capstone-agung\data bubat barat\train\images\BubatBrt_20260513_025453_jpg.rf.yWMoQ0QyaI3JVIn7AEnt.jpg,ok,640,480
train_bubat_barat,C:\Users\hanif\Downloads\capstone-agung\capstone-agung\data bubat barat\train\images\BubatBrt_20260513_025532_jpg.rf.7eUB9zjV3wj2PTKk59EN.jpg,ok,640,480
train_bubat_barat,C:\Users\hanif\Downloads\capstone-agung\capstone-agung\data bubat barat\train\images\BubatBrt_20260513_030005_jpg.rf.8txZintGzCzrXf8obmp0.jpg,ok,640,480
train_bubat_barat,C:\Users\hanif\Downloads\capstone-agung\capstone-agung\data bubat barat\train\images\BubatBrt_20260513_030045_jpg.rf.e4n4qxx1PvfAOc3oE4T0.jpg,ok,640,480
train_bubat_barat,C:\Users\hanif\Downloads\capstone-agung\capstone-agung\data bubat barat\train\images\BubatBrt_20260513_030124_jpg.rf.rbG6p5ahSBqpuvLgLQ8k.jpg,ok,640,480
train_bubat_barat,C:\Users\hanif\Downloads\capstone-agung\capstone-agung\data bubat barat\train\images\BubatBrt_20260513_030203_jpg.rf.3HxiTr9KPUSIsDlwn5bi.jpg,ok,640,480
train_bubat_barat,C:\Users\hanif\Downloads\capstone-agung\capstone-agung\data bubat barat\train\images\BubatBrt_20260513_030243_jpg.rf.tbwvn8oD8Tuz0EsuP3ni.jpg,ok,640,480
train_bubat_barat,C:\Users\hanif\Downloads\capstone-agung\capstone-agung\data bubat barat\train\images\BubatBrt_20260513_030303_jpg.rf.0XDLQMBncUsz23RXD6Mm.jpg,ok,640,480
train_bubat_barat,C:\Users\hanif\Downloads\capstone-agung\capstone-agung\data bubat barat\train\images\BubatBrt_20260513_030343_jpg.rf.9i0x5rqjWBsnpXa0t3RU.jpg,ok,640,480
train_bubat_barat,C:\Users\hanif\Downloads\capstone-agung\capstone-agung\data bubat barat\train\images\BubatBrt_20260513_030737_jpg.rf.9cguIe2zkILhn0VQfsqv.jpg,ok,640,480
train_bubat_barat,C:\Users\hanif\Downloads\capstone-agung\capstone-agung\data bubat barat\train\images\BubatBrt_20260513_030816_jpg.rf.jtAuAl1UeLxeH21PWQsg.jpg,ok,640,480
train_bubat_barat,C:\Users\hanif\Downloads\capstone-agung\capstone-agung\data bubat barat\train\images\BubatBrt_20260513_030855_jpg.rf.Ptguqt4JvFg7e3bdFpWd.jpg,ok,640,480
train_bubat_barat,C:\Users\hanif\Downloads\capstone-agung\capstone-agung\data bubat barat\train\images\BubatBrt_20260513_031053_jpg.rf.jYADspk7dwQI3jkFhqb0.jpg,ok,640,480
train_bubat_barat,C:\Users\hanif\Downloads\capstone-agung\capstone-agung\data bubat barat\train\images\BubatBrt_20260513_031251_jpg.rf.CpJUtYwPBFuidAV1HYKw.jpg,ok,640,480
train_bubat_barat,C:\Users\hanif\Downloads\capstone-agung\capstone-agung\data bubat barat\train\images\BubatBrt_20260513_031331_jpg.rf.znIByLlO5dxLzfO9bTdY.jpg,ok,640,480
train_bubat_barat,C:\Users\hanif\Downloads\capstone-agung\capstone-agung\data bubat barat\train\images\BubatBrt_20260513_031410_jpg.rf.eJ0sqXwn91WTR6TgJtXH.jpg,ok,640,480
train_bubat_barat,C:\Users\hanif\Downloads\capstone-agung\capstone-agung\data bubat barat\train\images\BubatBrt_20260513_031449_jpg.rf.9j4WGs7cVBcMrFZ9F0vs.jpg,ok,640,480
train_bubat_barat,C:\Users\hanif\Downloads\capstone-agung\capstone-agung\data bubat barat\train\images\BubatBrt_20260513_031528_jpg.rf.hz2n2WWMKP1sTuJskLrK.jpg,ok,640,480
train_bubat_barat,C:\Users\hanif\Downloads\capstone-agung\capstone-agung\data bubat barat\train\images\BubatBrt_20260513_031608_jpg.rf.Hr6sdx0tki30iWG9td58.jpg,ok,640,480
train_bubat_barat,C:\Users\hanif\Downloads\capstone-agung\capstone-agung\data bubat barat\train\images\BubatBrt_20260513_031647_jpg.rf.McPiH0KP86VLRJ0qGMnH.jpg,ok,640,480
train_bubat_barat,C:\Users\hanif\Downloads\capstone-agung\capstone-agung\data bubat barat\train\images\BubatBrt_20260513_031726_jpg.rf.X9yHI1BScvdfcJrdXGIq.jpg,ok,640,480
train_bubat_barat,C:\Users\hanif\Downloads\capstone-agung\capstone-agung\data bubat barat\train\images\BubatBrt_20260513_031806_jpg.rf.cPoR1ZGNkgcLb1k9Xf71.jpg,ok,640,480
train_bubat_barat,C:\Users\hanif\Downloads\capstone-agung\capstone-agung\data bubat barat\train\images\BubatBrt_20260513_031845_jpg.rf.JopUmptFjpyjaKsrdmIU.jpg,ok,640,480
train_bubat_barat,C:\Users\hanif\Downloads\capstone-agung\capstone-agung\data bubat barat\train\images\BubatBrt_20260513_031924_jpg.rf.RIPKtBKVqjjg0GikHxjq.jpg,ok,640,480
train_bubat_barat,C:\Users\hanif\Downloads\capstone-agung\capstone-agung\data bubat barat\train\images\BubatBrt_20260513_032003_jpg.rf.RX6gq9G5geLKGWnaANOQ.jpg,ok,640,480
train_bubat_barat,C:\Users\hanif\Downloads\capstone-agung\capstone-agung\data bubat barat\train\images\BubatBrt_20260513_032043_jpg.rf.CxFUmqIqtYNRDyXSXNSG.jpg,ok,640,480
train_bubat_barat,C:\Users\hanif\Downloads\capstone-agung\capstone-agung\data bubat barat\train\images\BubatBrt_20260513_032122_jpg.rf.owzQV11UlwIns4WiZqP3.jpg,ok,640,480
train_bubat_barat,C:\Users\hanif\Downloads\capstone-agung\capstone-agung\data bubat barat\train\images\BubatBrt_20260513_032201_jpg.rf.FnPLWtdPPb3rRs5VKQOO.jpg,ok,640,480
train_bubat_barat,C:\Users\hanif\Downloads\capstone-agung\capstone-agung\data bubat barat\train\images\BubatBrt_20260513_032240_jpg.rf.q3FYzde92mtMz1akD3Ek.jpg,ok,640,480
train_bubat_barat,C:\Users\hanif\Downloads\capstone-agung\capstone-agung\data bubat barat\train\images\BubatBrt_20260513_032320_jpg.rf.DV3M6KxLdoUBnJq8Iwfn.jpg,ok,640,480
train_bubat_barat,C:\Users\hanif\Downloads\capstone-agung\capstone-agung\data bubat barat\train\images\BubatBrt_20260513_033510_jpg.rf.sX5nkNbDT0LW4cwWoZgl.jpg,ok,640,480
train_bubat_barat,C:\Users\hanif\Downloads\capstone-agung\capstone-agung\data bubat barat\train\images\BubatBrt_20260513_033550_jpg.rf.9A08ZytPdjPyHkJ83knm.jpg,ok,640,480
train_bubat_barat,C:\Users\hanif\Downloads\capstone-agung\capstone-agung\data bubat barat\train\images\BubatBrt_20260513_033612_jpg.rf.oACO4ICc56B9iJS3Q4wM.jpg,ok,640,480
train_bubat_barat,C:\Users\hanif\Downloads\capstone-agung\capstone-agung\data bubat barat\train\images\BubatBrt_20260513_033651_jpg.rf.bBQFVfAAc54nt48vdgaC.jpg,ok,640,480
train_bubat_barat,C:\Users\hanif\Downloads\capstone-agung\capstone-agung\data bubat barat\train\images\BubatBrt_20260513_033751_jpg.rf.jSeZECAUl6ibDqdqROPv.jpg,ok,640,480
train_bubat_barat,C:\Users\hanif\Downloads\capstone-agung\capstone-agung\data bubat barat\train\images\BubatBrt_20260513_033850_jpg.rf.33hJjNFr1EurBeC5bIjK.jpg,ok,640,480
train_bubat_barat,C:\Users\hanif\Downloads\capstone-agung\capstone-agung\data bubat barat\train\images\BubatBrt_20260513_043748_jpg.rf.NrFD739zoxi8rUjflfVr.jpg,ok,640,480
train_bubat_barat,C:\Users\hanif\Downloads\capstone-agung\capstone-agung\data bubat barat\train\images\BubatBrt_20260513_043827_jpg.rf.Bq6p9AsiKHnVV4aTvvBf.jpg,ok,640,480
train_bubat_barat,C:\Users\hanif\Downloads\capstone-agung\capstone-agung\data bubat barat\train\images\BubatBrt_20260513_043907_jpg.rf.lb5zVs3nPpCLzapaOHFM.jpg,ok,640,480
train_bubat_barat,C:\Users\hanif\Downloads\capstone-agung\capstone-agung\data bubat barat\train\images\BubatBrt_20260513_043928_jpg.rf.nEhE1qrAJKdGQMP0KIuD.jpg,ok,640,480
train_bubat_barat,C:\Users\hanif\Downloads\capstone-agung\capstone-agung\data bubat barat\train\images\BubatBrt_20260513_044009_jpg.rf.JhAOS4nj1SUXoHutUqCh.jpg,ok,640,480
train_bubat_barat,C:\Users\hanif\Downloads\capstone-agung\capstone-agung\data bubat barat\train\images\BubatBrt_20260513_044111_jpg.rf.DebDgXw4pSnxil2FZfhw.jpg,ok,640,480
train_bubat_barat,C:\Users\hanif\Downloads\capstone-agung\capstone-agung\data bubat barat\train\images\BubatBrt_20260513_044133_jpg.rf.VnbC1T75FlbnUHnCVKs2.jpg,ok,640,480
train_bubat_barat,C:\Users\hanif\Downloads\capstone-agung\capstone-agung\data bubat barat\train\images\BubatBrt_20260513_044214_jpg.rf.GhyltFCQVBHco2Cwtkd6.jpg,ok,640,480
train_bubat_barat,C:\Users\hanif\Downloads\capstone-agung\capstone-agung\data bubat barat\train\images\BubatBrt_20260513_044235_jpg.rf.mNz9m8Hy9VK5ibW2ngB1.jpg,ok,640,480
train_bubat_barat,C:\Users\hanif\Downloads\capstone-agung\capstone-agung\data bubat barat\train\images\BubatBrt_20260513_044500_jpg.rf.nPDoQ7xsbYgcRjox9nE7.jpg,ok,640,480
train_bubat_barat,C:\Users\hanif\Downloads\capstone-agung\capstone-agung\data bubat barat\train\images\BubatBrt_20260513_044521_jpg.rf.H0AsGoWsG1LL0okYwYI9.jpg,ok,640,480
train_bubat_barat,C:\Users\hanif\Downloads\capstone-agung\capstone-agung\data bubat barat\train\images\BubatBrt_20260513_044542_jpg.rf.uBicliQz5VQbaFQjikTg.jpg,ok,640,480
train_bubat_barat,C:\Users\hanif\Downloads\capstone-agung\capstone-agung\data bubat barat\train\images\BubatBrt_20260513_044747_jpg.rf.HcdI9zJ99sebNI41vbra.jpg,ok,640,480
train_bubat_barat,C:\Users\hanif\Downloads\capstone-agung\capstone-agung\data bubat barat\train\images\BubatBrt_20260513_044828_jpg.rf.xQwwwgsPO2RHvmLlYqC4.jpg,ok,640,480
train_bubat_barat,C:\Users\hanif\Downloads\capstone-agung\capstone-agung\data bubat barat\train\images\BubatBrt_20260513_044907_jpg.rf.ijdjMCBbpEOcvkp9SuyT.jpg,ok,640,480
train_bubat_barat,C:\Users\hanif\Downloads\capstone-agung\capstone-agung\data bubat barat\train\images\BubatBrt_20260513_044930_jpg.rf.efBAw4ndkdACpXeRJDoY.jpg,ok,640,480
train_bubat_barat,C:\Users\hanif\Downloads\capstone-agung\capstone-agung\data bubat barat\train\images\BubatBrt_20260513_044952_jpg.rf.IJEZIf59HI1sDcNFuwI4.jpg,ok,640,480
train_bubat_barat,C:\Users\hanif\Downloads\capstone-agung\capstone-agung\data bubat barat\train\images\BubatBrt_20260513_045033_jpg.rf.Bsksc6yWjHrOrDmiInda.jpg,ok,640,480
train_bubat_barat,C:\Users\hanif\Downloads\capstone-agung\capstone-agung\data bubat barat\train\images\BubatBrt_20260513_045135_jpg.rf.EZLAa0ql7bnMQ49HxBJ1.jpg,ok,640,480
train_bubat_barat,C:\Users\hanif\Downloads\capstone-agung\capstone-agung\data bubat barat\train\images\BubatBrt_20260513_045157_jpg.rf.ZPHFK8wJPMPx80f0tP4J.jpg,ok,640,480
train_bubat_barat,C:\Users\hanif\Downloads\capstone-agung\capstone-agung\data bubat barat\train\images\BubatBrt_20260513_045239_jpg.rf.VpMMeJtKx2pXmwEqRUjL.jpg,ok,640,480
train_bubat_barat,C:\Users\hanif\Downloads\capstone-agung\capstone-agung\data bubat barat\train\images\BubatBrt_20260513_045301_jpg.rf.SeoWvhqiN7PQX9k36lO1.jpg,ok,640,480
train_bubat_barat,C:\Users\hanif\Downloads\capstone-agung\capstone-agung\data bubat barat\train\images\BubatBrt_20260513_045324_jpg.rf.QrKGcys9wuqM1bfc9gdk.jpg,ok,640,480
train_bubat_barat,C:\Users\hanif\Downloads\capstone-agung\capstone-agung\data bubat barat\train\images\BubatBrt_20260513_045346_jpg.rf.YEmu08yJXtTN5QOruFgh.jpg,ok,640,480
train_bubat_barat,C:\Users\hanif\Downloads\capstone-agung\capstone-agung\data bubat barat\train\images\BubatBrt_20260513_045406_jpg.rf.hyxj8BlF2gi3QNmH8rv9.jpg,ok,640,480
train_bubat_barat,C:\Users\hanif\Downloads\capstone-agung\capstone-agung\data bubat barat\train\images\BubatBrt_20260513_045428_jpg.rf.7x8w5GXO6BFlC9l0WClV.jpg,ok,640,480
train_bubat_barat,C:\Users\hanif\Downloads\capstone-agung\capstone-agung\data bubat barat\train\images\BubatBrt_20260513_045449_jpg.rf.wdns9yxzWB21sFcmV0MT.jpg,ok,640,480
train_bubat_barat,C:\Users\hanif\Downloads\capstone-agung\capstone-agung\data bubat barat\train\images\BubatBrt_20260513_045509_jpg.rf.YE1Rh1SfaEWDBvPho1IW.jpg,ok,640,480
train_bubat_barat,C:\Users\hanif\Downloads\capstone-agung\capstone-agung\data bubat barat\train\images\BubatBrt_20260513_045530_jpg.rf.K5AjJL9e8SUng5Ll25EX.jpg,ok,640,480
train_bubat_barat,C:\Users\hanif\Downloads\capstone-agung\capstone-agung\data bubat barat\train\images\BubatBrt_20260513_045550_jpg.rf.3qPmzL81j24FcuQkCjC6.jpg,ok,640,480
train_bubat_barat,C:\Users\hanif\Downloads\capstone-agung\capstone-agung\data bubat barat\train\images\BubatBrt_20260513_045611_jpg.rf.nQjsFx0zokEnEI9t3jTV.jpg,ok,640,480
train_bubat_barat,C:\Users\hanif\Downloads\capstone-agung\capstone-agung\data bubat barat\train\images\BubatBrt_20260513_045633_jpg.rf.q3eIHyz4vuW4OoDCYJSP.jpg,ok,640,480
train_bubat_barat,C:\Users\hanif\Downloads\capstone-agung\capstone-agung\data bubat barat\train\images\BubatBrt_20260513_045734_jpg.rf.0f36LB9WJbPd4Bt3XyUG.jpg,ok,640,480
train_bubat_barat,C:\Users\hanif\Downloads\capstone-agung\capstone-agung\data bubat barat\train\images\BubatBrt_20260513_045816_jpg.rf.9jx1vOQJgHUN9kevYUWQ.jpg,ok,640,480
train_bubat_barat,C:\Users\hanif\Downloads\capstone-agung\capstone-agung\data bubat barat\train\images\BubatBrt_20260513_045959_jpg.rf.urUiLKnZ419DT7Fhhaev.jpg,ok,640,480
train_bubat_barat,C:\Users\hanif\Downloads\capstone-agung\capstone-agung\data bubat barat\train\images\BubatBrt_20260513_050104_jpg.rf.5t4E9qLk7zoe8ZiIMteN.jpg,ok,640,480
train_bubat_barat,C:\Users\hanif\Downloads\capstone-agung\capstone-agung\data bubat barat\train\images\BubatBrt_20260513_050124_jpg.rf.cRrkx1TslBSHNCU3yF2N.jpg,ok,640,480
train_bubat_barat,C:\Users\hanif\Downloads\capstone-agung\capstone-agung\data bubat barat\train\images\BubatBrt_20260513_050144_jpg.rf.Jlqz6o1ArWbnRoPFFo5t.jpg,ok,640,480
train_bubat_barat,C:\Users\hanif\Downloads\capstone-agung\capstone-agung\data bubat barat\train\images\BubatBrt_20260513_050206_jpg.rf.xukN83rKi0Cg9655Vgqo.jpg,ok,640,480
train_bubat_barat,C:\Users\hanif\Downloads\capstone-agung\capstone-agung\data bubat barat\train\images\BubatBrt_20260513_050226_jpg.rf.mZ06d2TzLsFpGfzi9iop.jpg,ok,640,480
train_bubat_barat,C:\Users\hanif\Downloads\capstone-agung\capstone-agung\data bubat barat\train\images\BubatBrt_20260513_050326_jpg.rf.WTpu8LEztMhXflVLhzbX.jpg,ok,640,480
train_bubat_barat,C:\Users\hanif\Downloads\capstone-agung\capstone-agung\data bubat barat\train\images\BubatBrt_20260513_050346_jpg.rf.6dLhCaoY9S0RrTL664Tq.jpg,ok,640,480
train_bubat_barat,C:\Users\hanif\Downloads\capstone-agung\capstone-agung\data bubat barat\train\images\BubatBrt_20260513_050449_jpg.rf.uNMphdQRYmqKYJG1tCr9.jpg,ok,640,480
train_bubat_barat,C:\Users\hanif\Downloads\capstone-agung\capstone-agung\data bubat barat\train\images\BubatBrt_20260513_050510_jpg.rf.KycMLzLRTGx9yA0uGy0t.jpg,ok,640,480
train_bubat_barat,C:\Users\hanif\Downloads\capstone-agung\capstone-agung\data bubat barat\train\images\BubatBrt_20260513_050530_jpg.rf.H7GaKTvvG4LeG2BrQinc.jpg,ok,640,480
train_bubat_barat,C:\Users\hanif\Downloads\capstone-agung\capstone-agung\data bubat barat\train\images\BubatBrt_20260513_050735_jpg.rf.gUfk0LsdhfSfYLnGnyVP.jpg,ok,640,480
train_bubat_barat,C:\Users\hanif\Downloads\capstone-agung\capstone-agung\data bubat barat\train\images\BubatBrt_20260513_050757_jpg.rf.1Dvg83y2nJCtnUao6ndx.jpg,ok,640,480
train_bubat_barat,C:\Users\hanif\Downloads\capstone-agung\capstone-agung\data bubat barat\train\images\BubatBrt_20260513_050817_jpg.rf.j10xp0JzOwkinqV062zY.jpg,ok,640,480
train_bubat_barat,C:\Users\hanif\Downloads\capstone-agung\capstone-agung\data bubat barat\train\images\BubatBrt_20260513_050837_jpg.rf.HPaTBLhIlKFbLH4CaCHQ.jpg,ok,640,480
train_bubat_barat,C:\Users\hanif\Downloads\capstone-agung\capstone-agung\data bubat barat\train\images\BubatBrt_20260513_050858_jpg.rf.evqi5SPW5ID0dgb29csK.jpg,ok,640,480
train_bubat_barat,C:\Users\hanif\Downloads\capstone-agung\capstone-agung\data bubat barat\train\images\BubatBrt_20260513_050918_jpg.rf.GSENnEh9uuW5lj4uHgRK.jpg,ok,640,480
train_bubat_barat,C:\Users\hanif\Downloads\capstone-agung\capstone-agung\data bubat barat\train\images\BubatBrt_20260513_051102_jpg.rf.sM6EcmbSdnmMt2iZtqoU.jpg,ok,640,480
train_bubat_barat,C:\Users\hanif\Downloads\capstone-agung\capstone-agung\data bubat barat\train\images\BubatBrt_20260513_051223_jpg.rf.0lkKn9etSg9EDuRfWTYT.jpg,ok,640,480
train_bubat_barat,C:\Users\hanif\Downloads\capstone-agung\capstone-agung\data bubat barat\train\images\BubatBrt_20260513_051243_jpg.rf.53Bq7yAnxHOIpwfXgMFP.jpg,ok,640,480
train_bubat_barat,C:\Users\hanif\Downloads\capstone-agung\capstone-agung\data bubat barat\train\images\BubatBrt_20260513_051345_jpg.rf.6BIvTqd6CSgeOrvC2Hj5.jpg,ok,640,480
train_bubat_barat,C:\Users\hanif\Downloads\capstone-agung\capstone-agung\data bubat barat\train\images\BubatBrt_20260513_051428_jpg.rf.a2ajhyu1SUzVUSlUye8S.jpg,ok,640,480
train_bubat_barat,C:\Users\hanif\Downloads\capstone-agung\capstone-agung\data bubat barat\train\images\BubatBrt_20260513_051448_jpg.rf.2xgO4B3cxkqYw4mzUjjO.jpg,ok,640,480
train_bubat_barat,C:\Users\hanif\Downloads\capstone-agung\capstone-agung\data bubat barat\train\images\BubatBrt_20260513_051528_jpg.rf.lUqCYiReOKGGX1FEml2S.jpg,ok,640,480
train_bubat_barat,C:\Users\hanif\Downloads\capstone-agung\capstone-agung\data bubat barat\train\images\BubatBrt_20260513_051610_jpg.rf.6EuJjPq6uE4hkU2Bol59.jpg,ok,640,480
train_bubat_barat,C:\Users\hanif\Downloads\capstone-agung\capstone-agung\data bubat barat\train\images\BubatBrt_20260513_052018_jpg.rf.Zotg4kgi6RS5agEC7Rxd.jpg,ok,640,480
train_bubat_barat,C:\Users\hanif\Downloads\capstone-agung\capstone-agung\data bubat barat\train\images\BubatBrt_20260513_052038_jpg.rf.RAjkFoefHBndI90lIOY8.jpg,ok,640,480
train_bubat_barat,C:\Users\hanif\Downloads\capstone-agung\capstone-agung\data bubat barat\train\images\BubatBrt_20260513_052059_jpg.rf.qQUo94rK4vrZDmL5MVIa.jpg,ok,640,480
train_bubat_barat,C:\Users\hanif\Downloads\capstone-agung\capstone-agung\data bubat barat\train\images\BubatBrt_20260513_052119_jpg.rf.6E3yUBzRGSgY2ZcMnxcu.jpg,ok,640,480
train_bubat_barat,C:\Users\hanif\Downloads\capstone-agung\capstone-agung\data bubat barat\train\images\BubatBrt_20260513_052139_jpg.rf.HDPZzcYCwaeaSUneViKa.jpg,ok,640,480
train_bubat_barat,C:\Users\hanif\Downloads\capstone-agung\capstone-agung\data bubat barat\train\images\BubatBrt_20260513_052200_jpg.rf.SJlqwroA3SOjeNtyqk3V.jpg,ok,640,480
train_bubat_barat,C:\Users\hanif\Downloads\capstone-agung\capstone-agung\data bubat barat\train\images\BubatBrt_20260513_052646_jpg.rf.tcryibraxnumfIG7tVqo.jpg,ok,640,480
train_bubat_barat,C:\Users\hanif\Downloads\capstone-agung\capstone-agung\data bubat barat\train\images\BubatBrt_20260513_052726_jpg.rf.btDsedpPMOXUvTkTlNJT.jpg,ok,640,480
train_bubat_barat,C:\Users\hanif\Downloads\capstone-agung\capstone-agung\data bubat barat\train\images\BubatBrt_20260513_052807_jpg.rf.DkZ7Cmrvu55yAwVwQTdM.jpg,ok,640,480
train_bubat_barat,C:\Users\hanif\Downloads\capstone-agung\capstone-agung\data bubat barat\train\images\BubatBrt_20260513_053010_jpg.rf.bKZC1PuSZxDcIa2r89WG.jpg,ok,640,480
train_bubat_barat,C:\Users\hanif\Downloads\capstone-agung\capstone-agung\data bubat barat\train\images\BubatBrt_20260513_053257_jpg.rf.NGgD2k59MprlsLGCq0tr.jpg,ok,640,480
train_bubat_barat,C:\Users\hanif\Downloads\capstone-agung\capstone-agung\data bubat barat\train\images\BubatBrt_20260513_053317_jpg.rf.YrfqV5VYIx1KCVLd8Kse.jpg,ok,640,480
train_bubat_barat,C:\Users\hanif\Downloads\capstone-agung\capstone-agung\data bubat barat\train\images\BubatBrt_20260513_053338_jpg.rf.clhoHUjyvAL5O3OjeaIM.jpg,ok,640,480
train_bubat_barat,C:\Users\hanif\Downloads\capstone-agung\capstone-agung\data bubat barat\train\images\BubatBrt_20260513_053358_jpg.rf.trkh2hPrHqbgFZlaPaos.jpg,ok,640,480
train_bubat_barat,C:\Users\hanif\Downloads\capstone-agung\capstone-agung\data bubat barat\train\images\BubatBrt_20260513_053418_jpg.rf.DrLdu2vQ5oloGwADHHpZ.jpg,ok,640,480
train_bubat_barat,C:\Users\hanif\Downloads\capstone-agung\capstone-agung\data bubat barat\train\images\BubatBrt_20260513_053439_jpg.rf.WrmERyfwJffh4clq5jzU.jpg,ok,640,480
train_bubat_barat,C:\Users\hanif\Downloads\capstone-agung\capstone-agung\data bubat barat\train\images\BubatBrt_20260513_053541_jpg.rf.Dwrw6f68fUBwHKpgkFwx.jpg,ok,640,480
train_bubat_barat,C:\Users\hanif\Downloads\capstone-agung\capstone-agung\data bubat barat\train\images\BubatBrt_20260513_053825_jpg.rf.Y5JLmoigM3xp0hI5wwMN.jpg,ok,640,480
train_bubat_barat,C:\Users\hanif\Downloads\capstone-agung\capstone-agung\data bubat barat\train\images\BubatBrt_20260513_053908_jpg.rf.WrMg3YAYWHCsEQjaXcnQ.jpg,ok,640,480
train_bubat_barat,C:\Users\hanif\Downloads\capstone-agung\capstone-agung\data bubat barat\train\images\BubatBrt_20260513_053928_jpg.rf.IrV1W49qX82aQIRNtjC7.jpg,ok,640,480
train_bubat_barat,C:\Users\hanif\Downloads\capstone-agung\capstone-agung\data bubat barat\train\images\BubatBrt_20260513_054008_jpg.rf.OP3lisO1YLqtb7Du4C33.jpg,ok,640,480
train_bubat_barat,C:\Users\hanif\Downloads\capstone-agung\capstone-agung\data bubat barat\train\images\BubatBrt_20260513_054028_jpg.rf.vQ9o46Xq1zLjEg3iDjus.jpg,ok,640,480
train_bubat_barat,C:\Users\hanif\Downloads\capstone-agung\capstone-agung\data bubat barat\train\images\BubatBrt_20260513_054048_jpg.rf.bO0iHDmXXyFcVIgqzxKb.jpg,ok,640,480
train_bubat_barat,C:\Users\hanif\Downloads\capstone-agung\capstone-agung\data bubat barat\train\images\BubatBrt_20260513_054129_jpg.rf.5MbIgGKXwDCal0cBulQg.jpg,ok,640,480
train_bubat_barat,C:\Users\hanif\Downloads\capstone-agung\capstone-agung\data bubat barat\train\images\BubatBrt_20260513_054209_jpg.rf.haOg47DUpDr9AgusYjSe.jpg,ok,640,480
train_bubat_barat,C:\Users\hanif\Downloads\capstone-agung\capstone-agung\data bubat barat\train\images\BubatBrt_20260513_054229_jpg.rf.8tGZvddpXOgcz0yHOVSB.jpg,ok,640,480
train_bubat_barat,C:\Users\hanif\Downloads\capstone-agung\capstone-agung\data bubat barat\train\images\BubatBrt_20260513_054250_jpg.rf.lXDgpAdjwDbAeOAdwGB1.jpg,ok,640,480
train_bubat_barat,C:\Users\hanif\Downloads\capstone-agung\capstone-agung\data bubat barat\train\images\BubatBrt_20260513_054311_jpg.rf.glRU4ubP7cg3nkudU08m.jpg,ok,640,480
train_bubat_barat,C:\Users\hanif\Downloads\capstone-agung\capstone-agung\data bubat barat\train\images\BubatBrt_20260513_054433_jpg.rf.PwXjeJIW6PVFm6Tm8Dt0.jpg,ok,640,480
train_bubat_barat,C:\Users\hanif\Downloads\capstone-agung\capstone-agung\data bubat barat\train\images\BubatBrt_20260513_054453_jpg.rf.luQltfaRvkuJlNdY4giX.jpg,ok,640,480
train_bubat_barat,C:\Users\hanif\Downloads\capstone-agung\capstone-agung\data bubat barat\train\images\BubatBrt_20260513_054553_jpg.rf.eeMnwmcLXBaiN143tbQP.jpg,ok,640,480
train_bubat_barat,C:\Users\hanif\Downloads\capstone-agung\capstone-agung\data bubat barat\train\images\BubatBrt_20260513_054633_jpg.rf.xNCjolvUXT0EuyQKA3oC.jpg,ok,640,480
train_bubat_barat,C:\Users\hanif\Downloads\capstone-agung\capstone-agung\data bubat barat\train\images\BubatBrt_20260513_054654_jpg.rf.EOIQjj3Mo069r3VVcy5n.jpg,ok,640,480
train_bubat_barat,C:\Users\hanif\Downloads\capstone-agung\capstone-agung\data bubat barat\train\images\BubatBrt_20260513_054734_jpg.rf.EWI24PLuICFTzr1863i8.jpg,ok,640,480
train_bubat_barat,C:\Users\hanif\Downloads\capstone-agung\capstone-agung\data bubat barat\train\images\BubatBrt_20260513_054754_jpg.rf.kIIf0tKg2916rBwetyxa.jpg,ok,640,480
train_bubat_barat,C:\Users\hanif\Downloads\capstone-agung\capstone-agung\data bubat barat\train\images\BubatBrt_20260513_054814_jpg.rf.ydKzBKELwPydqxeta4VV.jpg,ok,640,480
train_bubat_barat,C:\Users\hanif\Downloads\capstone-agung\capstone-agung\data bubat barat\train\images\BubatBrt_20260513_054835_jpg.rf.At4wzFO1pgyMZQycxtxh.jpg,ok,640,480
train_bubat_barat,C:\Users\hanif\Downloads\capstone-agung\capstone-agung\data bubat barat\train\images\BubatBrt_20260513_054916_jpg.rf.qUUUrzD7c6UCWfZGqsNQ.jpg,ok,640,480
train_bubat_barat,C:\Users\hanif\Downloads\capstone-agung\capstone-agung\data bubat barat\train\images\BubatBrt_20260513_054936_jpg.rf.GcK7o9pRfN9Nc6nDMSNr.jpg,ok,640,480
train_bubat_barat,C:\Users\hanif\Downloads\capstone-agung\capstone-agung\data bubat barat\train\images\BubatBrt_20260513_054956_jpg.rf.xX8J9WBHGdaPtVOP8Dpf.jpg,ok,640,480
train_bubat_barat,C:\Users\hanif\Downloads\capstone-agung\capstone-agung\data bubat barat\train\images\BubatBrt_20260513_055017_jpg.rf.fug2aupyE1BNpNeimo8L.jpg,ok,640,480
train_bubat_barat,C:\Users\hanif\Downloads\capstone-agung\capstone-agung\data bubat barat\train\images\BubatBrt_20260513_055037_jpg.rf.My07e59oI4uyc9ds1f4L.jpg,ok,640,480
train_bubat_barat,C:\Users\hanif\Downloads\capstone-agung\capstone-agung\data bubat barat\train\images\BubatSel_20260315_073427_jpg.rf.3674e18f16519061a1f2485d91032585.jpg,ok,880,880
train_bubat_barat,C:\Users\hanif\Downloads\capstone-agung\capstone-agung\data bubat barat\train\images\BubatSel_20260315_073717_jpg.rf.22e3bff5b491bba92efd0acda51e6b9b.jpg,ok,880,880
train_bubat_barat,C:\Users\hanif\Downloads\capstone-agung\capstone-agung\data bubat barat\train\images\BubatSel_20260315_074815_jpg.rf.ac3ef76f50263dd16794dceef83cbc7e.jpg,ok,880,880
train_bubat_barat,C:\Users\hanif\Downloads\capstone-agung\capstone-agung\data bubat barat\train\images\BubatSel_20260315_075309_jpg.rf.eeee4dfe1f18b4baa60673c5358018a0.jpg,ok,880,880
train_bubat_barat,C:\Users\hanif\Downloads\capstone-agung\capstone-agung\data bubat barat\train\images\BubatSel_20260315_075442_jpg.rf.3a7a5a7c8d6b9dfd4b7c6b0c84c1b5f5.jpg,ok,880,880
train_bubat_barat,C:\Users\hanif\Downloads\capstone-agung\capstone-agung\data bubat barat\train\images\BubatSel_20260315_075922_jpg.rf.be5c8debad766290d951fe1cc0f18a39.jpg,ok,880,880
train_bubat_barat,C:\Users\hanif\Downloads\capstone-agung\capstone-agung\data bubat barat\train\images\BubatSel_20260315_080541_jpg.rf.aa9bef68821e10454c23207d175df3e2.jpg,ok,880,880
train_bubat_barat,C:\Users\hanif\Downloads\capstone-agung\capstone-agung\data bubat barat\train\images\BubatSel_20260315_080721_jpg.rf.ea8b6cd3a8795962a96b475c81c7fd53.jpg,ok,880,880
train_bubat_barat,C:\Users\hanif\Downloads\capstone-agung\capstone-agung\data bubat barat\train\images\BubatSel_20260315_080859_jpg.rf.7969848c354736339894a6840619532c.jpg,ok,880,880
train_bubat_barat,C:\Users\hanif\Downloads\capstone-agung\capstone-agung\data bubat barat\train\images\BubatSel_20260315_081522_jpg.rf.3018e7a1cce33c7645f06cce675a9ba7.jpg,ok,880,880
train_bubat_barat,C:\Users\hanif\Downloads\capstone-agung\capstone-agung\data bubat barat\train\images\BubatSel_20260315_081828_jpg.rf.fccac01d249f574a3c4685623761ec78.jpg,ok,880,880
train_bubat_barat,C:\Users\hanif\Downloads\capstone-agung\capstone-agung\data bubat barat\train\images\BubatSel_20260315_082009_jpg.rf.36024a48f4798a8151864ab7e33c31a0.jpg,ok,880,880
train_bubat_barat,C:\Users\hanif\Downloads\capstone-agung\capstone-agung\data bubat barat\train\images\BubatSel_20260315_082151_jpg.rf.e4c2d8571ece2d0c33a61c6ebc0efb33.jpg,ok,880,880
train_bubat_barat,C:\Users\hanif\Downloads\capstone-agung\capstone-agung\data bubat barat\train\images\BubatSel_20260315_082503_jpg.rf.911e79b83a70394da6b1b662fca9cf2e.jpg,ok,880,880
train_bubat_barat,C:\Users\hanif\Downloads\capstone-agung\capstone-agung\data bubat barat\train\images\BubatSel_20260315_082636_jpg.rf.758b4dc307d23ed5f6eb493eaf910a69.jpg,ok,880,880
train_bubat_barat,C:\Users\hanif\Downloads\capstone-agung\capstone-agung\data bubat barat\train\images\BubatSel_20260315_083246_jpg.rf.eaafbc24e508669c068bff3227d6fd22.jpg,ok,880,880
train_bubat_barat,C:\Users\hanif\Downloads\capstone-agung\capstone-agung\data bubat barat\train\images\BubatSel_20260315_083857_jpg.rf.3b04186648fa484fee85d4c8fc77f3cd.jpg,ok,880,880
train_bubat_barat,C:\Users\hanif\Downloads\capstone-agung\capstone-agung\data bubat barat\train\images\BubatSel_20260315_084204_jpg.rf.1559b44adbdf1592c8d3698289a61ee5.jpg,ok,880,880
train_bubat_barat,C:\Users\hanif\Downloads\capstone-agung\capstone-agung\data bubat barat\train\images\BubatSel_20260315_084343_jpg.rf.7c6f09bd91ce80f37a5c95ab9f74c5e6.jpg,ok,880,880
train_bubat_barat,C:\Users\hanif\Downloads\capstone-agung\capstone-agung\data bubat barat\train\images\BubatSel_20260315_084524_jpg.rf.8bae4d0d3c4b04486ef9187555d33945.jpg,ok,880,880
train_bubat_barat,C:\Users\hanif\Downloads\capstone-agung\capstone-agung\data bubat barat\train\images\BubatSel_20260315_084701_jpg.rf.c5e37a9cbe0d6218a3054eca2eacf399.jpg,ok,880,880
train_bubat_barat,C:\Users\hanif\Downloads\capstone-agung\capstone-agung\data bubat barat\train\images\BubatSel_20260315_085003_jpg.rf.90df608b540c6413226a5110fcf260e7.jpg,ok,880,880
train_bubat_barat,C:\Users\hanif\Downloads\capstone-agung\capstone-agung\data bubat barat\train\images\BubatSel_20260315_085141_jpg.rf.d8eebde735063462c8f03902468f56d4.jpg,ok,880,880
train_bubat_barat,C:\Users\hanif\Downloads\capstone-agung\capstone-agung\data bubat barat\train\images\BubatSel_20260315_085755_jpg.rf.451f3c3b716656143c108bfc61e6b2d2.jpg,ok,880,880
train_bubat_barat,C:\Users\hanif\Downloads\capstone-agung\capstone-agung\data bubat barat\train\images\BubatSel_20260315_090245_jpg.rf.85089ecea60b624cb080b27af14ee570.jpg,ok,880,880
train_bubat_barat,C:\Users\hanif\Downloads\capstone-agung\capstone-agung\data bubat barat\train\images\BubatSel_20260315_090845_jpg.rf.803cfbd9410e003c9c6c64e50e8a083e.jpg,ok,880,880
train_bubat_barat,C:\Users\hanif\Downloads\capstone-agung\capstone-agung\data bubat barat\train\images\BubatSel_20260315_091507_jpg.rf.226214a3cb9b63f10075e7f97b5bb594.jpg,ok,880,880
train_bubat_barat,C:\Users\hanif\Downloads\capstone-agung\capstone-agung\data bubat barat\train\images\BubatSel_20260315_091819_jpg.rf.2e96484c9fb00c128bec1e91eb06e252.jpg,ok,880,880
train_bubat_barat,C:\Users\hanif\Downloads\capstone-agung\capstone-agung\data bubat barat\train\images\BubatSel_20260315_092131_jpg.rf.5ab5359aa0e8d968c3a7165cf635d2d9.jpg,ok,880,880
train_bubat_barat,C:\Users\hanif\Downloads\capstone-agung\capstone-agung\data bubat barat\train\images\BubatSel_20260315_092443_jpg.rf.ba10f7aadc90caf15d9438676efcf065.jpg,ok,880,880
train_bubat_barat,C:\Users\hanif\Downloads\capstone-agung\capstone-agung\data bubat barat\train\images\BubatSel_20260315_092919_jpg.rf.ecfe0b3e20aa8b4ffe9945ecb9580115.jpg,ok,880,880
train_bubat_barat,C:\Users\hanif\Downloads\capstone-agung\capstone-agung\data bubat barat\train\images\BubatSel_20260315_093404_jpg.rf.68a323aa26d365b48a014706f239ba55.jpg,ok,880,880
train_bubat_barat,C:\Users\hanif\Downloads\capstone-agung\capstone-agung\data bubat barat\train\images\BubatSel_20260315_094819_jpg.rf.eea13eb17c9a9b46de9f8943233a0a81.jpg,ok,880,880
train_bubat_barat,C:\Users\hanif\Downloads\capstone-agung\capstone-agung\data bubat barat\train\images\BubatSel_20260315_094958_jpg.rf.4d725861f0c6ae4231cfbb79eb496b04.jpg,ok,880,880
train_bubat_barat,C:\Users\hanif\Downloads\capstone-agung\capstone-agung\data bubat barat\train\images\BubatSel_20260315_183228_jpg.rf.6624d4599ef79b781fea7892bb9a4de9.jpg,ok,880,880
train_bubat_barat,C:\Users\hanif\Downloads\capstone-agung\capstone-agung\data bubat barat\train\images\BubatSel_20260315_183426_jpg.rf.851732190f9d2d06bc0c15c287a54f8c.jpg,ok,880,880
train_bubat_barat,C:\Users\hanif\Downloads\capstone-agung\capstone-agung\data bubat barat\train\images\BubatSel_20260315_183823_jpg.rf.60704ba4ed192e4291c0da2fca005f2f.jpg,ok,880,880
train_bubat_barat,C:\Users\hanif\Downloads\capstone-agung\capstone-agung\data bubat barat\train\images\BubatSel_20260315_184023_jpg.rf.82211af75715871bed87bb8b9716bedd.jpg,ok,880,880
train_bubat_barat,C:\Users\hanif\Downloads\capstone-agung\capstone-agung\data bubat barat\train\images\BubatSel_20260315_184220_jpg.rf.1ecd23cd5b4c390ef3725ee4c39250d5.jpg,ok,880,880
train_bubat_barat,C:\Users\hanif\Downloads\capstone-agung\capstone-agung\data bubat barat\train\images\BubatSel_20260315_184615_jpg.rf.a3f7151006695f5192238d4cb2ebd148.jpg,ok,880,880
train_bubat_barat,C:\Users\hanif\Downloads\capstone-agung\capstone-agung\data bubat barat\train\images\BubatSel_20260315_184815_jpg.rf.f69c796de8b7ea95ffb4021dce8b3d8b.jpg,ok,880,880
train_bubat_barat,C:\Users\hanif\Downloads\capstone-agung\capstone-agung\data bubat barat\train\images\BubatSel_20260315_185009_jpg.rf.a777a60a8dcff70856c2fb45b80918d6.jpg,ok,880,880
train_bubat_barat,C:\Users\hanif\Downloads\capstone-agung\capstone-agung\data bubat barat\train\images\BubatSel_20260315_185404_jpg.rf.bfb4d250d3f7e61225d064ee3c4a83ad.jpg,ok,880,880
train_bubat_barat,C:\Users\hanif\Downloads\capstone-agung\capstone-agung\data bubat barat\train\images\BubatSel_20260315_185603_jpg.rf.b6cad19df5fc2e4eda620eb54aaa629c.jpg,ok,880,880
train_bubat_barat,C:\Users\hanif\Downloads\capstone-agung\capstone-agung\data bubat barat\train\images\BubatSel_20260315_185959_jpg.rf.903ef42bd838e4a26d1545ebfe936990.jpg,ok,880,880
train_bubat_barat,C:\Users\hanif\Downloads\capstone-agung\capstone-agung\data bubat barat\train\images\BubatSel_20260315_190153_jpg.rf.8027cb751121f076a8ff2506035e8c1d.jpg,ok,880,880
train_bubat_barat,C:\Users\hanif\Downloads\capstone-agung\capstone-agung\data bubat barat\train\images\BubatSel_20260315_190350_jpg.rf.8ba05296efb22b2c068c6cc1eb342637.jpg,ok,880,880
train_bubat_barat,C:\Users\hanif\Downloads\capstone-agung\capstone-agung\data bubat barat\train\images\BubatSel_20260315_190944_jpg.rf.1867c72bae6785fa71e10f7ce675607b.jpg,ok,880,880
train_bubat_barat,C:\Users\hanif\Downloads\capstone-agung\capstone-agung\data bubat barat\train\images\BubatSel_20260315_191142_jpg.rf.d7bb5bca9b204c0a2960336b4fca6197.jpg,ok,880,880
train_bubat_barat,C:\Users\hanif\Downloads\capstone-agung\capstone-agung\data bubat barat\train\images\BubatSel_20260315_191517_jpg.rf.91d08330dd8ecdaa8e1fabd941ff6686.jpg,ok,880,880
train_bubat_barat,C:\Users\hanif\Downloads\capstone-agung\capstone-agung\data bubat barat\train\images\BubatSel_20260315_191722_jpg.rf.96fda9ff5769a11383944d152f62a354.jpg,ok,880,880
train_bubat_barat,C:\Users\hanif\Downloads\capstone-agung\capstone-agung\data bubat barat\train\images\BubatSel_20260315_192124_jpg.rf.2f6796ea2e2f2935d1a3ead77afe4d76.jpg,ok,880,880
train_bubat_barat,C:\Users\hanif\Downloads\capstone-agung\capstone-agung\data bubat barat\train\images\BubatSel_20260315_192325_jpg.rf.0347dab1312b99064aa2d6071f8601ec.jpg,ok,880,880
train_bubat_barat,C:\Users\hanif\Downloads\capstone-agung\capstone-agung\data bubat barat\train\images\BubatSel_20260315_192527_jpg.rf.a05bd41e9a1b92c140c44e78f0d215c7.jpg,ok,880,880
train_bubat_barat,C:\Users\hanif\Downloads\capstone-agung\capstone-agung\data bubat barat\train\images\BubatSel_20260315_193119_jpg.rf.e1fdf19cb8fd28b407248d0d89b48eee.jpg,ok,880,880
train_bubat_barat,C:\Users\hanif\Downloads\capstone-agung\capstone-agung\data bubat barat\train\images\BubatSel_20260315_193319_jpg.rf.bd1aa9202fa630e34400f7c6a424cea4.jpg,ok,880,880
train_bubat_barat,C:\Users\hanif\Downloads\capstone-agung\capstone-agung\data bubat barat\train\images\BubatSel_20260315_193514_jpg.rf.0c534aa76e4d761d4ff75bfc9da4320e.jpg,ok,880,880
train_bubat_barat,C:\Users\hanif\Downloads\capstone-agung\capstone-agung\data bubat barat\train\images\BubatSel_20260315_193711_jpg.rf.3e612fa768f5a9e1d733bee442fb4c4c.jpg,ok,880,880
train_bubat_barat,C:\Users\hanif\Downloads\capstone-agung\capstone-agung\data bubat barat\train\images\BubatSel_20260315_194127_jpg.rf.23949160e1537bbbd1a4aa61f608bd21.jpg,ok,880,880
train_bubat_barat,C:\Users\hanif\Downloads\capstone-agung\capstone-agung\data bubat barat\train\images\BubatSel_20260315_194335_jpg.rf.049de0e4a0bab12e1cf8bd5817dd6a7f.jpg,ok,880,880
train_bubat_barat,C:\Users\hanif\Downloads\capstone-agung\capstone-agung\data bubat barat\train\images\BubatSel_20260315_194543_jpg.rf.711bd479890f4738083194988c38bc8a.jpg,ok,880,880
train_bubat_barat,C:\Users\hanif\Downloads\capstone-agung\capstone-agung\data bubat barat\train\images\BubatSel_20260315_194749_jpg.rf.490279bb0374246cb689ee0402cc2c96.jpg,ok,880,880
train_bubat_barat,C:\Users\hanif\Downloads\capstone-agung\capstone-agung\data bubat barat\train\images\BubatSel_20260315_194953_jpg.rf.b7fdd2f1cc8b14baec4cca6f31842852.jpg,ok,880,880
train_bubat_barat,C:\Users\hanif\Downloads\capstone-agung\capstone-agung\data bubat barat\train\images\BubatSel_20260315_195202_jpg.rf.610f5437c9876822405e14e4340f558e.jpg,ok,880,880
train_bubat_barat,C:\Users\hanif\Downloads\capstone-agung\capstone-agung\data bubat barat\train\images\BubatSel_20260315_195410_jpg.rf.d89370c71b69894132076a1fb4c79079.jpg,ok,880,880
train_bubat_barat,C:\Users\hanif\Downloads\capstone-agung\capstone-agung\data bubat barat\train\images\BubatSel_20260315_195825_jpg.rf.e99840c5e0da057863519199fb10292b.jpg,ok,880,880
train_bubat_barat,C:\Users\hanif\Downloads\capstone-agung\capstone-agung\data bubat barat\train\images\BubatSel_20260315_200237_jpg.rf.ab9f8e796ad46b768faf771dae7c8723.jpg,ok,880,880
train_bubat_barat,C:\Users\hanif\Downloads\capstone-agung\capstone-agung\data bubat barat\train\images\BubatSel_20260315_200441_jpg.rf.9274b2aeaf777ffa15de9839b2f03344.jpg,ok,880,880
train_bubat_barat,C:\Users\hanif\Downloads\capstone-agung\capstone-agung\data bubat barat\train\images\BubatSel_20260315_200639_jpg.rf.dc82fd255556e49369936a9a92038583.jpg,ok,880,880
train_bubat_barat,C:\Users\hanif\Downloads\capstone-agung\capstone-agung\data bubat barat\train\images\BubatSel_20260315_200843_jpg.rf.ba9ca6d8daef3595ffb6bd36b32fd355.jpg,ok,880,880
train_bubat_barat,C:\Users\hanif\Downloads\capstone-agung\capstone-agung\data bubat barat\train\images\BubatSel_20260315_201452_jpg.rf.b8b278c89b2637707a77d350ea94e412.jpg,ok,880,880
train_bubat_barat,C:\Users\hanif\Downloads\capstone-agung\capstone-agung\data bubat barat\train\images\BubatSel_20260315_201651_jpg.rf.eb7ec3e64194d8d0d577a56376c4165c.jpg,ok,880,880
train_bubat_barat,C:\Users\hanif\Downloads\capstone-agung\capstone-agung\data bubat barat\train\images\BubatSel_20260315_201855_jpg.rf.4f84390db4c7f5f14cfd1ac2e55af87e.jpg,ok,880,880
train_bubat_barat,C:\Users\hanif\Downloads\capstone-agung\capstone-agung\data bubat barat\train\images\BubatSel_20260315_202908_jpg.rf.4d30b54206a465fb6ad8f48a043db11f.jpg,ok,880,880
train_bubat_barat,C:\Users\hanif\Downloads\capstone-agung\capstone-agung\data bubat barat\train\images\BubatSel_20260315_203111_jpg.rf.038cc5348e77666960010d57a044d14d.jpg,ok,880,880
train_bubat_barat,C:\Users\hanif\Downloads\capstone-agung\capstone-agung\data bubat barat\train\images\BubatSel_20260315_203313_jpg.rf.a6f6cdda6bc285372b8842ae88fafcc2.jpg,ok,880,880
train_bubat_barat,C:\Users\hanif\Downloads\capstone-agung\capstone-agung\data bubat barat\train\images\BubatSel_20260315_203515_jpg.rf.fd1095c6831292857bef9c7573c72974.jpg,ok,880,880
train_bubat_barat,C:\Users\hanif\Downloads\capstone-agung\capstone-agung\data bubat barat\train\images\BubatSel_20260315_203718_jpg.rf.878ce6796baefc304bfd97fe93a2cafc.jpg,ok,880,880
train_bubat_barat,C:\Users\hanif\Downloads\capstone-agung\capstone-agung\data bubat barat\train\images\BubatSel_20260315_203921_jpg.rf.8551e93511f307145b6983d7d885f7c8.jpg,ok,880,880
train_bubat_barat,C:\Users\hanif\Downloads\capstone-agung\capstone-agung\data bubat barat\train\images\BubatSel_20260315_204125_jpg.rf.c950d754db20a6139fb169c70e537ebb.jpg,ok,880,880
train_bubat_barat,C:\Users\hanif\Downloads\capstone-agung\capstone-agung\data bubat barat\train\images\BubatSel_20260315_204329_jpg.rf.7677b2a3a78404db7a87cc68ad374cc7.jpg,ok,880,880
train_bubat_barat,C:\Users\hanif\Downloads\capstone-agung\capstone-agung\data bubat barat\train\images\BubatSel_20260315_204533_jpg.rf.30d118b5f36be426b997207a42dbd928.jpg,ok,880,880
train_bubat_barat,C:\Users\hanif\Downloads\capstone-agung\capstone-agung\data bubat barat\train\images\BubatSel_20260315_204737_jpg.rf.81d2f95a6a6b93871405404aba46246d.jpg,ok,880,880
train_bubat_barat,C:\Users\hanif\Downloads\capstone-agung\capstone-agung\data bubat barat\train\images\BubatSel_20260315_204940_jpg.rf.134f5f9c841634650159ef748a240a75.jpg,ok,880,880
train_bubat_barat,C:\Users\hanif\Downloads\capstone-agung\capstone-agung\data bubat barat\train\images\BubatSel_20260318_061654_jpg.rf.d752ff43b5d3d58081ed4b1f827e2586.jpg,ok,880,880
train_bubat_barat,C:\Users\hanif\Downloads\capstone-agung\capstone-agung\data bubat barat\train\images\BubatSel_20260318_061857_jpg.rf.37494fc0e236103c4f1ed98d5c2020b5.jpg,ok,880,880
train_bubat_barat,C:\Users\hanif\Downloads\capstone-agung\capstone-agung\data bubat barat\train\images\BubatSel_20260318_062308_jpg.rf.8c7fb64816452788b780ebbfc438e0cf.jpg,ok,880,880
train_bubat_barat,C:\Users\hanif\Downloads\capstone-agung\capstone-agung\data bubat barat\train\images\BubatSel_20260318_062502_jpg.rf.09182cee3985eed5fe36218d9fe14a50.jpg,ok,880,880
train_bubat_barat,C:\Users\hanif\Downloads\capstone-agung\capstone-agung\data bubat barat\train\images\BubatSel_20260318_063100_jpg.rf.0fb66d2a94d2f8696fa9b80eaf4e09e4.jpg,ok,880,880
train_bubat_barat,C:\Users\hanif\Downloads\capstone-agung\capstone-agung\data bubat barat\train\images\BubatSel_20260318_063307_jpg.rf.40dfd9ff164e0cbf240ba8d2360422eb.jpg,ok,880,880
train_bubat_barat,C:\Users\hanif\Downloads\capstone-agung\capstone-agung\data bubat barat\train\images\BubatSel_20260318_063659_jpg.rf.5aed8baef297abe61074266425842c68.jpg,ok,880,880
train_bubat_barat,C:\Users\hanif\Downloads\capstone-agung\capstone-agung\data bubat barat\train\images\BubatSel_20260318_063854_jpg.rf.e820e30e86377573c7e1a249655debbe.jpg,ok,880,880
train_bubat_barat,C:\Users\hanif\Downloads\capstone-agung\capstone-agung\data bubat barat\train\images\BubatSel_20260318_064432_jpg.rf.698069245ac863c86751312cb36ba187.jpg,ok,880,880
train_bubat_barat,C:\Users\hanif\Downloads\capstone-agung\capstone-agung\data bubat barat\train\images\BubatSel_20260318_064832_jpg.rf.010b5a1957993a1643ecabac48b81110.jpg,ok,880,880
train_bubat_barat,C:\Users\hanif\Downloads\capstone-agung\capstone-agung\data bubat barat\train\images\BubatSel_20260318_065631_jpg.rf.b987733a178774eaef5fb7f398d367db.jpg,ok,880,880
train_bubat_barat,C:\Users\hanif\Downloads\capstone-agung\capstone-agung\data bubat barat\train\images\BubatSel_20260318_065833_jpg.rf.ace1e21b21cdf6b97f8f3824e06d99e7.jpg,ok,880,880
train_bubat_barat,C:\Users\hanif\Downloads\capstone-agung\capstone-agung\data bubat barat\train\images\BubatSel_20260318_070230_jpg.rf.9cd9418635c4d848066a63c6da08a78a.jpg,ok,880,880
train_bubat_barat,C:\Users\hanif\Downloads\capstone-agung\capstone-agung\data bubat barat\train\images\BubatSel_20260318_070422_jpg.rf.4175e03fdbeb2ee68f938e61944a123a.jpg,ok,880,880
train_bubat_barat,C:\Users\hanif\Downloads\capstone-agung\capstone-agung\data bubat barat\train\images\BubatSel_20260318_070814_jpg.rf.4b4fd07af06eab635d58a3a283861ddd.jpg,ok,880,880
train_bubat_barat,C:\Users\hanif\Downloads\capstone-agung\capstone-agung\data bubat barat\train\images\BubatSel_20260318_071018_jpg.rf.06f4c51858adf8920b1708524adc08ec.jpg,ok,880,880
train_bubat_barat,C:\Users\hanif\Downloads\capstone-agung\capstone-agung\data bubat barat\train\images\BubatSel_20260318_071218_jpg.rf.8f2a65d1594600d53a0d1eab081435ad.jpg,ok,880,880
train_bubat_barat,C:\Users\hanif\Downloads\capstone-agung\capstone-agung\data bubat barat\train\images\BubatSel_20260318_071416_jpg.rf.2bdbed13ea572980196c6c1324b3ac5b.jpg,ok,880,880
train_bubat_barat,C:\Users\hanif\Downloads\capstone-agung\capstone-agung\data bubat barat\train\images\BubatSel_20260318_071610_jpg.rf.6e5fdd35c4861092d5260701ef277d8c.jpg,ok,880,880
train_bubat_barat,C:\Users\hanif\Downloads\capstone-agung\capstone-agung\data bubat barat\train\images\BubatSel_20260318_072344_jpg.rf.10124e4715a7ff5b1a437807d1765ae7.jpg,ok,880,880
train_bubat_barat,C:\Users\hanif\Downloads\capstone-agung\capstone-agung\data bubat barat\train\images\BubatSel_20260318_072928_jpg.rf.c465d9bfd8d6fc41eae714038b07c3e3.jpg,ok,880,880
train_bubat_barat,C:\Users\hanif\Downloads\capstone-agung\capstone-agung\data bubat barat\train\images\BubatSel_20260318_073337_jpg.rf.eeaa6761669abb98f7ec84357fe6cb0a.jpg,ok,880,880
train_bubat_barat,C:\Users\hanif\Downloads\capstone-agung\capstone-agung\data bubat barat\train\images\BubatSel_20260318_073530_jpg.rf.a93083240178ae5cef07fecd4aaffe15.jpg,ok,880,880
train_bubat_barat,C:\Users\hanif\Downloads\capstone-agung\capstone-agung\data bubat barat\train\images\BubatSel_20260318_073914_jpg.rf.db8e922598d642505afa2e667f755159.jpg,ok,880,880
train_bubat_barat,C:\Users\hanif\Downloads\capstone-agung\capstone-agung\data bubat barat\train\images\BubatSel_20260318_074107_jpg.rf.cc6eddd44d402dc92994213dae7a3047.jpg,ok,880,880
train_bubat_barat,C:\Users\hanif\Downloads\capstone-agung\capstone-agung\data bubat barat\train\images\BubatSel_20260318_074304_jpg.rf.b7493686f0af3085b06d9dfd79d2f2a2.jpg,ok,880,880
train_bubat_barat,C:\Users\hanif\Downloads\capstone-agung\capstone-agung\data bubat barat\train\images\BubatSel_20260318_074654_jpg.rf.a190df5329c9aec0eeb907912d67c101.jpg,ok,880,880
train_bubat_barat,C:\Users\hanif\Downloads\capstone-agung\capstone-agung\data bubat barat\train\images\BubatSel_20260318_074848_jpg.rf.72ac8fb85cf8c07d4f54593ce83727c8.jpg,ok,880,880
train_bubat_barat,C:\Users\hanif\Downloads\capstone-agung\capstone-agung\data bubat barat\train\images\BubatSel_20260318_075237_jpg.rf.54dc4048efce1c0b701d6cce81eac92e.jpg,ok,880,880
train_bubat_barat,C:\Users\hanif\Downloads\capstone-agung\capstone-agung\data bubat barat\train\images\BubatSel_20260318_075431_jpg.rf.0596849a3ed8a36c23b8b583415148d1.jpg,ok,880,880
train_bubat_barat,C:\Users\hanif\Downloads\capstone-agung\capstone-agung\data bubat barat\train\images\BubatSel_20260318_075807_jpg.rf.4d3a61cfb79ba1e37c3fa5390a81cf52.jpg,ok,880,880
train_bubat_barat,C:\Users\hanif\Downloads\capstone-agung\capstone-agung\data bubat barat\train\images\BubatSel_20260318_075955_jpg.rf.e684c3e37f5b62168a5129351b0b01b5.jpg,ok,880,880
train_bubat_barat,C:\Users\hanif\Downloads\capstone-agung\capstone-agung\data bubat barat\train\images\BubatSel_20260318_080148_jpg.rf.46124ce43a713ff867358f76f9bad570.jpg,ok,880,880
train_bubat_barat,C:\Users\hanif\Downloads\capstone-agung\capstone-agung\data bubat barat\train\images\BubatSel_20260318_080530_jpg.rf.92572c946c16ee4b073fe382b7fd6992.jpg,ok,880,880
train_bubat_barat,C:\Users\hanif\Downloads\capstone-agung\capstone-agung\data bubat barat\train\images\BubatSel_20260318_080921_jpg.rf.f583811f04b744ff151e377c0d680b92.jpg,ok,880,880
train_bubat_barat,C:\Users\hanif\Downloads\capstone-agung\capstone-agung\data bubat barat\train\images\BubatSel_20260318_081307_jpg.rf.455453bcaf6562b0e3dccf090228ec95.jpg,ok,880,880
train_bubat_barat,C:\Users\hanif\Downloads\capstone-agung\capstone-agung\data bubat barat\train\images\BubatSel_20260318_082432_jpg.rf.99b95f915c760437e763882345dc0fbf.jpg,ok,880,880
train_bubat_barat,C:\Users\hanif\Downloads\capstone-agung\capstone-agung\data bubat barat\train\images\BubatSel_20260318_082631_jpg.rf.91b36878b90989fb5d758c7653bbac27.jpg,ok,880,880
train_bubat_barat,C:\Users\hanif\Downloads\capstone-agung\capstone-agung\data bubat barat\train\images\BubatSel_20260318_083016_jpg.rf.9e6b020122d19c8145b892531668a53b.jpg,ok,880,880
train_bubat_barat,C:\Users\hanif\Downloads\capstone-agung\capstone-agung\data bubat barat\train\images\BubatSel_20260318_083604_jpg.rf.0d59aafa389a69ac5ee70666b624f96d.jpg,ok,880,880
train_bubat_barat,C:\Users\hanif\Downloads\capstone-agung\capstone-agung\data bubat barat\train\images\BubatSel_20260318_084347_jpg.rf.e702b7bc821c7882cf827d9f7c83f957.jpg,ok,880,880
train_bubat_barat,C:\Users\hanif\Downloads\capstone-agung\capstone-agung\data bubat barat\train\images\BubatSel_20260318_084938_jpg.rf.0514baa02b56a2dbbafb355002e5f780.jpg,ok,880,880
train_bubat_barat,C:\Users\hanif\Downloads\capstone-agung\capstone-agung\data bubat barat\train\images\BubatSel_20260318_085326_jpg.rf.7d0da5d289d4ebc12e9590acd275714f.jpg,ok,880,880
train_bubat_barat,C:\Users\hanif\Downloads\capstone-agung\capstone-agung\data bubat barat\train\images\BubatSel_20260318_085913_jpg.rf.9ccfed34d58142dd8b33bea8a9345ae1.jpg,ok,880,880
train_bubat_barat,C:\Users\hanif\Downloads\capstone-agung\capstone-agung\data bubat barat\train\images\BubatSel_20260318_090110_jpg.rf.f7f234a04636a6aa73880a3a0f3816f3.jpg,ok,880,880
train_bubat_barat,C:\Users\hanif\Downloads\capstone-agung\capstone-agung\data bubat barat\train\images\BubatSel_20260318_091232_jpg.rf.54d8f606b165872834100442c08ab9d3.jpg,ok,880,880
train_bubat_barat,C:\Users\hanif\Downloads\capstone-agung\capstone-agung\data bubat barat\train\images\BubatSel_20260318_091608_jpg.rf.f13cb2dc540514bfb5175262cdcff6cd.jpg,ok,880,880
train_bubat_barat,C:\Users\hanif\Downloads\capstone-agung\capstone-agung\data bubat barat\train\images\BubatSel_20260318_091802_jpg.rf.2b5d1c81db2c6315464d96749e34299d.jpg,ok,880,880
train_bubat_barat,C:\Users\hanif\Downloads\capstone-agung\capstone-agung\data bubat barat\train\images\BubatSel_20260318_091958_jpg.rf.53be1e6484276f76ea897a737c74034d.jpg,ok,880,880
train_bubat_barat,C:\Users\hanif\Downloads\capstone-agung\capstone-agung\data bubat barat\train\images\BubatTim_20260315_073016_jpg.rf.c0bbf0cc7d22ef0004a62accde7e9182.jpg,ok,880,880
train_bubat_barat,C:\Users\hanif\Downloads\capstone-agung\capstone-agung\data bubat barat\train\images\BubatTim_20260315_073227_jpg.rf.e56bd6402d5ce322946b0deb050f7d2e.jpg,ok,880,880
train_bubat_barat,C:\Users\hanif\Downloads\capstone-agung\capstone-agung\data bubat barat\train\images\BubatTim_20260315_073717_jpg.rf.bf2133aa5ba85cf3fb9d4349c86c912c.jpg,ok,880,880
train_bubat_barat,C:\Users\hanif\Downloads\capstone-agung\capstone-agung\data bubat barat\train\images\BubatTim_20260315_074957_jpg.rf.ee55ee7d8f5712487262c9e697aea610.jpg,ok,880,880
train_bubat_barat,C:\Users\hanif\Downloads\capstone-agung\capstone-agung\data bubat barat\train\images\BubatTim_20260315_080236_jpg.rf.0c9075d6970e341ebc572884b885871c.jpg,ok,880,880
train_bubat_barat,C:\Users\hanif\Downloads\capstone-agung\capstone-agung\data bubat barat\train\images\BubatTim_20260315_081522_jpg.rf.b91bd5b265fe0411ccdd4682202b9bad.jpg,ok,880,880
train_bubat_barat,C:\Users\hanif\Downloads\capstone-agung\capstone-agung\data bubat barat\train\images\BubatTim_20260315_082151_jpg.rf.399d8b79e0d2e41e584459738a2cab20.jpg,ok,880,880
train_bubat_barat,C:\Users\hanif\Downloads\capstone-agung\capstone-agung\data bubat barat\train\images\BubatTim_20260315_082331_jpg.rf.1f8967e974098d31e3fd19ec4dc6419b.jpg,ok,880,880
train_bubat_barat,C:\Users\hanif\Downloads\capstone-agung\capstone-agung\data bubat barat\train\images\BubatTim_20260315_082503_jpg.rf.6587868dd4ecfec6b2a97021e3233275.jpg,ok,880,880
train_bubat_barat,C:\Users\hanif\Downloads\capstone-agung\capstone-agung\data bubat barat\train\images\BubatTim_20260315_082809_jpg.rf.3d681369ba13f803ae26f4acae3662ea.jpg,ok,880,880
train_bubat_barat,C:\Users\hanif\Downloads\capstone-agung\capstone-agung\data bubat barat\train\images\BubatTim_20260315_082942_jpg.rf.8e7516aee29df19fc74c1a7ec80cc295.jpg,ok,880,880
train_bubat_barat,C:\Users\hanif\Downloads\capstone-agung\capstone-agung\data bubat barat\train\images\BubatTim_20260315_083555_jpg.rf.edb158bd60d736a999df888a7d29af8a.jpg,ok,880,880
train_bubat_barat,C:\Users\hanif\Downloads\capstone-agung\capstone-agung\data bubat barat\train\images\BubatTim_20260315_084029_jpg.rf.6c3715a0bd3358083096f65c9a9db304.jpg,ok,880,880
train_bubat_barat,C:\Users\hanif\Downloads\capstone-agung\capstone-agung\data bubat barat\train\images\BubatTim_20260315_084204_jpg.rf.499043c870be313125a860c7d13eecbe.jpg,ok,880,880
train_bubat_barat,C:\Users\hanif\Downloads\capstone-agung\capstone-agung\data bubat barat\train\images\BubatTim_20260315_084343_jpg.rf.f0362ccd932de045652fc0a9755a7f1d.jpg,ok,880,880
train_bubat_barat,C:\Users\hanif\Downloads\capstone-agung\capstone-agung\data bubat barat\train\images\BubatTim_20260315_084701_jpg.rf.400a4cd57d24eb521a6a2cd73d5cfd53.jpg,ok,880,880
train_bubat_barat,C:\Users\hanif\Downloads\capstone-agung\capstone-agung\data bubat barat\train\images\BubatTim_20260315_085003_jpg.rf.fecf22ba41d835f8d0f7d8d2e22edff0.jpg,ok,880,880
train_bubat_barat,C:\Users\hanif\Downloads\capstone-agung\capstone-agung\data bubat barat\train\images\BubatTim_20260315_085311_jpg.rf.8f35b7f04c83bd41c2d4fee886dfae8d.jpg,ok,880,880
train_bubat_barat,C:\Users\hanif\Downloads\capstone-agung\capstone-agung\data bubat barat\train\images\BubatTim_20260315_085438_jpg.rf.ad0d4d7b2200073dce57900dfbef291c.jpg,ok,880,880
train_bubat_barat,C:\Users\hanif\Downloads\capstone-agung\capstone-agung\data bubat barat\train\images\BubatTim_20260315_085931_jpg.rf.9cb5805b1a446c107ad46915007940e8.jpg,ok,880,880
train_bubat_barat,C:\Users\hanif\Downloads\capstone-agung\capstone-agung\data bubat barat\train\images\BubatTim_20260315_090245_jpg.rf.cf6f39283e9801829a07009c9912d097.jpg,ok,880,880
train_bubat_barat,C:\Users\hanif\Downloads\capstone-agung\capstone-agung\data bubat barat\train\images\BubatTim_20260315_090539_jpg.rf.2674c20965f8bc0f1a28cf1d4ef464dd.jpg,ok,880,880
train_bubat_barat,C:\Users\hanif\Downloads\capstone-agung\capstone-agung\data bubat barat\train\images\BubatTim_20260315_090717_jpg.rf.753da4e7adaaab7e145d731cf5503e62.jpg,ok,880,880
train_bubat_barat,C:\Users\hanif\Downloads\capstone-agung\capstone-agung\data bubat barat\train\images\BubatTim_20260315_091339_jpg.rf.4e558eb97af2227c6245a2699ed6641e.jpg,ok,880,880
train_bubat_barat,C:\Users\hanif\Downloads\capstone-agung\capstone-agung\data bubat barat\train\images\BubatTim_20260315_091819_jpg.rf.77d9cdb1784de4d01db0cbe99baa7d04.jpg,ok,880,880
train_bubat_barat,C:\Users\hanif\Downloads\capstone-agung\capstone-agung\data bubat barat\train\images\BubatTim_20260315_092131_jpg.rf.03b3808e1bf6196550615642930416b2.jpg,ok,880,880
train_bubat_barat,C:\Users\hanif\Downloads\capstone-agung\capstone-agung\data bubat barat\train\images\BubatTim_20260315_092443_jpg.rf.b3247b9941c4e8a71bcc592ab867af9a.jpg,ok,880,880
train_bubat_barat,C:\Users\hanif\Downloads\capstone-agung\capstone-agung\data bubat barat\train\images\BubatTim_20260315_092611_jpg.rf.6b62223017f77dd8eae719c0ffd74c8d.jpg,ok,880,880
train_bubat_barat,C:\Users\hanif\Downloads\capstone-agung\capstone-agung\data bubat barat\train\images\BubatTim_20260315_092743_jpg.rf.7fc47d184fe83a93f0787bf61d7f12d5.jpg,ok,880,880
train_bubat_barat,C:\Users\hanif\Downloads\capstone-agung\capstone-agung\data bubat barat\train\images\BubatTim_20260315_093057_jpg.rf.1a87254218e6c93d159751c99efc846c.jpg,ok,880,880
train_bubat_barat,C:\Users\hanif\Downloads\capstone-agung\capstone-agung\data bubat barat\train\images\BubatTim_20260315_093404_jpg.rf.dfa96c7b90577bca71b79bd03f5978cd.jpg,ok,880,880
train_bubat_barat,C:\Users\hanif\Downloads\capstone-agung\capstone-agung\data bubat barat\train\images\BubatTim_20260315_093707_jpg.rf.91359e64c725e70a880435217f1ece86.jpg,ok,880,880
train_bubat_barat,C:\Users\hanif\Downloads\capstone-agung\capstone-agung\data bubat barat\train\images\BubatTim_20260315_094335_jpg.rf.db02c9e90567e7b0560d42cbbfb0bb66.jpg,ok,880,880
train_bubat_barat,C:\Users\hanif\Downloads\capstone-agung\capstone-agung\data bubat barat\train\images\BubatTim_20260315_094515_jpg.rf.c01246cbcbc3bec4ee4df9a7cf3076f8.jpg,ok,880,880
train_bubat_barat,C:\Users\hanif\Downloads\capstone-agung\capstone-agung\data bubat barat\train\images\BubatTim_20260315_094647_jpg.rf.f6037d1bbc7a7025346f38b71bfb90ca.jpg,ok,880,880
train_bubat_barat,C:\Users\hanif\Downloads\capstone-agung\capstone-agung\data bubat barat\train\images\BubatTim_20260315_094958_jpg.rf.7fb47f19867e53ad11e3cf35578d677d.jpg,ok,880,880
train_bubat_barat,C:\Users\hanif\Downloads\capstone-agung\capstone-agung\data bubat barat\train\images\BubatTim_20260315_095130_jpg.rf.d6a947243066d7de17975e72c56d34ac.jpg,ok,880,880
train_bubat_barat,C:\Users\hanif\Downloads\capstone-agung\capstone-agung\data bubat barat\train\images\BubatTim_20260315_183012_jpg.rf.90a3e95b3f09031fcbe2138f827d2d29.jpg,ok,880,880
train_bubat_barat,C:\Users\hanif\Downloads\capstone-agung\capstone-agung\data bubat barat\train\images\BubatTim_20260315_183035_jpg.rf.709eae6bb81187bb4cf9d37549d2813d.jpg,ok,880,880
train_bubat_barat,C:\Users\hanif\Downloads\capstone-agung\capstone-agung\data bubat barat\train\images\BubatTim_20260315_183228_jpg.rf.b7f77eb984d1ddbe64b56ecf8266d173.jpg,ok,880,880
train_bubat_barat,C:\Users\hanif\Downloads\capstone-agung\capstone-agung\data bubat barat\train\images\BubatTim_20260315_183625_jpg.rf.a1773c01a79d0af387f199f6c61d5697.jpg,ok,880,880
train_bubat_barat,C:\Users\hanif\Downloads\capstone-agung\capstone-agung\data bubat barat\train\images\BubatTim_20260315_183823_jpg.rf.1c68b89fb850a1e609d294757584dda4.jpg,ok,880,880
train_bubat_barat,C:\Users\hanif\Downloads\capstone-agung\capstone-agung\data bubat barat\train\images\BubatTim_20260315_184023_jpg.rf.f5f292ff4c6b98a3828c55cb045c80a8.jpg,ok,880,880
train_bubat_barat,C:\Users\hanif\Downloads\capstone-agung\capstone-agung\data bubat barat\train\images\BubatTim_20260315_184220_jpg.rf.7ade4fdce397d7d82d26b7219fe4fbbb.jpg,ok,880,880
train_bubat_barat,C:\Users\hanif\Downloads\capstone-agung\capstone-agung\data bubat barat\train\images\BubatTim_20260315_184419_jpg.rf.38ab5a5fe9f896e8c0ae1360ca6434e0.jpg,ok,880,880
train_bubat_barat,C:\Users\hanif\Downloads\capstone-agung\capstone-agung\data bubat barat\train\images\BubatTim_20260315_184615_jpg.rf.9827133333179bfe89b43dfae0307ebb.jpg,ok,880,880
train_bubat_barat,C:\Users\hanif\Downloads\capstone-agung\capstone-agung\data bubat barat\train\images\BubatTim_20260315_184815_jpg.rf.f70d7356b96398c5f5d07445f3f1aa5b.jpg,ok,880,880
train_bubat_barat,C:\Users\hanif\Downloads\capstone-agung\capstone-agung\data bubat barat\train\images\BubatTim_20260315_185009_jpg.rf.e01b600d5e9ad0b889442de651c501c4.jpg,ok,880,880
train_bubat_barat,C:\Users\hanif\Downloads\capstone-agung\capstone-agung\data bubat barat\train\images\BubatTim_20260315_185206_jpg.rf.623bcff736528838683ac911fb5dbd02.jpg,ok,880,880
train_bubat_barat,C:\Users\hanif\Downloads\capstone-agung\capstone-agung\data bubat barat\train\images\BubatTim_20260315_185404_jpg.rf.94b28bbd456fe534f09934d44e7fd88d.jpg,ok,880,880
train_bubat_barat,C:\Users\hanif\Downloads\capstone-agung\capstone-agung\data bubat barat\train\images\BubatTim_20260315_185603_jpg.rf.00c3f59bf478bca5ddfbcd848655120f.jpg,ok,880,880
train_bubat_barat,C:\Users\hanif\Downloads\capstone-agung\capstone-agung\data bubat barat\train\images\BubatTim_20260315_185800_jpg.rf.d9399061a69376acce9baa22e6dc84b7.jpg,ok,880,880
train_bubat_barat,C:\Users\hanif\Downloads\capstone-agung\capstone-agung\data bubat barat\train\images\BubatTim_20260315_190153_jpg.rf.98802f292d9ea3fdad265032b83d7c93.jpg,ok,880,880
train_bubat_barat,C:\Users\hanif\Downloads\capstone-agung\capstone-agung\data bubat barat\train\images\BubatTim_20260315_190350_jpg.rf.cdebd1a4023e3de0647e2763f90ee546.jpg,ok,880,880
train_bubat_barat,C:\Users\hanif\Downloads\capstone-agung\capstone-agung\data bubat barat\train\images\BubatTim_20260315_190548_jpg.rf.e090090c8d273e72b644d430dcfec133.jpg,ok,880,880
train_bubat_barat,C:\Users\hanif\Downloads\capstone-agung\capstone-agung\data bubat barat\train\images\BubatTim_20260315_190747_jpg.rf.0f0a8365d75b65c147d0b435b979ee00.jpg,ok,880,880
train_bubat_barat,C:\Users\hanif\Downloads\capstone-agung\capstone-agung\data bubat barat\train\images\BubatTim_20260315_190944_jpg.rf.3052b155eef0ebe696580a4c94cb158e.jpg,ok,880,880
train_bubat_barat,C:\Users\hanif\Downloads\capstone-agung\capstone-agung\data bubat barat\train\images\BubatTim_20260315_191142_jpg.rf.4eb8e19d76fcf7ccf384c656e73213f6.jpg,ok,880,880
train_bubat_barat,C:\Users\hanif\Downloads\capstone-agung\capstone-agung\data bubat barat\train\images\BubatTim_20260315_191722_jpg.rf.c370da098d147a3b73395591a82ff721.jpg,ok,880,880
train_bubat_barat,C:\Users\hanif\Downloads\capstone-agung\capstone-agung\data bubat barat\train\images\BubatTim_20260315_191920_jpg.rf.829b9b36cbf089181c65384cfc374282.jpg,ok,880,880
train_bubat_barat,C:\Users\hanif\Downloads\capstone-agung\capstone-agung\data bubat barat\train\images\BubatTim_20260315_192527_jpg.rf.e7a10a4ad9d3277962100660b4e87575.jpg,ok,880,880
train_bubat_barat,C:\Users\hanif\Downloads\capstone-agung\capstone-agung\data bubat barat\train\images\BubatTim_20260315_192725_jpg.rf.9050278a3fd57a76e7dc7da4404dd682.jpg,ok,880,880
train_bubat_barat,C:\Users\hanif\Downloads\capstone-agung\capstone-agung\data bubat barat\train\images\BubatTim_20260315_193119_jpg.rf.cde265f12e2de9a0a73ec93f10123557.jpg,ok,880,880
train_bubat_barat,C:\Users\hanif\Downloads\capstone-agung\capstone-agung\data bubat barat\train\images\BubatTim_20260315_193319_jpg.rf.3eaf803c72708a3035ed775a2f2b49d9.jpg,ok,880,880
train_bubat_barat,C:\Users\hanif\Downloads\capstone-agung\capstone-agung\data bubat barat\train\images\BubatTim_20260315_193514_jpg.rf.32f2767b5a69e69a10b37e6164365d93.jpg,ok,880,880
train_bubat_barat,C:\Users\hanif\Downloads\capstone-agung\capstone-agung\data bubat barat\train\images\BubatTim_20260315_193711_jpg.rf.bd7c5ec17634d63c4e5942220015f05d.jpg,ok,880,880
train_bubat_barat,C:\Users\hanif\Downloads\capstone-agung\capstone-agung\data bubat barat\train\images\BubatTim_20260315_193917_jpg.rf.8f819c310911e55b72897fc0adf201b9.jpg,ok,880,880
train_bubat_barat,C:\Users\hanif\Downloads\capstone-agung\capstone-agung\data bubat barat\train\images\BubatTim_20260315_194127_jpg.rf.011482e59a728af27ecba49cd2d90ffb.jpg,ok,880,880
train_bubat_barat,C:\Users\hanif\Downloads\capstone-agung\capstone-agung\data bubat barat\train\images\BubatTim_20260315_194543_jpg.rf.a4eb5c359c4f0b53fd3d9fae89243ee1.jpg,ok,880,880
train_bubat_barat,C:\Users\hanif\Downloads\capstone-agung\capstone-agung\data bubat barat\train\images\BubatTim_20260315_194953_jpg.rf.d985c01ab232ec329a1e52f0349dff01.jpg,ok,880,880
train_bubat_barat,C:\Users\hanif\Downloads\capstone-agung\capstone-agung\data bubat barat\train\images\BubatTim_20260315_195202_jpg.rf.378078bed2e1643bf7e111ab9f330827.jpg,ok,880,880
train_bubat_barat,C:\Users\hanif\Downloads\capstone-agung\capstone-agung\data bubat barat\train\images\BubatTim_20260315_195410_jpg.rf.2011d2e793546f91ebd6f906cee1c381.jpg,ok,880,880
train_bubat_barat,C:\Users\hanif\Downloads\capstone-agung\capstone-agung\data bubat barat\train\images\BubatTim_20260315_195617_jpg.rf.b81465f164bd89d9545af89c90755be5.jpg,ok,880,880
train_bubat_barat,C:\Users\hanif\Downloads\capstone-agung\capstone-agung\data bubat barat\train\images\BubatTim_20260315_195825_jpg.rf.e0332ff93e936664833be73f8e0a6030.jpg,ok,880,880
train_bubat_barat,C:\Users\hanif\Downloads\capstone-agung\capstone-agung\data bubat barat\train\images\BubatTim_20260315_200033_jpg.rf.805931a4648fbcd90baf71b37dcfbd67.jpg,ok,880,880
train_bubat_barat,C:\Users\hanif\Downloads\capstone-agung\capstone-agung\data bubat barat\train\images\BubatTim_20260315_200237_jpg.rf.e352867eb478dd60260ea5cdb55148be.jpg,ok,880,880
train_bubat_barat,C:\Users\hanif\Downloads\capstone-agung\capstone-agung\data bubat barat\train\images\BubatTim_20260315_200639_jpg.rf.d2faeb3bf010ba8a19e49373fe0fcc14.jpg,ok,880,880
train_bubat_barat,C:\Users\hanif\Downloads\capstone-agung\capstone-agung\data bubat barat\train\images\BubatTim_20260315_200843_jpg.rf.c70e8d755d01e9b91cbeb8b7de9e2e60.jpg,ok,880,880
train_bubat_barat,C:\Users\hanif\Downloads\capstone-agung\capstone-agung\data bubat barat\train\images\BubatTim_20260315_201047_jpg.rf.b7a4f529bf243539aa7a32336a527aa9.jpg,ok,880,880
train_bubat_barat,C:\Users\hanif\Downloads\capstone-agung\capstone-agung\data bubat barat\train\images\BubatTim_20260315_201250_jpg.rf.145491f157ffcd0ceb0d6724c7444952.jpg,ok,880,880
train_bubat_barat,C:\Users\hanif\Downloads\capstone-agung\capstone-agung\data bubat barat\train\images\BubatTim_20260315_201452_jpg.rf.6fee0f2cc1ff7a62742d8fb8dec458db.jpg,ok,880,880
train_bubat_barat,C:\Users\hanif\Downloads\capstone-agung\capstone-agung\data bubat barat\train\images\BubatTim_20260315_201651_jpg.rf.1ed43acb3429e2b854426c4a8ff71347.jpg,ok,880,880
train_bubat_barat,C:\Users\hanif\Downloads\capstone-agung\capstone-agung\data bubat barat\train\images\BubatTim_20260315_201855_jpg.rf.f2c18ec327f2e40ffc9770a99541459e.jpg,ok,880,880
train_bubat_barat,C:\Users\hanif\Downloads\capstone-agung\capstone-agung\data bubat barat\train\images\BubatTim_20260315_202059_jpg.rf.65141e0a19ee97fdb57a6536d6acb9e4.jpg,ok,880,880
train_bubat_barat,C:\Users\hanif\Downloads\capstone-agung\capstone-agung\data bubat barat\train\images\BubatTim_20260315_202302_jpg.rf.322589ad57acfacd3661d8da7dea6f8e.jpg,ok,880,880
train_bubat_barat,C:\Users\hanif\Downloads\capstone-agung\capstone-agung\data bubat barat\train\images\BubatTim_20260315_203111_jpg.rf.756a3ca545a85d2b4f0d20a6bd74290e.jpg,ok,880,880
train_bubat_barat,C:\Users\hanif\Downloads\capstone-agung\capstone-agung\data bubat barat\train\images\BubatTim_20260315_203313_jpg.rf.c77da5e6e08c0d943ec91c15884af75a.jpg,ok,880,880
train_bubat_barat,C:\Users\hanif\Downloads\capstone-agung\capstone-agung\data bubat barat\train\images\BubatTim_20260315_203718_jpg.rf.d7d00227530aa6f27f0aa36566a26e01.jpg,ok,880,880
train_bubat_barat,C:\Users\hanif\Downloads\capstone-agung\capstone-agung\data bubat barat\train\images\BubatTim_20260315_203921_jpg.rf.e933f3df8e5a6dc40a3f6a43ea79219a.jpg,ok,880,880
train_bubat_barat,C:\Users\hanif\Downloads\capstone-agung\capstone-agung\data bubat barat\train\images\BubatTim_20260315_204125_jpg.rf.6d87df05825bad0d5d5896258561c970.jpg,ok,880,880
train_bubat_barat,C:\Users\hanif\Downloads\capstone-agung\capstone-agung\data bubat barat\train\images\BubatTim_20260315_204329_jpg.rf.6d404ae733719e9086f2e8ef3148eefd.jpg,ok,880,880
train_bubat_barat,C:\Users\hanif\Downloads\capstone-agung\capstone-agung\data bubat barat\train\images\BubatTim_20260315_204737_jpg.rf.a6958ebad275bc0948d3f76db0c7139a.jpg,ok,880,880
train_bubat_barat,C:\Users\hanif\Downloads\capstone-agung\capstone-agung\data bubat barat\train\images\BubatTim_20260318_061654_jpg.rf.72a83cdb22cf9e5192b7ff31fd4e413a.jpg,ok,880,880
train_bubat_barat,C:\Users\hanif\Downloads\capstone-agung\capstone-agung\data bubat barat\train\images\BubatTim_20260318_062103_jpg.rf.04a447e26379cd9f6848e805efd38456.jpg,ok,880,880
train_bubat_barat,C:\Users\hanif\Downloads\capstone-agung\capstone-agung\data bubat barat\train\images\BubatTim_20260318_062656_jpg.rf.f5f8939d9bff64b2ee522514eb995553.jpg,ok,880,880
train_bubat_barat,C:\Users\hanif\Downloads\capstone-agung\capstone-agung\data bubat barat\train\images\BubatTim_20260318_062903_jpg.rf.219bcdbf536761bb0163160bf9898166.jpg,ok,880,880
train_bubat_barat,C:\Users\hanif\Downloads\capstone-agung\capstone-agung\data bubat barat\train\images\BubatTim_20260318_063307_jpg.rf.07c8c444b89143124080511db7f71c69.jpg,ok,880,880
train_bubat_barat,C:\Users\hanif\Downloads\capstone-agung\capstone-agung\data bubat barat\train\images\BubatTim_20260318_063456_jpg.rf.e616a56acd9d66f9a648a2c9b0af12ab.jpg,ok,880,880
train_bubat_barat,C:\Users\hanif\Downloads\capstone-agung\capstone-agung\data bubat barat\train\images\BubatTim_20260318_063854_jpg.rf.88fe4d38c5dc1c1e314679b6f3bd3cd6.jpg,ok,880,880
train_bubat_barat,C:\Users\hanif\Downloads\capstone-agung\capstone-agung\data bubat barat\train\images\BubatTim_20260318_064635_jpg.rf.7f33c9a7c960bacfd4145141d56fb113.jpg,ok,880,880
train_bubat_barat,C:\Users\hanif\Downloads\capstone-agung\capstone-agung\data bubat barat\train\images\BubatTim_20260318_064832_jpg.rf.5882e7cfeeabde409cd242b7d20f55b9.jpg,ok,880,880
train_bubat_barat,C:\Users\hanif\Downloads\capstone-agung\capstone-agung\data bubat barat\train\images\BubatTim_20260318_065224_jpg.rf.97770d244bca82e63d643a4b82cde82d.jpg,ok,880,880
train_bubat_barat,C:\Users\hanif\Downloads\capstone-agung\capstone-agung\data bubat barat\train\images\BubatTim_20260318_065833_jpg.rf.d044c50743d065362bb72db9535da420.jpg,ok,880,880
train_bubat_barat,C:\Users\hanif\Downloads\capstone-agung\capstone-agung\data bubat barat\train\images\BubatTim_20260318_070422_jpg.rf.909cb8e3741db88e1457ee815290c690.jpg,ok,880,880
train_bubat_barat,C:\Users\hanif\Downloads\capstone-agung\capstone-agung\data bubat barat\train\images\BubatTim_20260318_070616_jpg.rf.59946b974bd38af39ee1dc2fd842fc7b.jpg,ok,880,880
train_bubat_barat,C:\Users\hanif\Downloads\capstone-agung\capstone-agung\data bubat barat\train\images\BubatTim_20260318_071218_jpg.rf.27af6816cdc1eca0d742a893d3ebd309.jpg,ok,880,880
train_bubat_barat,C:\Users\hanif\Downloads\capstone-agung\capstone-agung\data bubat barat\train\images\BubatTim_20260318_071956_jpg.rf.c559f90eb3bb6963be18351d529c08d8.jpg,ok,880,880
train_bubat_barat,C:\Users\hanif\Downloads\capstone-agung\capstone-agung\data bubat barat\train\images\BubatTim_20260318_072538_jpg.rf.21451d04b6a590a3420130ce63e6a58e.jpg,ok,880,880
train_bubat_barat,C:\Users\hanif\Downloads\capstone-agung\capstone-agung\data bubat barat\train\images\BubatTim_20260318_073132_jpg.rf.5f513c2b7cfc98fcb10331b505c33014.jpg,ok,880,880
train_bubat_barat,C:\Users\hanif\Downloads\capstone-agung\capstone-agung\data bubat barat\train\images\BubatTim_20260318_073530_jpg.rf.94f0ddbf3a80fd387903d968453cafdb.jpg,ok,880,880
train_bubat_barat,C:\Users\hanif\Downloads\capstone-agung\capstone-agung\data bubat barat\train\images\BubatTim_20260318_074304_jpg.rf.59ec45d586ef27a8b44aa27d38d519ff.jpg,ok,880,880
train_bubat_barat,C:\Users\hanif\Downloads\capstone-agung\capstone-agung\data bubat barat\train\images\BubatTim_20260318_074452_jpg.rf.cc081cedbcbae9884cf0dccb5d293b55.jpg,ok,880,880
train_bubat_barat,C:\Users\hanif\Downloads\capstone-agung\capstone-agung\data bubat barat\train\images\BubatTim_20260318_074848_jpg.rf.6641a5a1f150a46ac72435fc348d75d3.jpg,ok,880,880
train_bubat_barat,C:\Users\hanif\Downloads\capstone-agung\capstone-agung\data bubat barat\train\images\BubatTim_20260318_075619_jpg.rf.79a308ac6b00fee58949d7c03f61e711.jpg,ok,880,880
train_bubat_barat,C:\Users\hanif\Downloads\capstone-agung\capstone-agung\data bubat barat\train\images\BubatTim_20260318_075807_jpg.rf.681662847a6ce5f9472fb543f46de7b1.jpg,ok,880,880
train_bubat_barat,C:\Users\hanif\Downloads\capstone-agung\capstone-agung\data bubat barat\train\images\BubatTim_20260318_081500_jpg.rf.3786f9f706a48fde84f8070115ec683f.jpg,ok,880,880
train_bubat_barat,C:\Users\hanif\Downloads\capstone-agung\capstone-agung\data bubat barat\train\images\BubatTim_20260318_081648_jpg.rf.1ec987f72b75d98fe6ae7de53ebc745d.jpg,ok,880,880
train_bubat_barat,C:\Users\hanif\Downloads\capstone-agung\capstone-agung\data bubat barat\train\images\BubatTim_20260318_082240_jpg.rf.e05c94dca05216cb2a950fb8ecd6c03e.jpg,ok,880,880
train_bubat_barat,C:\Users\hanif\Downloads\capstone-agung\capstone-agung\data bubat barat\train\images\BubatTim_20260318_082631_jpg.rf.64b3c491c007191816a07a0949c6b7f9.jpg,ok,880,880
train_bubat_barat,C:\Users\hanif\Downloads\capstone-agung\capstone-agung\data bubat barat\train\images\BubatTim_20260318_082828_jpg.rf.84835a037670f7b56507304cb394cbd1.jpg,ok,880,880
train_bubat_barat,C:\Users\hanif\Downloads\capstone-agung\capstone-agung\data bubat barat\train\images\BubatTim_20260318_083604_jpg.rf.7be7ef659b06fc34ecb938ed6e59e117.jpg,ok,880,880
train_bubat_barat,C:\Users\hanif\Downloads\capstone-agung\capstone-agung\data bubat barat\train\images\BubatTim_20260318_084142_jpg.rf.e27da9ffb319a70718575df2fdb1f8dc.jpg,ok,880,880
train_bubat_barat,C:\Users\hanif\Downloads\capstone-agung\capstone-agung\data bubat barat\train\images\BubatTim_20260318_084544_jpg.rf.2178ef243111d623294ebb003f7c9f51.jpg,ok,880,880
train_bubat_barat,C:\Users\hanif\Downloads\capstone-agung\capstone-agung\data bubat barat\train\images\BubatTim_20260318_090315_jpg.rf.b220d99f424e997777dcbe84341092ad.jpg,ok,880,880
train_bubat_barat,C:\Users\hanif\Downloads\capstone-agung\capstone-agung\data bubat barat\train\images\BubatTim_20260318_090502_jpg.rf.f8636cd921cc3ac9de2c5c1e121ad0b5.jpg,ok,880,880
train_bubat_barat,C:\Users\hanif\Downloads\capstone-agung\capstone-agung\data bubat barat\train\images\BubatTim_20260318_091420_jpg.rf.a64709c3f7641b353c27d5734b6d8457.jpg,ok,880,880
train_bubat_barat,C:\Users\hanif\Downloads\capstone-agung\capstone-agung\data bubat barat\train\images\BubatTim_20260318_091802_jpg.rf.de4400a8ecd785de946d6b39a57a317a.jpg,ok,880,880
train_bubat_barat,C:\Users\hanif\Downloads\capstone-agung\capstone-agung\data bubat barat\train\images\BubatTim_20260318_091958_jpg.rf.8cb43f6c2d9c86695ece94f96bf19f07.jpg,ok,880,880
train_bubat_barat,C:\Users\hanif\Downloads\capstone-agung\capstone-agung\data bubat barat\train\images\MartaNegara_20260315_073717_jpg.rf.1edcde46d1470306ca5459fc61449a3e.jpg,ok,880,880
train_bubat_barat,C:\Users\hanif\Downloads\capstone-agung\capstone-agung\data bubat barat\train\images\MartaNegara_20260315_074318_jpg.rf.824f575bf967ce4aa576f8c7c15328aa.jpg,ok,880,880
train_bubat_barat,C:\Users\hanif\Downloads\capstone-agung\capstone-agung\data bubat barat\train\images\MartaNegara_20260315_074546_jpg.rf.38b0c3eee13d3bd2bc1864fb69354d50.jpg,ok,880,880
train_bubat_barat,C:\Users\hanif\Downloads\capstone-agung\capstone-agung\data bubat barat\train\images\MartaNegara_20260315_074957_jpg.rf.5df8f1330acddd4cf5b702874a41f261.jpg,ok,880,880
train_bubat_barat,C:\Users\hanif\Downloads\capstone-agung\capstone-agung\data bubat barat\train\images\MartaNegara_20260315_075309_jpg.rf.e7a97d7e73f8fd87c22363c055fcd456.jpg,ok,880,880
train_bubat_barat,C:\Users\hanif\Downloads\capstone-agung\capstone-agung\data bubat barat\train\images\MartaNegara_20260315_075743_jpg.rf.6f60bf803c942c50d4e07dbf3c25e3d6.jpg,ok,880,880
train_bubat_barat,C:\Users\hanif\Downloads\capstone-agung\capstone-agung\data bubat barat\train\images\MartaNegara_20260315_075922_jpg.rf.e964aeb344322255d42a6c3792814603.jpg,ok,880,880
train_bubat_barat,C:\Users\hanif\Downloads\capstone-agung\capstone-agung\data bubat barat\train\images\MartaNegara_20260315_080236_jpg.rf.5d982521348fe5bd57767ba777ba8571.jpg,ok,880,880
train_bubat_barat,C:\Users\hanif\Downloads\capstone-agung\capstone-agung\data bubat barat\train\images\MartaNegara_20260315_080414_jpg.rf.66c296216bc20c5ba15ebc2357e0a180.jpg,ok,880,880
train_bubat_barat,C:\Users\hanif\Downloads\capstone-agung\capstone-agung\data bubat barat\train\images\MartaNegara_20260315_080541_jpg.rf.6044e35faaeec366bad9acec626d6ce4.jpg,ok,880,880
train_bubat_barat,C:\Users\hanif\Downloads\capstone-agung\capstone-agung\data bubat barat\train\images\MartaNegara_20260315_080721_jpg.rf.1d119fe2de6de67a46d8d9b20b64dfe2.jpg,ok,880,880
train_bubat_barat,C:\Users\hanif\Downloads\capstone-agung\capstone-agung\data bubat barat\train\images\MartaNegara_20260315_080859_jpg.rf.1593397e280530515e5c5718013adea8.jpg,ok,880,880
train_bubat_barat,C:\Users\hanif\Downloads\capstone-agung\capstone-agung\data bubat barat\train\images\MartaNegara_20260315_081219_jpg.rf.12c7f66c23efff5b33d201b20a37565d.jpg,ok,880,880
train_bubat_barat,C:\Users\hanif\Downloads\capstone-agung\capstone-agung\data bubat barat\train\images\MartaNegara_20260315_081359_jpg.rf.ea52b32d490062b5cbb29bdb99af423b.jpg,ok,880,880
train_bubat_barat,C:\Users\hanif\Downloads\capstone-agung\capstone-agung\data bubat barat\train\images\MartaNegara_20260315_081828_jpg.rf.f859fcbcafda0a278f2bca2047d8ab89.jpg,ok,880,880
train_bubat_barat,C:\Users\hanif\Downloads\capstone-agung\capstone-agung\data bubat barat\train\images\MartaNegara_20260315_082009_jpg.rf.c337eafa25ad902abcd5b74ae7a312e6.jpg,ok,880,880
train_bubat_barat,C:\Users\hanif\Downloads\capstone-agung\capstone-agung\data bubat barat\train\images\MartaNegara_20260315_082151_jpg.rf.30008a815fa51f83c242beafee71f2f2.jpg,ok,880,880
train_bubat_barat,C:\Users\hanif\Downloads\capstone-agung\capstone-agung\data bubat barat\train\images\MartaNegara_20260315_082331_jpg.rf.1f55764c86f7548817e1f5d9672ebd86.jpg,ok,880,880
train_bubat_barat,C:\Users\hanif\Downloads\capstone-agung\capstone-agung\data bubat barat\train\images\MartaNegara_20260315_082942_jpg.rf.f5d04793faadd88f450cbdeb05cf4b83.jpg,ok,880,880
train_bubat_barat,C:\Users\hanif\Downloads\capstone-agung\capstone-agung\data bubat barat\train\images\MartaNegara_20260315_083111_jpg.rf.d958825f53105890d5fa4203a6f5860c.jpg,ok,880,880
train_bubat_barat,C:\Users\hanif\Downloads\capstone-agung\capstone-agung\data bubat barat\train\images\MartaNegara_20260315_083417_jpg.rf.ded710680cc6d419a20392b66dfb65d7.jpg,ok,880,880
train_bubat_barat,C:\Users\hanif\Downloads\capstone-agung\capstone-agung\data bubat barat\train\images\MartaNegara_20260315_083555_jpg.rf.153f6af721994de5395462aae36b761e.jpg,ok,880,880
train_bubat_barat,C:\Users\hanif\Downloads\capstone-agung\capstone-agung\data bubat barat\train\images\MartaNegara_20260315_083857_jpg.rf.9d918b84010c2888f9ebd7e5254c408b.jpg,ok,880,880
train_bubat_barat,C:\Users\hanif\Downloads\capstone-agung\capstone-agung\data bubat barat\train\images\MartaNegara_20260315_084029_jpg.rf.dc7ec5d35909dbf53868fd402fd06dbb.jpg,ok,880,880
train_bubat_barat,C:\Users\hanif\Downloads\capstone-agung\capstone-agung\data bubat barat\train\images\MartaNegara_20260315_084204_jpg.rf.706e47830cf84e42df994ba58e721eba.jpg,ok,880,880
train_bubat_barat,C:\Users\hanif\Downloads\capstone-agung\capstone-agung\data bubat barat\train\images\MartaNegara_20260315_084343_jpg.rf.b8f77f49ebcce5dab3bb62bd5dfe5f4e.jpg,ok,880,880
train_bubat_barat,C:\Users\hanif\Downloads\capstone-agung\capstone-agung\data bubat barat\train\images\MartaNegara_20260315_084524_jpg.rf.70d050a76b388642ef5614e75b869594.jpg,ok,880,880
train_bubat_barat,C:\Users\hanif\Downloads\capstone-agung\capstone-agung\data bubat barat\train\images\MartaNegara_20260315_084701_jpg.rf.6bd456199faab5d9ff46621f5093610e.jpg,ok,880,880
train_bubat_barat,C:\Users\hanif\Downloads\capstone-agung\capstone-agung\data bubat barat\train\images\MartaNegara_20260315_084829_jpg.rf.f49dc89e5dd0495ec651997db8f20493.jpg,ok,880,880
train_bubat_barat,C:\Users\hanif\Downloads\capstone-agung\capstone-agung\data bubat barat\train\images\MartaNegara_20260315_085003_jpg.rf.25f4497cbba8adf70dd1ff65938eddd0.jpg,ok,880,880
train_bubat_barat,C:\Users\hanif\Downloads\capstone-agung\capstone-agung\data bubat barat\train\images\MartaNegara_20260315_085311_jpg.rf.2c18a00c8d4c4807fab1d9eb14e7b617.jpg,ok,880,880
train_bubat_barat,C:\Users\hanif\Downloads\capstone-agung\capstone-agung\data bubat barat\train\images\MartaNegara_20260315_085438_jpg.rf.6a42833b46dca9a9294d90b2c669991c.jpg,ok,880,880
train_bubat_barat,C:\Users\hanif\Downloads\capstone-agung\capstone-agung\data bubat barat\train\images\MartaNegara_20260315_085612_jpg.rf.a297700424966877553cec03bc2568f5.jpg,ok,880,880
train_bubat_barat,C:\Users\hanif\Downloads\capstone-agung\capstone-agung\data bubat barat\train\images\MartaNegara_20260315_085755_jpg.rf.27e736285cb6fff6cab734928fd3c9b5.jpg,ok,880,880
train_bubat_barat,C:\Users\hanif\Downloads\capstone-agung\capstone-agung\data bubat barat\train\images\MartaNegara_20260315_085931_jpg.rf.acb21fe85b0dd85d86d5cfe1bcb69ed7.jpg,ok,880,880
train_bubat_barat,C:\Users\hanif\Downloads\capstone-agung\capstone-agung\data bubat barat\train\images\MartaNegara_20260315_090106_jpg.rf.b713177b9cf090b5cbd282b32dff9038.jpg,ok,880,880
train_bubat_barat,C:\Users\hanif\Downloads\capstone-agung\capstone-agung\data bubat barat\train\images\MartaNegara_20260315_090412_jpg.rf.9795774998fcd2f51bde441baa709810.jpg,ok,880,880
train_bubat_barat,C:\Users\hanif\Downloads\capstone-agung\capstone-agung\data bubat barat\train\images\MartaNegara_20260315_090539_jpg.rf.bf5903e9579754032eff6004f36096cb.jpg,ok,880,880
train_bubat_barat,C:\Users\hanif\Downloads\capstone-agung\capstone-agung\data bubat barat\train\images\MartaNegara_20260315_090717_jpg.rf.d674e7080649d9dca70b3f013f6d6992.jpg,ok,880,880
train_bubat_barat,C:\Users\hanif\Downloads\capstone-agung\capstone-agung\data bubat barat\train\images\MartaNegara_20260315_090845_jpg.rf.164860a6c233692c754adcf4e46302b4.jpg,ok,880,880
train_bubat_barat,C:\Users\hanif\Downloads\capstone-agung\capstone-agung\data bubat barat\train\images\MartaNegara_20260315_091023_jpg.rf.7f0eba8d0d01fa0240c46ad83cd0569b.jpg,ok,880,880
train_bubat_barat,C:\Users\hanif\Downloads\capstone-agung\capstone-agung\data bubat barat\train\images\MartaNegara_20260315_091202_jpg.rf.9432da8415f2e205c44b3942e92b1a9c.jpg,ok,880,880
train_bubat_barat,C:\Users\hanif\Downloads\capstone-agung\capstone-agung\data bubat barat\train\images\MartaNegara_20260315_091339_jpg.rf.4bc4de49431a402403d9ddfc75d3edec.jpg,ok,880,880
train_bubat_barat,C:\Users\hanif\Downloads\capstone-agung\capstone-agung\data bubat barat\train\images\MartaNegara_20260315_091507_jpg.rf.0aa2f1ee354c9af21393b553d9b908a3.jpg,ok,880,880
train_bubat_barat,C:\Users\hanif\Downloads\capstone-agung\capstone-agung\data bubat barat\train\images\MartaNegara_20260315_091819_jpg.rf.8965944f7c01e2b09b3b27b8ed0df282.jpg,ok,880,880
train_bubat_barat,C:\Users\hanif\Downloads\capstone-agung\capstone-agung\data bubat barat\train\images\MartaNegara_20260315_092001_jpg.rf.5da8bdff1d38da91f65ad4eb2eb35ae5.jpg,ok,880,880
train_bubat_barat,C:\Users\hanif\Downloads\capstone-agung\capstone-agung\data bubat barat\train\images\MartaNegara_20260315_092131_jpg.rf.7d2746728744520d7e375f83e6dab2f4.jpg,ok,880,880
train_bubat_barat,C:\Users\hanif\Downloads\capstone-agung\capstone-agung\data bubat barat\train\images\MartaNegara_20260315_092304_jpg.rf.e4fff02942dee19e516b355313da44c1.jpg,ok,880,880
train_bubat_barat,C:\Users\hanif\Downloads\capstone-agung\capstone-agung\data bubat barat\train\images\MartaNegara_20260315_092443_jpg.rf.f655af48a1e2de479733ac5f0b29eaa9.jpg,ok,880,880
train_bubat_barat,C:\Users\hanif\Downloads\capstone-agung\capstone-agung\data bubat barat\train\images\MartaNegara_20260315_092611_jpg.rf.e87f2ffd3b735864903f35d46c7ea36b.jpg,ok,880,880
train_bubat_barat,C:\Users\hanif\Downloads\capstone-agung\capstone-agung\data bubat barat\train\images\MartaNegara_20260315_092743_jpg.rf.21352a604d79cfdd631021a188b278e7.jpg,ok,880,880
train_bubat_barat,C:\Users\hanif\Downloads\capstone-agung\capstone-agung\data bubat barat\train\images\MartaNegara_20260315_092919_jpg.rf.4a600887a798264580382a1de370e319.jpg,ok,880,880
train_bubat_barat,C:\Users\hanif\Downloads\capstone-agung\capstone-agung\data bubat barat\train\images\MartaNegara_20260315_093057_jpg.rf.a82d83c539e491c0cbb689ea98ad903f.jpg,ok,880,880
train_bubat_barat,C:\Users\hanif\Downloads\capstone-agung\capstone-agung\data bubat barat\train\images\MartaNegara_20260315_093540_jpg.rf.f487becc3f9a308c38c8a76f91dcf2a9.jpg,ok,880,880
train_bubat_barat,C:\Users\hanif\Downloads\capstone-agung\capstone-agung\data bubat barat\train\images\MartaNegara_20260315_093707_jpg.rf.f688d0688cdfbaf1518c211a7ce9e42a.jpg,ok,880,880
train_bubat_barat,C:\Users\hanif\Downloads\capstone-agung\capstone-agung\data bubat barat\train\images\MartaNegara_20260315_093840_jpg.rf.e1c5bed99dd28041ed176dc39ec987b9.jpg,ok,880,880
train_bubat_barat,C:\Users\hanif\Downloads\capstone-agung\capstone-agung\data bubat barat\train\images\MartaNegara_20260315_094018_jpg.rf.2ea247aa577324efdf341e3f72b465e4.jpg,ok,880,880
train_bubat_barat,C:\Users\hanif\Downloads\capstone-agung\capstone-agung\data bubat barat\train\images\MartaNegara_20260315_094157_jpg.rf.264a2a57bb0a223b4ac4bb7a54cc0d26.jpg,ok,880,880
train_bubat_barat,C:\Users\hanif\Downloads\capstone-agung\capstone-agung\data bubat barat\train\images\MartaNegara_20260315_094335_jpg.rf.9b8d2a74cc69a558656b318cd34ae638.jpg,ok,880,880
train_bubat_barat,C:\Users\hanif\Downloads\capstone-agung\capstone-agung\data bubat barat\train\images\MartaNegara_20260315_094819_jpg.rf.c1ce6b19a8a589cbcdb01d78ea479e74.jpg,ok,880,880
train_bubat_barat,C:\Users\hanif\Downloads\capstone-agung\capstone-agung\data bubat barat\train\images\MartaNegara_20260315_095130_jpg.rf.68718cd6bdf1fc4ae4a19a46796a1b82.jpg,ok,880,880
train_bubat_barat,C:\Users\hanif\Downloads\capstone-agung\capstone-agung\data bubat barat\train\images\MartaNegara_20260315_095437_jpg.rf.215a15e2a470f0b9f411d8edd0fa5dcf.jpg,ok,880,880
train_bubat_barat,C:\Users\hanif\Downloads\capstone-agung\capstone-agung\data bubat barat\train\images\MartaNegara_20260315_183228_jpg.rf.1579305b416e2f151fd904b073cee493.jpg,ok,880,880
train_bubat_barat,C:\Users\hanif\Downloads\capstone-agung\capstone-agung\data bubat barat\train\images\MartaNegara_20260315_183426_jpg.rf.1213d2f567535ffa6693d79eb2d793b0.jpg,ok,880,880
train_bubat_barat,C:\Users\hanif\Downloads\capstone-agung\capstone-agung\data bubat barat\train\images\MartaNegara_20260315_183625_jpg.rf.0d8e1cd28af3a94d3814cdf58982b932.jpg,ok,880,880
train_bubat_barat,C:\Users\hanif\Downloads\capstone-agung\capstone-agung\data bubat barat\train\images\MartaNegara_20260315_184023_jpg.rf.af506ae317a4084f4bfceac340442582.jpg,ok,880,880
train_bubat_barat,C:\Users\hanif\Downloads\capstone-agung\capstone-agung\data bubat barat\train\images\MartaNegara_20260315_184220_jpg.rf.574801d2043472d241651859f73edf8a.jpg,ok,880,880
train_bubat_barat,C:\Users\hanif\Downloads\capstone-agung\capstone-agung\data bubat barat\train\images\MartaNegara_20260315_184615_jpg.rf.b0bc2c939097fd6390a0a1ca1e73fb48.jpg,ok,880,880
train_bubat_barat,C:\Users\hanif\Downloads\capstone-agung\capstone-agung\data bubat barat\train\images\MartaNegara_20260315_185009_jpg.rf.b03245cf5e218b3f924710adffb11067.jpg,ok,880,880
train_bubat_barat,C:\Users\hanif\Downloads\capstone-agung\capstone-agung\data bubat barat\train\images\MartaNegara_20260315_185206_jpg.rf.0f2a9a0470038d0d87f22fcc6d033062.jpg,ok,880,880
train_bubat_barat,C:\Users\hanif\Downloads\capstone-agung\capstone-agung\data bubat barat\train\images\MartaNegara_20260315_185404_jpg.rf.6ba5a236d034d4fbb81af1ddba3c1e04.jpg,ok,880,880
train_bubat_barat,C:\Users\hanif\Downloads\capstone-agung\capstone-agung\data bubat barat\train\images\MartaNegara_20260315_185603_jpg.rf.67c1548e3d7dbf15941113f5790900d1.jpg,ok,880,880
train_bubat_barat,C:\Users\hanif\Downloads\capstone-agung\capstone-agung\data bubat barat\train\images\MartaNegara_20260315_185959_jpg.rf.da711df063e666012d717e589e92de73.jpg,ok,880,880
train_bubat_barat,C:\Users\hanif\Downloads\capstone-agung\capstone-agung\data bubat barat\train\images\MartaNegara_20260315_190153_jpg.rf.c9545274157de1145a211905052a7c82.jpg,ok,880,880
train_bubat_barat,C:\Users\hanif\Downloads\capstone-agung\capstone-agung\data bubat barat\train\images\MartaNegara_20260315_190350_jpg.rf.53553e9eb732edc11df51c8a2fce8238.jpg,ok,880,880
train_bubat_barat,C:\Users\hanif\Downloads\capstone-agung\capstone-agung\data bubat barat\train\images\MartaNegara_20260315_190747_jpg.rf.1f16d6daf553ce3530d196c005693517.jpg,ok,880,880
train_bubat_barat,C:\Users\hanif\Downloads\capstone-agung\capstone-agung\data bubat barat\train\images\MartaNegara_20260315_190944_jpg.rf.1ab2f1c33d2ce7a827f64da4ea5f7151.jpg,ok,880,880
train_bubat_barat,C:\Users\hanif\Downloads\capstone-agung\capstone-agung\data bubat barat\train\images\MartaNegara_20260315_191142_jpg.rf.9e6a1e0110d70889a804f22be93d9df8.jpg,ok,880,880
train_bubat_barat,C:\Users\hanif\Downloads\capstone-agung\capstone-agung\data bubat barat\train\images\MartaNegara_20260315_192725_jpg.rf.68299ecbbe8d2652354c7ebb4f0ee19b.jpg,ok,880,880
train_bubat_barat,C:\Users\hanif\Downloads\capstone-agung\capstone-agung\data bubat barat\train\images\MartaNegara_20260315_192921_jpg.rf.bf0bbdbb9963c4821bea7cce15e0447b.jpg,ok,880,880
train_bubat_barat,C:\Users\hanif\Downloads\capstone-agung\capstone-agung\data bubat barat\train\images\MartaNegara_20260315_193119_jpg.rf.75fe90162f06ceede8b382061e6f30ff.jpg,ok,880,880
train_bubat_barat,C:\Users\hanif\Downloads\capstone-agung\capstone-agung\data bubat barat\train\images\MartaNegara_20260315_193319_jpg.rf.763095750b632a4a6420e3eedcefd02d.jpg,ok,880,880
train_bubat_barat,C:\Users\hanif\Downloads\capstone-agung\capstone-agung\data bubat barat\train\images\MartaNegara_20260315_193514_jpg.rf.fc873e70838927bd45cee4a36ffeebe6.jpg,ok,880,880
train_bubat_barat,C:\Users\hanif\Downloads\capstone-agung\capstone-agung\data bubat barat\train\images\MartaNegara_20260315_193711_jpg.rf.f9cf6856dde184add08ce611a7e66d73.jpg,ok,880,880
train_bubat_barat,C:\Users\hanif\Downloads\capstone-agung\capstone-agung\data bubat barat\train\images\MartaNegara_20260315_193917_jpg.rf.fcc227837aa4214c10ae50c944557a1b.jpg,ok,880,880
train_bubat_barat,C:\Users\hanif\Downloads\capstone-agung\capstone-agung\data bubat barat\train\images\MartaNegara_20260315_194127_jpg.rf.5814a16feda1ae9b5b85c1cd5b6c1127.jpg,ok,880,880
train_bubat_barat,C:\Users\hanif\Downloads\capstone-agung\capstone-agung\data bubat barat\train\images\MartaNegara_20260315_194335_jpg.rf.5c2f9e24674987b7ea4664dbd3e62107.jpg,ok,880,880
train_bubat_barat,C:\Users\hanif\Downloads\capstone-agung\capstone-agung\data bubat barat\train\images\MartaNegara_20260315_194543_jpg.rf.9e2549d6fc7173e47f20c87d09be0e90.jpg,ok,880,880
train_bubat_barat,C:\Users\hanif\Downloads\capstone-agung\capstone-agung\data bubat barat\train\images\MartaNegara_20260315_194749_jpg.rf.940900006872876cc56cbc70e6589b6c.jpg,ok,880,880
train_bubat_barat,C:\Users\hanif\Downloads\capstone-agung\capstone-agung\data bubat barat\train\images\MartaNegara_20260315_195410_jpg.rf.92af4a973fd7c748c55fd521496c460c.jpg,ok,880,880
train_bubat_barat,C:\Users\hanif\Downloads\capstone-agung\capstone-agung\data bubat barat\train\images\MartaNegara_20260315_195825_jpg.rf.8c24aeebd2c93111d25b59b8e028c253.jpg,ok,880,880
train_bubat_barat,C:\Users\hanif\Downloads\capstone-agung\capstone-agung\data bubat barat\train\images\MartaNegara_20260315_200033_jpg.rf.7b0c55e298d693541ef11ee2c35a946b.jpg,ok,880,880
train_bubat_barat,C:\Users\hanif\Downloads\capstone-agung\capstone-agung\data bubat barat\train\images\MartaNegara_20260315_200237_jpg.rf.87224d7c1f9f0084fb7f93d75e8040d8.jpg,ok,880,880
train_bubat_barat,C:\Users\hanif\Downloads\capstone-agung\capstone-agung\data bubat barat\train\images\MartaNegara_20260315_200639_jpg.rf.0c7522fd8da4af4cac9663b34ec2d64c.jpg,ok,880,880
train_bubat_barat,C:\Users\hanif\Downloads\capstone-agung\capstone-agung\data bubat barat\train\images\MartaNegara_20260315_201047_jpg.rf.f6aa7508d53ce55c6c704fe04e458da3.jpg,ok,880,880
train_bubat_barat,C:\Users\hanif\Downloads\capstone-agung\capstone-agung\data bubat barat\train\images\MartaNegara_20260315_201452_jpg.rf.5025de6ffe28d4f1db894339dcc61766.jpg,ok,880,880
train_bubat_barat,C:\Users\hanif\Downloads\capstone-agung\capstone-agung\data bubat barat\train\images\MartaNegara_20260315_201651_jpg.rf.ba9d7359d7d70879f9521af1fbf6fc99.jpg,ok,880,880
train_bubat_barat,C:\Users\hanif\Downloads\capstone-agung\capstone-agung\data bubat barat\train\images\MartaNegara_20260315_202059_jpg.rf.60b781cf687e32fdd017e395fb693229.jpg,ok,880,880
train_bubat_barat,C:\Users\hanif\Downloads\capstone-agung\capstone-agung\data bubat barat\train\images\MartaNegara_20260315_202302_jpg.rf.a8e3bcd8705c90e5db57ced5c6f13cf2.jpg,ok,880,880
train_bubat_barat,C:\Users\hanif\Downloads\capstone-agung\capstone-agung\data bubat barat\train\images\MartaNegara_20260315_202504_jpg.rf.3ace861aaa5eb9a09aa21449976a4262.jpg,ok,880,880
train_bubat_barat,C:\Users\hanif\Downloads\capstone-agung\capstone-agung\data bubat barat\train\images\MartaNegara_20260315_203313_jpg.rf.cc133c88ca3117d6effe1d31855033dd.jpg,ok,880,880
train_bubat_barat,C:\Users\hanif\Downloads\capstone-agung\capstone-agung\data bubat barat\train\images\MartaNegara_20260315_203921_jpg.rf.aa9aef58ba907a9f5421e9cc2650e068.jpg,ok,880,880
train_bubat_barat,C:\Users\hanif\Downloads\capstone-agung\capstone-agung\data bubat barat\train\images\MartaNegara_20260315_204533_jpg.rf.97a5535364066654916a8b03cbb23797.jpg,ok,880,880
train_bubat_barat,C:\Users\hanif\Downloads\capstone-agung\capstone-agung\data bubat barat\train\images\MartaNegara_20260315_204737_jpg.rf.71c69e80f32557bc6c39db1dddd98a44.jpg,ok,880,880
train_bubat_barat,C:\Users\hanif\Downloads\capstone-agung\capstone-agung\data bubat barat\train\images\MartaNegara_20260315_204940_jpg.rf.bdb7cf82c2c90ac6a9516e30edf5b6d0.jpg,ok,880,880
train_bubat_barat,C:\Users\hanif\Downloads\capstone-agung\capstone-agung\data bubat barat\train\images\MartaNegara_20260318_061857_jpg.rf.e8ee6ae5eb37afb295c7bfdf186e071e.jpg,ok,880,880
train_bubat_barat,C:\Users\hanif\Downloads\capstone-agung\capstone-agung\data bubat barat\train\images\MartaNegara_20260318_062103_jpg.rf.81027b3a98b1f035794c8ed85e50468c.jpg,ok,880,880
train_bubat_barat,C:\Users\hanif\Downloads\capstone-agung\capstone-agung\data bubat barat\train\images\MartaNegara_20260318_062308_jpg.rf.55ec569e39fa8f7e12767ef7147513ae.jpg,ok,880,880
train_bubat_barat,C:\Users\hanif\Downloads\capstone-agung\capstone-agung\data bubat barat\train\images\MartaNegara_20260318_062656_jpg.rf.908843246e9be93648f696929b105841.jpg,ok,880,880
train_bubat_barat,C:\Users\hanif\Downloads\capstone-agung\capstone-agung\data bubat barat\train\images\MartaNegara_20260318_063100_jpg.rf.09f3ef3e8cf222b94bf82b7770523e00.jpg,ok,880,880
train_bubat_barat,C:\Users\hanif\Downloads\capstone-agung\capstone-agung\data bubat barat\train\images\MartaNegara_20260318_063307_jpg.rf.d1e9a2df18ac2bc560db542aa2eb5777.jpg,ok,880,880
train_bubat_barat,C:\Users\hanif\Downloads\capstone-agung\capstone-agung\data bubat barat\train\images\MartaNegara_20260318_063456_jpg.rf.8a904fc00d8fcacdeaac2d00882bc27d.jpg,ok,880,880
train_bubat_barat,C:\Users\hanif\Downloads\capstone-agung\capstone-agung\data bubat barat\train\images\MartaNegara_20260318_063659_jpg.rf.1c5f8be5d3316b5b8898f3b5cf3864ae.jpg,ok,880,880
train_bubat_barat,C:\Users\hanif\Downloads\capstone-agung\capstone-agung\data bubat barat\train\images\MartaNegara_20260318_063854_jpg.rf.1b44f796e2416e9bad66f8c69d8fd5e9.jpg,ok,880,880
train_bubat_barat,C:\Users\hanif\Downloads\capstone-agung\capstone-agung\data bubat barat\train\images\MartaNegara_20260318_064238_jpg.rf.d09ebd84b7d3acf0815bce25bbd7689d.jpg,ok,880,880
train_bubat_barat,C:\Users\hanif\Downloads\capstone-agung\capstone-agung\data bubat barat\train\images\MartaNegara_20260318_064635_jpg.rf.a901246f0429d5a310a08005983ca1b1.jpg,ok,880,880
train_bubat_barat,C:\Users\hanif\Downloads\capstone-agung\capstone-agung\data bubat barat\train\images\MartaNegara_20260318_065036_jpg.rf.a44470ece8e2a27989dc1356d586d2f1.jpg,ok,880,880
train_bubat_barat,C:\Users\hanif\Downloads\capstone-agung\capstone-agung\data bubat barat\train\images\MartaNegara_20260318_065224_jpg.rf.3f80519f5a40a09a9d12cc93b214899f.jpg,ok,880,880
train_bubat_barat,C:\Users\hanif\Downloads\capstone-agung\capstone-agung\data bubat barat\train\images\MartaNegara_20260318_065426_jpg.rf.b2c0f28f7bc0fba00e97d7fd116610fa.jpg,ok,880,880
train_bubat_barat,C:\Users\hanif\Downloads\capstone-agung\capstone-agung\data bubat barat\train\images\MartaNegara_20260318_065631_jpg.rf.29bf5bd914bd4cbcec8aaef2d7c31897.jpg,ok,880,880
train_bubat_barat,C:\Users\hanif\Downloads\capstone-agung\capstone-agung\data bubat barat\train\images\MartaNegara_20260318_065833_jpg.rf.1050e0e8896337dd7fd266116a856a2d.jpg,ok,880,880
train_bubat_barat,C:\Users\hanif\Downloads\capstone-agung\capstone-agung\data bubat barat\train\images\MartaNegara_20260318_070422_jpg.rf.6500bb8ff38b3eee6ebb73c8499ec2cb.jpg,ok,880,880
train_bubat_barat,C:\Users\hanif\Downloads\capstone-agung\capstone-agung\data bubat barat\train\images\MartaNegara_20260318_070616_jpg.rf.5dad26243c2cf2590d20f7454773eddf.jpg,ok,880,880
train_bubat_barat,C:\Users\hanif\Downloads\capstone-agung\capstone-agung\data bubat barat\train\images\MartaNegara_20260318_070814_jpg.rf.95a135d76041d5ee7bce52e9e275687a.jpg,ok,880,880
train_bubat_barat,C:\Users\hanif\Downloads\capstone-agung\capstone-agung\data bubat barat\train\images\MartaNegara_20260318_071018_jpg.rf.c96a2f17a2fabe0dcabfb00d5a6f08b5.jpg,ok,880,880
train_bubat_barat,C:\Users\hanif\Downloads\capstone-agung\capstone-agung\data bubat barat\train\images\MartaNegara_20260318_071218_jpg.rf.f6efc31f72ecc4e635bc9540fd4b7896.jpg,ok,880,880
train_bubat_barat,C:\Users\hanif\Downloads\capstone-agung\capstone-agung\data bubat barat\train\images\MartaNegara_20260318_071416_jpg.rf.0d9e611e8674df7ebdb980b3fb78ec25.jpg,ok,880,880
train_bubat_barat,C:\Users\hanif\Downloads\capstone-agung\capstone-agung\data bubat barat\train\images\MartaNegara_20260318_071610_jpg.rf.e96742ef040765158d3a413bdde7082b.jpg,ok,880,880
train_bubat_barat,C:\Users\hanif\Downloads\capstone-agung\capstone-agung\data bubat barat\train\images\MartaNegara_20260318_071758_jpg.rf.ac4ba41ed5c7942f560f428ffd378e27.jpg,ok,880,880
train_bubat_barat,C:\Users\hanif\Downloads\capstone-agung\capstone-agung\data bubat barat\train\images\MartaNegara_20260318_071956_jpg.rf.350d38376142aa219acfe565da6a9635.jpg,ok,880,880
train_bubat_barat,C:\Users\hanif\Downloads\capstone-agung\capstone-agung\data bubat barat\train\images\MartaNegara_20260318_072152_jpg.rf.ae560786a2002359ba4d040f23b8376c.jpg,ok,880,880
train_bubat_barat,C:\Users\hanif\Downloads\capstone-agung\capstone-agung\data bubat barat\train\images\MartaNegara_20260318_072344_jpg.rf.85b927a1d6148e67bf0fdb7ea7677dc1.jpg,ok,880,880
train_bubat_barat,C:\Users\hanif\Downloads\capstone-agung\capstone-agung\data bubat barat\train\images\MartaNegara_20260318_072538_jpg.rf.036dcb38dec9f4ddffe06f7b1365e6dd.jpg,ok,880,880
train_bubat_barat,C:\Users\hanif\Downloads\capstone-agung\capstone-agung\data bubat barat\train\images\MartaNegara_20260318_072726_jpg.rf.cb9143572be3596abf1a2e2e30463810.jpg,ok,880,880
train_bubat_barat,C:\Users\hanif\Downloads\capstone-agung\capstone-agung\data bubat barat\train\images\MartaNegara_20260318_073337_jpg.rf.1c6c861c7d88acc33e3242a2f5399c27.jpg,ok,880,880
train_bubat_barat,C:\Users\hanif\Downloads\capstone-agung\capstone-agung\data bubat barat\train\images\MartaNegara_20260318_073725_jpg.rf.616ffec25b6b10831637993a6511f6fd.jpg,ok,880,880
train_bubat_barat,C:\Users\hanif\Downloads\capstone-agung\capstone-agung\data bubat barat\train\images\MartaNegara_20260318_073914_jpg.rf.7802e9cbf8588471087e5dcae784e398.jpg,ok,880,880
train_bubat_barat,C:\Users\hanif\Downloads\capstone-agung\capstone-agung\data bubat barat\train\images\MartaNegara_20260318_074107_jpg.rf.ecace5c853adedab565bbf7b7bf1b887.jpg,ok,880,880
train_bubat_barat,C:\Users\hanif\Downloads\capstone-agung\capstone-agung\data bubat barat\train\images\MartaNegara_20260318_074304_jpg.rf.22cfa01940a138f9a201bf91ad7c00fd.jpg,ok,880,880
train_bubat_barat,C:\Users\hanif\Downloads\capstone-agung\capstone-agung\data bubat barat\train\images\MartaNegara_20260318_074452_jpg.rf.b5bad8be1bc875861272017e2680e7f0.jpg,ok,880,880
train_bubat_barat,C:\Users\hanif\Downloads\capstone-agung\capstone-agung\data bubat barat\train\images\MartaNegara_20260318_074654_jpg.rf.4e6b7f21e7d6ec16cf05c487882ebddb.jpg,ok,880,880
train_bubat_barat,C:\Users\hanif\Downloads\capstone-agung\capstone-agung\data bubat barat\train\images\MartaNegara_20260318_074848_jpg.rf.8eb064cf8d5097854b956dab50c9bff9.jpg,ok,880,880
train_bubat_barat,C:\Users\hanif\Downloads\capstone-agung\capstone-agung\data bubat barat\train\images\MartaNegara_20260318_075048_jpg.rf.2b38e29f54270590fd2575f0a04b2730.jpg,ok,880,880
train_bubat_barat,C:\Users\hanif\Downloads\capstone-agung\capstone-agung\data bubat barat\train\images\MartaNegara_20260318_075619_jpg.rf.c6725fbefea0c9cf09455f12b6c0b2b6.jpg,ok,880,880
train_bubat_barat,C:\Users\hanif\Downloads\capstone-agung\capstone-agung\data bubat barat\train\images\MartaNegara_20260318_080342_jpg.rf.08a4bdff9b79b4ab579a47db3a1eec5c.jpg,ok,880,880
train_bubat_barat,C:\Users\hanif\Downloads\capstone-agung\capstone-agung\data bubat barat\train\images\MartaNegara_20260318_080728_jpg.rf.e480ad09bfe183353842301938297c38.jpg,ok,880,880
train_bubat_barat,C:\Users\hanif\Downloads\capstone-agung\capstone-agung\data bubat barat\train\images\MartaNegara_20260318_080921_jpg.rf.9d590582390edf57670895457b71a5f2.jpg,ok,880,880
train_bubat_barat,C:\Users\hanif\Downloads\capstone-agung\capstone-agung\data bubat barat\train\images\MartaNegara_20260318_081500_jpg.rf.a467d5db116ffd44be76f56b5f915d58.jpg,ok,880,880
train_bubat_barat,C:\Users\hanif\Downloads\capstone-agung\capstone-agung\data bubat barat\train\images\MartaNegara_20260318_081648_jpg.rf.25ea9ec4d89cc71712c325f884204387.jpg,ok,880,880
train_bubat_barat,C:\Users\hanif\Downloads\capstone-agung\capstone-agung\data bubat barat\train\images\MartaNegara_20260318_081840_jpg.rf.6cce59c4019552771f956771964848ee.jpg,ok,880,880
train_bubat_barat,C:\Users\hanif\Downloads\capstone-agung\capstone-agung\data bubat barat\train\images\MartaNegara_20260318_082036_jpg.rf.cb937901cf860c3b13ba153d727f4840.jpg,ok,880,880
train_bubat_barat,C:\Users\hanif\Downloads\capstone-agung\capstone-agung\data bubat barat\train\images\MartaNegara_20260318_082240_jpg.rf.fb75a177a69551f46372ead7e2a4b6fa.jpg,ok,880,880
train_bubat_barat,C:\Users\hanif\Downloads\capstone-agung\capstone-agung\data bubat barat\train\images\MartaNegara_20260318_082828_jpg.rf.90d30bfef2b8f8276f12fc9df54adddc.jpg,ok,880,880
train_bubat_barat,C:\Users\hanif\Downloads\capstone-agung\capstone-agung\data bubat barat\train\images\MartaNegara_20260318_083408_jpg.rf.ad77fd1fd0a8438a6220120d34f936ea.jpg,ok,880,880
train_bubat_barat,C:\Users\hanif\Downloads\capstone-agung\capstone-agung\data bubat barat\train\images\MartaNegara_20260318_083604_jpg.rf.92057380a850cbcdc865b29825b3a94f.jpg,ok,880,880
train_bubat_barat,C:\Users\hanif\Downloads\capstone-agung\capstone-agung\data bubat barat\train\images\MartaNegara_20260318_083802_jpg.rf.783edb61bfb80438f0779a8111744b8b.jpg,ok,880,880
train_bubat_barat,C:\Users\hanif\Downloads\capstone-agung\capstone-agung\data bubat barat\train\images\MartaNegara_20260318_083950_jpg.rf.025e6c195bf711d22e84c2d139bcad6e.jpg,ok,880,880
train_bubat_barat,C:\Users\hanif\Downloads\capstone-agung\capstone-agung\data bubat barat\train\images\MartaNegara_20260318_084142_jpg.rf.eed10d131f520574529fbfc77a6d06b7.jpg,ok,880,880
train_bubat_barat,C:\Users\hanif\Downloads\capstone-agung\capstone-agung\data bubat barat\train\images\MartaNegara_20260318_084544_jpg.rf.0b62a7686e523cc37c79306aa684e549.jpg,ok,880,880
train_bubat_barat,C:\Users\hanif\Downloads\capstone-agung\capstone-agung\data bubat barat\train\images\MartaNegara_20260318_084938_jpg.rf.1360b6bb648aac634529ed8bf14a60ef.jpg,ok,880,880
train_bubat_barat,C:\Users\hanif\Downloads\capstone-agung\capstone-agung\data bubat barat\train\images\MartaNegara_20260318_085130_jpg.rf.f8333e940db93bbac2ec803fec8fce41.jpg,ok,880,880
train_bubat_barat,C:\Users\hanif\Downloads\capstone-agung\capstone-agung\data bubat barat\train\images\MartaNegara_20260318_085326_jpg.rf.3cb9675caf2eeb475cb57d703820c852.jpg,ok,880,880
train_bubat_barat,C:\Users\hanif\Downloads\capstone-agung\capstone-agung\data bubat barat\train\images\MartaNegara_20260318_085518_jpg.rf.0a8e0baaa6d5ef64da87279f43fbecba.jpg,ok,880,880
train_bubat_barat,C:\Users\hanif\Downloads\capstone-agung\capstone-agung\data bubat barat\train\images\MartaNegara_20260318_085710_jpg.rf.18a5f9e1050d6cf94b5674b9ac40d368.jpg,ok,880,880
train_bubat_barat,C:\Users\hanif\Downloads\capstone-agung\capstone-agung\data bubat barat\train\images\MartaNegara_20260318_085913_jpg.rf.852b9639c8cdf8e5255b6fa15e076ae8.jpg,ok,880,880
train_bubat_barat,C:\Users\hanif\Downloads\capstone-agung\capstone-agung\data bubat barat\train\images\MartaNegara_20260318_090110_jpg.rf.ab85883632ddbc75a0c908d2837cda5f.jpg,ok,880,880
train_bubat_barat,C:\Users\hanif\Downloads\capstone-agung\capstone-agung\data bubat barat\train\images\MartaNegara_20260318_090315_jpg.rf.567094b139e247aae369abbb3bae0935.jpg,ok,880,880
train_bubat_barat,C:\Users\hanif\Downloads\capstone-agung\capstone-agung\data bubat barat\train\images\MartaNegara_20260318_090654_jpg.rf.86c9cf07a6aa90cd7646a4ee879f8fb7.jpg,ok,880,880
train_bubat_barat,C:\Users\hanif\Downloads\capstone-agung\capstone-agung\data bubat barat\train\images\MartaNegara_20260318_090842_jpg.rf.f0d17cd2b232e993ccb2e995a3565266.jpg,ok,880,880
train_bubat_barat,C:\Users\hanif\Downloads\capstone-agung\capstone-agung\data bubat barat\train\images\MartaNegara_20260318_091044_jpg.rf.ba395443730229149d0b64d2c835f907.jpg,ok,880,880
train_bubat_barat,C:\Users\hanif\Downloads\capstone-agung\capstone-agung\data bubat barat\train\images\MartaNegara_20260318_091232_jpg.rf.643e41c36cec432e15e71343e56dc369.jpg,ok,880,880
train_bubat_barat,C:\Users\hanif\Downloads\capstone-agung\capstone-agung\data bubat barat\train\images\MartaNegara_20260318_091420_jpg.rf.5d3f6daec72dba02191152e323ae8a5b.jpg,ok,880,880
train_bubat_barat,C:\Users\hanif\Downloads\capstone-agung\capstone-agung\data bubat barat\train\images\MartaNegara_20260318_091608_jpg.rf.34df61167968c08d767452d838ca344f.jpg,ok,880,880
train_bubat_barat,C:\Users\hanif\Downloads\capstone-agung\capstone-agung\data bubat barat\train\images\Sp-buah-batu_20260315_074647_jpg.rf.9506e20b305100a54981d3828067cb1f.jpg,ok,880,880
train_bubat_barat,C:\Users\hanif\Downloads\capstone-agung\capstone-agung\data bubat barat\train\images\Sp_BuahBatu_20260315_074815_jpg.rf.683e13c1e009b8f8dea40639e869c01c.jpg,ok,880,880
train_bubat_barat,C:\Users\hanif\Downloads\capstone-agung\capstone-agung\data bubat barat\train\images\Sp_BuahBatu_20260315_074957_jpg.rf.20b1af1fc942e721a968f59cea601c88.jpg,ok,880,880
train_bubat_barat,C:\Users\hanif\Downloads\capstone-agung\capstone-agung\data bubat barat\train\images\Sp_BuahBatu_20260315_075134_jpg.rf.ba93eb21b796289ba13f703120244175.jpg,ok,880,880
train_bubat_barat,C:\Users\hanif\Downloads\capstone-agung\capstone-agung\data bubat barat\train\images\Sp_BuahBatu_20260315_075309_jpg.rf.7cbbe7cb3b4d035799966b7dfdb0cffe.jpg,ok,880,880
train_bubat_barat,C:\Users\hanif\Downloads\capstone-agung\capstone-agung\data bubat barat\train\images\Sp_BuahBatu_20260315_075442_jpg.rf.d6b134de859fc3a9a3c288be69a4bc34.jpg,ok,880,880
train_bubat_barat,C:\Users\hanif\Downloads\capstone-agung\capstone-agung\data bubat barat\train\images\Sp_BuahBatu_20260315_075614_jpg.rf.993842454009bf4db79aa24248d6eefa.jpg,ok,880,880
train_bubat_barat,C:\Users\hanif\Downloads\capstone-agung\capstone-agung\data bubat barat\train\images\Sp_BuahBatu_20260315_075743_jpg.rf.48cf5adb84d70795e75e540f11ee0459.jpg,ok,880,880
train_bubat_barat,C:\Users\hanif\Downloads\capstone-agung\capstone-agung\data bubat barat\train\images\Sp_BuahBatu_20260315_075922_jpg.rf.e1fa3a1fb73974b9014a098d7bf0e66a.jpg,ok,880,880
train_bubat_barat,C:\Users\hanif\Downloads\capstone-agung\capstone-agung\data bubat barat\train\images\Sp_BuahBatu_20260315_080104_jpg.rf.63a6514ba9c8bdd0260fb80ead4f153f.jpg,ok,880,880
train_bubat_barat,C:\Users\hanif\Downloads\capstone-agung\capstone-agung\data bubat barat\train\images\Sp_BuahBatu_20260315_080236_jpg.rf.3bedf594a5a5e917d4dadc248627bffc.jpg,ok,880,880
train_bubat_barat,C:\Users\hanif\Downloads\capstone-agung\capstone-agung\data bubat barat\train\images\Sp_BuahBatu_20260315_080541_jpg.rf.10fd96a2577804ca44568ab709be5982.jpg,ok,880,880
train_bubat_barat,C:\Users\hanif\Downloads\capstone-agung\capstone-agung\data bubat barat\train\images\Sp_BuahBatu_20260315_081041_jpg.rf.e3b20d642b61ead29546b434f8618948.jpg,ok,880,880
train_bubat_barat,C:\Users\hanif\Downloads\capstone-agung\capstone-agung\data bubat barat\train\images\Sp_BuahBatu_20260315_081219_jpg.rf.0d68c0caa7ed4045619a8837badff706.jpg,ok,880,880
train_bubat_barat,C:\Users\hanif\Downloads\capstone-agung\capstone-agung\data bubat barat\train\images\Sp_BuahBatu_20260315_081650_jpg.rf.fe34715a7e323f2f78547aec7d1f02d2.jpg,ok,880,880
train_bubat_barat,C:\Users\hanif\Downloads\capstone-agung\capstone-agung\data bubat barat\train\images\Sp_BuahBatu_20260315_081828_jpg.rf.d8c0f7059550183bee89798c9c3d3f98.jpg,ok,880,880
train_bubat_barat,C:\Users\hanif\Downloads\capstone-agung\capstone-agung\data bubat barat\train\images\Sp_BuahBatu_20260315_082009_jpg.rf.b3f4a8238f007f22b4f4524e1d1acfa3.jpg,ok,880,880
train_bubat_barat,C:\Users\hanif\Downloads\capstone-agung\capstone-agung\data bubat barat\train\images\Sp_BuahBatu_20260315_082151_jpg.rf.62d8a993e369fd01615e2b91b1e2a2f7.jpg,ok,880,880
train_bubat_barat,C:\Users\hanif\Downloads\capstone-agung\capstone-agung\data bubat barat\train\images\Sp_BuahBatu_20260315_082331_jpg.rf.c8d0b7204b8afa83c88ab5e36ff9e02c.jpg,ok,880,880
train_bubat_barat,C:\Users\hanif\Downloads\capstone-agung\capstone-agung\data bubat barat\train\images\Sp_BuahBatu_20260315_082503_jpg.rf.276472289a67a470c4a3ec9e9cf933c1.jpg,ok,880,880
train_bubat_barat,C:\Users\hanif\Downloads\capstone-agung\capstone-agung\data bubat barat\train\images\Sp_BuahBatu_20260315_082636_jpg.rf.4780d5795e402c6c0be12962c8273083.jpg,ok,880,880
train_bubat_barat,C:\Users\hanif\Downloads\capstone-agung\capstone-agung\data bubat barat\train\images\Sp_BuahBatu_20260315_082809_jpg.rf.da29db6641125a18c00518df762ab232.jpg,ok,880,880
train_bubat_barat,C:\Users\hanif\Downloads\capstone-agung\capstone-agung\data bubat barat\train\images\Sp_BuahBatu_20260315_082942_jpg.rf.7350ec8b2c59619314bbd44519614596.jpg,ok,880,880
train_bubat_barat,C:\Users\hanif\Downloads\capstone-agung\capstone-agung\data bubat barat\train\images\Sp_BuahBatu_20260315_083111_jpg.rf.70d1e17aedbdb20eb6a62e0813817b98.jpg,ok,880,880
train_bubat_barat,C:\Users\hanif\Downloads\capstone-agung\capstone-agung\data bubat barat\train\images\Sp_BuahBatu_20260315_083417_jpg.rf.771c9c944397cc730a0065b9a35030b0.jpg,ok,880,880
train_bubat_barat,C:\Users\hanif\Downloads\capstone-agung\capstone-agung\data bubat barat\train\images\Sp_BuahBatu_20260315_083555_jpg.rf.f08eac48630c1de5de000154dc3122f2.jpg,ok,880,880
train_bubat_barat,C:\Users\hanif\Downloads\capstone-agung\capstone-agung\data bubat barat\train\images\Sp_BuahBatu_20260315_083728_jpg.rf.e581c9f58a7a692240f04d940e92961e.jpg,ok,880,880
train_bubat_barat,C:\Users\hanif\Downloads\capstone-agung\capstone-agung\data bubat barat\train\images\Sp_BuahBatu_20260315_084029_jpg.rf.71ab96403974ab922377d09d845096a9.jpg,ok,880,880
train_bubat_barat,C:\Users\hanif\Downloads\capstone-agung\capstone-agung\data bubat barat\train\images\Sp_BuahBatu_20260315_084524_jpg.rf.24e948b33195ed41925b00f3f1bda9cf.jpg,ok,880,880
train_bubat_barat,C:\Users\hanif\Downloads\capstone-agung\capstone-agung\data bubat barat\train\images\Sp_BuahBatu_20260315_084829_jpg.rf.fb1c331c3efeda26ff90195cef06ee0d.jpg,ok,880,880
train_bubat_barat,C:\Users\hanif\Downloads\capstone-agung\capstone-agung\data bubat barat\train\images\Sp_BuahBatu_20260315_085003_jpg.rf.158c367373ddfe951cd4ed825b767ac6.jpg,ok,880,880
train_bubat_barat,C:\Users\hanif\Downloads\capstone-agung\capstone-agung\data bubat barat\train\images\Sp_BuahBatu_20260315_085141_jpg.rf.38ef3029776d5ccb6d7e2ad240bee086.jpg,ok,880,880
train_bubat_barat,C:\Users\hanif\Downloads\capstone-agung\capstone-agung\data bubat barat\train\images\Sp_BuahBatu_20260315_085438_jpg.rf.3d31f2d5ad9645f3d92f4e1414322f21.jpg,ok,880,880
train_bubat_barat,C:\Users\hanif\Downloads\capstone-agung\capstone-agung\data bubat barat\train\images\Sp_BuahBatu_20260315_085612_jpg.rf.5d825cf1e4923297ee7a177f91e09193.jpg,ok,880,880
train_bubat_barat,C:\Users\hanif\Downloads\capstone-agung\capstone-agung\data bubat barat\train\images\Sp_BuahBatu_20260315_085755_jpg.rf.68f62eb1f6011c0308f12f91b75111ce.jpg,ok,880,880
train_bubat_barat,C:\Users\hanif\Downloads\capstone-agung\capstone-agung\data bubat barat\train\images\Sp_BuahBatu_20260315_085931_jpg.rf.857a8999791d335559f498da9b9582b6.jpg,ok,880,880
train_bubat_barat,C:\Users\hanif\Downloads\capstone-agung\capstone-agung\data bubat barat\train\images\Sp_BuahBatu_20260315_090106_jpg.rf.661084ef08a945b3434f20efe147d4a0.jpg,ok,880,880
train_bubat_barat,C:\Users\hanif\Downloads\capstone-agung\capstone-agung\data bubat barat\train\images\Sp_BuahBatu_20260315_090412_jpg.rf.4ce8a251f5f11b8980f05aa0cd9ad236.jpg,ok,880,880
train_bubat_barat,C:\Users\hanif\Downloads\capstone-agung\capstone-agung\data bubat barat\train\images\Sp_BuahBatu_20260315_090539_jpg.rf.defc02a4c7fe13e00894aec65fbc0ed1.jpg,ok,880,880
train_bubat_barat,C:\Users\hanif\Downloads\capstone-agung\capstone-agung\data bubat barat\train\images\Sp_BuahBatu_20260315_090717_jpg.rf.9a57609cee11b37d7fb8cb7901557090.jpg,ok,880,880
train_bubat_barat,C:\Users\hanif\Downloads\capstone-agung\capstone-agung\data bubat barat\train\images\Sp_BuahBatu_20260315_091023_jpg.rf.b43d87d56cf85749da1bd9279022e76d.jpg,ok,880,880
train_bubat_barat,C:\Users\hanif\Downloads\capstone-agung\capstone-agung\data bubat barat\train\images\Sp_BuahBatu_20260315_091202_jpg.rf.876a4292a0491210b7e834121e6b34f5.jpg,ok,880,880
train_bubat_barat,C:\Users\hanif\Downloads\capstone-agung\capstone-agung\data bubat barat\train\images\Sp_BuahBatu_20260315_091339_jpg.rf.ea98b2f103731e84ab7e4a343c1da3df.jpg,ok,880,880
train_bubat_barat,C:\Users\hanif\Downloads\capstone-agung\capstone-agung\data bubat barat\train\images\Sp_BuahBatu_20260315_091507_jpg.rf.53ee92c3bc626088e60b8b4d549b5c48.jpg,ok,880,880
train_bubat_barat,C:\Users\hanif\Downloads\capstone-agung\capstone-agung\data bubat barat\train\images\Sp_BuahBatu_20260315_091645_jpg.rf.9ae9fa8386d0fcfd7e639ffb8336b805.jpg,ok,880,880
train_bubat_barat,C:\Users\hanif\Downloads\capstone-agung\capstone-agung\data bubat barat\train\images\Sp_BuahBatu_20260315_091819_jpg.rf.2432ece4d15a043e41ec43cab6d01711.jpg,ok,880,880
train_bubat_barat,C:\Users\hanif\Downloads\capstone-agung\capstone-agung\data bubat barat\train\images\Sp_BuahBatu_20260315_092001_jpg.rf.904af658fe15199e0d780dd2fd4804c1.jpg,ok,880,880
train_bubat_barat,C:\Users\hanif\Downloads\capstone-agung\capstone-agung\data bubat barat\train\images\Sp_BuahBatu_20260315_092131_jpg.rf.0be3a5d5b411b853766d40df82f1fd4f.jpg,ok,880,880
train_bubat_barat,C:\Users\hanif\Downloads\capstone-agung\capstone-agung\data bubat barat\train\images\Sp_BuahBatu_20260315_092304_jpg.rf.93592e2cf0e905cdadb9ab42d6b0d2f3.jpg,ok,880,880
train_bubat_barat,C:\Users\hanif\Downloads\capstone-agung\capstone-agung\data bubat barat\train\images\Sp_BuahBatu_20260315_092611_jpg.rf.4351f1eae85f8a577b12098dac374cc1.jpg,ok,880,880
train_bubat_barat,C:\Users\hanif\Downloads\capstone-agung\capstone-agung\data bubat barat\train\images\Sp_BuahBatu_20260315_092743_jpg.rf.e1353f9244cf8bcbbd79c4d5c0a8f35e.jpg,ok,880,880
train_bubat_barat,C:\Users\hanif\Downloads\capstone-agung\capstone-agung\data bubat barat\train\images\Sp_BuahBatu_20260315_092919_jpg.rf.3ceac47de15c4c87cce748338bbcd7f9.jpg,ok,880,880
train_bubat_barat,C:\Users\hanif\Downloads\capstone-agung\capstone-agung\data bubat barat\train\images\Sp_BuahBatu_20260315_093229_jpg.rf.4e4235691216bf7e6f010275976e6a71.jpg,ok,880,880
train_bubat_barat,C:\Users\hanif\Downloads\capstone-agung\capstone-agung\data bubat barat\train\images\Sp_BuahBatu_20260315_093404_jpg.rf.ff105569a3497bbd4ce284c479a1fa9c.jpg,ok,880,880
train_bubat_barat,C:\Users\hanif\Downloads\capstone-agung\capstone-agung\data bubat barat\train\images\Sp_BuahBatu_20260315_093707_jpg.rf.5d8a6de3d0976943a850589ea61e6995.jpg,ok,880,880
train_bubat_barat,C:\Users\hanif\Downloads\capstone-agung\capstone-agung\data bubat barat\train\images\Sp_BuahBatu_20260315_093840_jpg.rf.a8652590b22a5be1ede0bcb8927bdf72.jpg,ok,880,880
train_bubat_barat,C:\Users\hanif\Downloads\capstone-agung\capstone-agung\data bubat barat\train\images\Sp_BuahBatu_20260315_094018_jpg.rf.9170766ea190c3e2f12feb392fa4e7eb.jpg,ok,880,880
train_bubat_barat,C:\Users\hanif\Downloads\capstone-agung\capstone-agung\data bubat barat\train\images\Sp_BuahBatu_20260315_094157_jpg.rf.4c65b6bfabe066329b2c7cbc97936d5d.jpg,ok,880,880
train_bubat_barat,C:\Users\hanif\Downloads\capstone-agung\capstone-agung\data bubat barat\train\images\Sp_BuahBatu_20260315_094335_jpg.rf.1b1f3949ce35212c35c905d02b90e831.jpg,ok,880,880
train_bubat_barat,C:\Users\hanif\Downloads\capstone-agung\capstone-agung\data bubat barat\train\images\Sp_BuahBatu_20260315_094647_jpg.rf.093334723d461ebd5e5e7adf6dca94a7.jpg,ok,880,880
train_bubat_barat,C:\Users\hanif\Downloads\capstone-agung\capstone-agung\data bubat barat\train\images\Sp_BuahBatu_20260315_094819_jpg.rf.867d732796f0ce9bed6524bf13d00e4c.jpg,ok,880,880
train_bubat_barat,C:\Users\hanif\Downloads\capstone-agung\capstone-agung\data bubat barat\train\images\Sp_BuahBatu_20260315_094958_jpg.rf.8ac98bc292d173c2df992960d7896d3b.jpg,ok,880,880
train_bubat_barat,C:\Users\hanif\Downloads\capstone-agung\capstone-agung\data bubat barat\train\images\Sp_BuahBatu_20260315_095302_jpg.rf.52ee804ca4ccd21282ac80825a8dcd56.jpg,ok,880,880
train_bubat_barat,C:\Users\hanif\Downloads\capstone-agung\capstone-agung\data bubat barat\train\images\Sp_BuahBatu_20260315_095437_jpg.rf.a89a8aac7ce8f3a144fee7aa1edf9853.jpg,ok,880,880
train_bubat_barat,C:\Users\hanif\Downloads\capstone-agung\capstone-agung\data bubat barat\train\images\Sp_BuahBatu_20260315_183035_jpg.rf.96145c071213050cab29b8885db8b7b1.jpg,ok,880,880
train_bubat_barat,C:\Users\hanif\Downloads\capstone-agung\capstone-agung\data bubat barat\train\images\Sp_BuahBatu_20260315_183426_jpg.rf.519dd78c0cc1ce1eb468eb2758185a2a.jpg,ok,880,880
train_bubat_barat,C:\Users\hanif\Downloads\capstone-agung\capstone-agung\data bubat barat\train\images\Sp_BuahBatu_20260315_183625_jpg.rf.c223fa3a0b631958bd8a5e5234d73436.jpg,ok,880,880
train_bubat_barat,C:\Users\hanif\Downloads\capstone-agung\capstone-agung\data bubat barat\train\images\Sp_BuahBatu_20260315_183823_jpg.rf.e7f30a0b26bd6ad98c3616ccc20682ca.jpg,ok,880,880
train_bubat_barat,C:\Users\hanif\Downloads\capstone-agung\capstone-agung\data bubat barat\train\images\Sp_BuahBatu_20260315_184023_jpg.rf.278aff3860db859645603628323fec73.jpg,ok,880,880
train_bubat_barat,C:\Users\hanif\Downloads\capstone-agung\capstone-agung\data bubat barat\train\images\Sp_BuahBatu_20260315_184815_jpg.rf.e8fe1687e05a31310c65779ccadfa950.jpg,ok,880,880
train_bubat_barat,C:\Users\hanif\Downloads\capstone-agung\capstone-agung\data bubat barat\train\images\Sp_BuahBatu_20260315_185009_jpg.rf.1f63651cbf59c60cbabaa2aefcfd5791.jpg,ok,880,880
train_bubat_barat,C:\Users\hanif\Downloads\capstone-agung\capstone-agung\data bubat barat\train\images\Sp_BuahBatu_20260315_185404_jpg.rf.c9ae8429dba21b1e708db69995131d2c.jpg,ok,880,880
train_bubat_barat,C:\Users\hanif\Downloads\capstone-agung\capstone-agung\data bubat barat\train\images\Sp_BuahBatu_20260315_185603_jpg.rf.fd9b3052ff406d18c3714f248e6a7e17.jpg,ok,880,880
train_bubat_barat,C:\Users\hanif\Downloads\capstone-agung\capstone-agung\data bubat barat\train\images\Sp_BuahBatu_20260315_185800_jpg.rf.4942b0ef6bda7073985cf3104cacf0c9.jpg,ok,880,880
train_bubat_barat,C:\Users\hanif\Downloads\capstone-agung\capstone-agung\data bubat barat\train\images\Sp_BuahBatu_20260315_185959_jpg.rf.86503092a121ccb3ea4a073b4f169349.jpg,ok,880,880
train_bubat_barat,C:\Users\hanif\Downloads\capstone-agung\capstone-agung\data bubat barat\train\images\Sp_BuahBatu_20260315_190153_jpg.rf.fe2f4f1cf65cea506f44323ce2c2cf8b.jpg,ok,880,880
train_bubat_barat,C:\Users\hanif\Downloads\capstone-agung\capstone-agung\data bubat barat\train\images\Sp_BuahBatu_20260315_190350_jpg.rf.33764beb1e827814ac5798e946908746.jpg,ok,880,880
train_bubat_barat,C:\Users\hanif\Downloads\capstone-agung\capstone-agung\data bubat barat\train\images\Sp_BuahBatu_20260315_190548_jpg.rf.e39a69031fe3ed7622a0a8fee39e8cc0.jpg,ok,880,880
train_bubat_barat,C:\Users\hanif\Downloads\capstone-agung\capstone-agung\data bubat barat\train\images\Sp_BuahBatu_20260315_190944_jpg.rf.f5119b3755a07f1aa9f75f785819d0ff.jpg,ok,880,880
train_bubat_barat,C:\Users\hanif\Downloads\capstone-agung\capstone-agung\data bubat barat\train\images\Sp_BuahBatu_20260315_191142_jpg.rf.e3fa432b44e83b033be3084305b7f796.jpg,ok,880,880
train_bubat_barat,C:\Users\hanif\Downloads\capstone-agung\capstone-agung\data bubat barat\train\images\Sp_BuahBatu_20260315_191517_jpg.rf.7600bd548b8ecd0249cd936c008f5bac.jpg,ok,880,880
train_bubat_barat,C:\Users\hanif\Downloads\capstone-agung\capstone-agung\data bubat barat\train\images\Sp_BuahBatu_20260315_191722_jpg.rf.af73bbdaab44f408a4158975b589cb18.jpg,ok,880,880
train_bubat_barat,C:\Users\hanif\Downloads\capstone-agung\capstone-agung\data bubat barat\train\images\Sp_BuahBatu_20260315_191920_jpg.rf.186e08b10adacaa495f195cf5581a485.jpg,ok,880,880
train_bubat_barat,C:\Users\hanif\Downloads\capstone-agung\capstone-agung\data bubat barat\train\images\Sp_BuahBatu_20260315_192124_jpg.rf.90bbe4215432059d1fc506019ccbddc6.jpg,ok,880,880
train_bubat_barat,C:\Users\hanif\Downloads\capstone-agung\capstone-agung\data bubat barat\train\images\Sp_BuahBatu_20260315_192325_jpg.rf.6213fe397eb7565baa7ddfcb489e946e.jpg,ok,880,880
train_bubat_barat,C:\Users\hanif\Downloads\capstone-agung\capstone-agung\data bubat barat\train\images\Sp_BuahBatu_20260315_192527_jpg.rf.c01b5937ce14626b74e925395e855b48.jpg,ok,880,880
train_bubat_barat,C:\Users\hanif\Downloads\capstone-agung\capstone-agung\data bubat barat\train\images\Sp_BuahBatu_20260315_192725_jpg.rf.8989c3dd999b57330a4164ceff5bc922.jpg,ok,880,880
train_bubat_barat,C:\Users\hanif\Downloads\capstone-agung\capstone-agung\data bubat barat\train\images\Sp_BuahBatu_20260315_192921_jpg.rf.4e56dbde1d7c4c20b9f3c799cf3fc6db.jpg,ok,880,880
train_bubat_barat,C:\Users\hanif\Downloads\capstone-agung\capstone-agung\data bubat barat\train\images\Sp_BuahBatu_20260315_193319_jpg.rf.20fcc2d38431d44448a370b4d662d162.jpg,ok,880,880
train_bubat_barat,C:\Users\hanif\Downloads\capstone-agung\capstone-agung\data bubat barat\train\images\Sp_BuahBatu_20260315_193514_jpg.rf.71702ef286bd8f2543de32ff403e7e63.jpg,ok,880,880
train_bubat_barat,C:\Users\hanif\Downloads\capstone-agung\capstone-agung\data bubat barat\train\images\Sp_BuahBatu_20260315_193711_jpg.rf.7d23d7d0ca2353f8a9978944d7c13e84.jpg,ok,880,880
train_bubat_barat,C:\Users\hanif\Downloads\capstone-agung\capstone-agung\data bubat barat\train\images\Sp_BuahBatu_20260315_193917_jpg.rf.cc6bd7dee835f449135799d4be598913.jpg,ok,880,880
train_bubat_barat,C:\Users\hanif\Downloads\capstone-agung\capstone-agung\data bubat barat\train\images\Sp_BuahBatu_20260315_194335_jpg.rf.1821eb91fa5d948cfe4cbb22f1d90469.jpg,ok,880,880
train_bubat_barat,C:\Users\hanif\Downloads\capstone-agung\capstone-agung\data bubat barat\train\images\Sp_BuahBatu_20260315_194749_jpg.rf.fa9c2f6ad56e5bda24f8a49a3759ba62.jpg,ok,880,880
train_bubat_barat,C:\Users\hanif\Downloads\capstone-agung\capstone-agung\data bubat barat\train\images\Sp_BuahBatu_20260315_195202_jpg.rf.f71ac02fed9c3ce6b2ea12bbd7b53394.jpg,ok,880,880
train_bubat_barat,C:\Users\hanif\Downloads\capstone-agung\capstone-agung\data bubat barat\train\images\Sp_BuahBatu_20260315_195825_jpg.rf.444403e9995e764f2b34aa47dbb523e3.jpg,ok,880,880
train_bubat_barat,C:\Users\hanif\Downloads\capstone-agung\capstone-agung\data bubat barat\train\images\Sp_BuahBatu_20260315_200033_jpg.rf.a6e419283bb4f1bee67b548a7dca8ce3.jpg,ok,880,880
train_bubat_barat,C:\Users\hanif\Downloads\capstone-agung\capstone-agung\data bubat barat\train\images\Sp_BuahBatu_20260315_200237_jpg.rf.15c94cb9202033f7381d0b800850f768.jpg,ok,880,880
train_bubat_barat,C:\Users\hanif\Downloads\capstone-agung\capstone-agung\data bubat barat\train\images\Sp_BuahBatu_20260315_200441_jpg.rf.708aa14108aba9528817930103762a2f.jpg,ok,880,880
train_bubat_barat,C:\Users\hanif\Downloads\capstone-agung\capstone-agung\data bubat barat\train\images\Sp_BuahBatu_20260315_200639_jpg.rf.45a1b9eb9ba8d4035a04b3996045479e.jpg,ok,880,880
train_bubat_barat,C:\Users\hanif\Downloads\capstone-agung\capstone-agung\data bubat barat\train\images\Sp_BuahBatu_20260315_200843_jpg.rf.bfabf08baa9b5fc239ac7b548d1f15ed.jpg,ok,880,880
train_bubat_barat,C:\Users\hanif\Downloads\capstone-agung\capstone-agung\data bubat barat\train\images\Sp_BuahBatu_20260315_201047_jpg.rf.2c4694e07dbac9dd838ad52cc64bcd95.jpg,ok,880,880
train_bubat_barat,C:\Users\hanif\Downloads\capstone-agung\capstone-agung\data bubat barat\train\images\Sp_BuahBatu_20260315_201250_jpg.rf.11eb18cc220b2c4c17e9b4f13cd20fe0.jpg,ok,880,880
train_bubat_barat,C:\Users\hanif\Downloads\capstone-agung\capstone-agung\data bubat barat\train\images\Sp_BuahBatu_20260315_201452_jpg.rf.06cb40bb2457376aee02a2cad84891c8.jpg,ok,880,880
train_bubat_barat,C:\Users\hanif\Downloads\capstone-agung\capstone-agung\data bubat barat\train\images\Sp_BuahBatu_20260315_201855_jpg.rf.a5c267dcd5b8520c0227cfb6aca1365e.jpg,ok,880,880
train_bubat_barat,C:\Users\hanif\Downloads\capstone-agung\capstone-agung\data bubat barat\train\images\Sp_BuahBatu_20260315_202059_jpg.rf.544077c61f22fbe69ee04d1440c03fa8.jpg,ok,880,880
train_bubat_barat,C:\Users\hanif\Downloads\capstone-agung\capstone-agung\data bubat barat\train\images\Sp_BuahBatu_20260315_202504_jpg.rf.3268fc5f3bcb3da0bfb501fe229d0538.jpg,ok,880,880
train_bubat_barat,C:\Users\hanif\Downloads\capstone-agung\capstone-agung\data bubat barat\train\images\Sp_BuahBatu_20260315_202706_jpg.rf.58eb7e5de5dbee3f6fe5b922b8015223.jpg,ok,880,880
train_bubat_barat,C:\Users\hanif\Downloads\capstone-agung\capstone-agung\data bubat barat\train\images\Sp_BuahBatu_20260315_202908_jpg.rf.d61d52b66c2e406a8fee05554deb0bfe.jpg,ok,880,880
train_bubat_barat,C:\Users\hanif\Downloads\capstone-agung\capstone-agung\data bubat barat\train\images\Sp_BuahBatu_20260315_203313_jpg.rf.a44a1a8c5eb92dd09134c767a2e9df7e.jpg,ok,880,880
train_bubat_barat,C:\Users\hanif\Downloads\capstone-agung\capstone-agung\data bubat barat\train\images\Sp_BuahBatu_20260315_203515_jpg.rf.5fe89d0b324b6405337487aa29a7625c.jpg,ok,880,880
train_bubat_barat,C:\Users\hanif\Downloads\capstone-agung\capstone-agung\data bubat barat\train\images\Sp_BuahBatu_20260315_203718_jpg.rf.01bbd693d3d846508451065d8e7b8f11.jpg,ok,880,880
train_bubat_barat,C:\Users\hanif\Downloads\capstone-agung\capstone-agung\data bubat barat\train\images\Sp_BuahBatu_20260315_203921_jpg.rf.f2a35958004cf659dec74cbfb7b3d50e.jpg,ok,880,880
train_bubat_barat,C:\Users\hanif\Downloads\capstone-agung\capstone-agung\data bubat barat\train\images\Sp_BuahBatu_20260315_204329_jpg.rf.b68ddeeaf1e53eed98e348e1fb5e6624.jpg,ok,880,880
train_bubat_barat,C:\Users\hanif\Downloads\capstone-agung\capstone-agung\data bubat barat\train\images\Sp_BuahBatu_20260315_204533_jpg.rf.e1cbfd2d1a27acb07accca6437717594.jpg,ok,880,880
train_bubat_barat,C:\Users\hanif\Downloads\capstone-agung\capstone-agung\data bubat barat\train\images\Sp_BuahBatu_20260315_204737_jpg.rf.0a09efe4ec2cfde434f41823a1d8ca5a.jpg,ok,880,880
train_bubat_barat,C:\Users\hanif\Downloads\capstone-agung\capstone-agung\data bubat barat\train\images\Sp_BuahBatu_20260315_204940_jpg.rf.0edde02a8212657b49044e2f7755344e.jpg,ok,880,880
train_bubat_barat,C:\Users\hanif\Downloads\capstone-agung\capstone-agung\data bubat barat\train\images\Sp_BuahBatu_20260318_061654_jpg.rf.bb8842005c784685e186a6c82cc704e5.jpg,ok,880,880
train_bubat_barat,C:\Users\hanif\Downloads\capstone-agung\capstone-agung\data bubat barat\train\images\Sp_BuahBatu_20260318_062103_jpg.rf.886608126e21ef4965767c60e5f05fa5.jpg,ok,880,880
train_bubat_barat,C:\Users\hanif\Downloads\capstone-agung\capstone-agung\data bubat barat\train\images\Sp_BuahBatu_20260318_062308_jpg.rf.400315c534910fac32c0fbd7415e76ae.jpg,ok,880,880
train_bubat_barat,C:\Users\hanif\Downloads\capstone-agung\capstone-agung\data bubat barat\train\images\Sp_BuahBatu_20260318_062502_jpg.rf.67f18a4b66022ea5bdbafa230565c923.jpg,ok,880,880
train_bubat_barat,C:\Users\hanif\Downloads\capstone-agung\capstone-agung\data bubat barat\train\images\Sp_BuahBatu_20260318_062903_jpg.rf.afdcfc5442c1cbdf864d0975cad4cec7.jpg,ok,880,880
train_bubat_barat,C:\Users\hanif\Downloads\capstone-agung\capstone-agung\data bubat barat\train\images\Sp_BuahBatu_20260318_063307_jpg.rf.0dac4b10e0196753562cf921e6566bc1.jpg,ok,880,880
train_bubat_barat,C:\Users\hanif\Downloads\capstone-agung\capstone-agung\data bubat barat\train\images\Sp_BuahBatu_20260318_063456_jpg.rf.4b6944154c55980cf0932ae68afde3a8.jpg,ok,880,880
train_bubat_barat,C:\Users\hanif\Downloads\capstone-agung\capstone-agung\data bubat barat\train\images\Sp_BuahBatu_20260318_063659_jpg.rf.17667efb3ba76e85f19e35ee78479061.jpg,ok,880,880
train_bubat_barat,C:\Users\hanif\Downloads\capstone-agung\capstone-agung\data bubat barat\train\images\Sp_BuahBatu_20260318_063854_jpg.rf.4584c64cc7d5f60f052f83e307811a05.jpg,ok,880,880
train_bubat_barat,C:\Users\hanif\Downloads\capstone-agung\capstone-agung\data bubat barat\train\images\Sp_BuahBatu_20260318_064432_jpg.rf.b013e201dc156c511d5a5743b327bcee.jpg,ok,880,880
train_bubat_barat,C:\Users\hanif\Downloads\capstone-agung\capstone-agung\data bubat barat\train\images\Sp_BuahBatu_20260318_064635_jpg.rf.337caf3e819e50b5df87d2e59599f980.jpg,ok,880,880
train_bubat_barat,C:\Users\hanif\Downloads\capstone-agung\capstone-agung\data bubat barat\train\images\Sp_BuahBatu_20260318_065224_jpg.rf.76261a5468786ffcd34b7e4e059664fc.jpg,ok,880,880
train_bubat_barat,C:\Users\hanif\Downloads\capstone-agung\capstone-agung\data bubat barat\train\images\Sp_BuahBatu_20260318_065833_jpg.rf.a2d9a349efa51ca614315045971f0d54.jpg,ok,880,880
train_bubat_barat,C:\Users\hanif\Downloads\capstone-agung\capstone-agung\data bubat barat\train\images\Sp_BuahBatu_20260318_070230_jpg.rf.23a56b34b86ec1bf84453cbe2f3f842f.jpg,ok,880,880
train_bubat_barat,C:\Users\hanif\Downloads\capstone-agung\capstone-agung\data bubat barat\train\images\Sp_BuahBatu_20260318_070422_jpg.rf.feff4dc3e88e47c8287b291d916c59cb.jpg,ok,880,880
train_bubat_barat,C:\Users\hanif\Downloads\capstone-agung\capstone-agung\data bubat barat\train\images\Sp_BuahBatu_20260318_070616_jpg.rf.b8e5d5966d443b088d691b1513aa3e6b.jpg,ok,880,880
train_bubat_barat,C:\Users\hanif\Downloads\capstone-agung\capstone-agung\data bubat barat\train\images\Sp_BuahBatu_20260318_070814_jpg.rf.34f7d151a1f7ab64774b5a0763348c52.jpg,ok,880,880
train_bubat_barat,C:\Users\hanif\Downloads\capstone-agung\capstone-agung\data bubat barat\train\images\Sp_BuahBatu_20260318_071018_jpg.rf.4de253edbbe6204a11a2797c0389b254.jpg,ok,880,880
train_bubat_barat,C:\Users\hanif\Downloads\capstone-agung\capstone-agung\data bubat barat\train\images\Sp_BuahBatu_20260318_071610_jpg.rf.85fbc97252a01566542346e0f8b8a019.jpg,ok,880,880
train_bubat_barat,C:\Users\hanif\Downloads\capstone-agung\capstone-agung\data bubat barat\train\images\Sp_BuahBatu_20260318_071758_jpg.rf.80d2d03796bd4c27c53d1f98efed21f5.jpg,ok,880,880
train_bubat_barat,C:\Users\hanif\Downloads\capstone-agung\capstone-agung\data bubat barat\train\images\Sp_BuahBatu_20260318_071956_jpg.rf.e787c0ceda632b6980d9be9a2d732af8.jpg,ok,880,880
train_bubat_barat,C:\Users\hanif\Downloads\capstone-agung\capstone-agung\data bubat barat\train\images\Sp_BuahBatu_20260318_072152_jpg.rf.d24904f75364cc6c5de00df5322a25fe.jpg,ok,880,880
train_bubat_barat,C:\Users\hanif\Downloads\capstone-agung\capstone-agung\data bubat barat\train\images\Sp_BuahBatu_20260318_072344_jpg.rf.65e56c22d54b0e840801ad16bcc0b2d9.jpg,ok,880,880
train_bubat_barat,C:\Users\hanif\Downloads\capstone-agung\capstone-agung\data bubat barat\train\images\Sp_BuahBatu_20260318_073132_jpg.rf.d886e22a2ac6307833a24ecbe5f300e6.jpg,ok,880,880
train_bubat_barat,C:\Users\hanif\Downloads\capstone-agung\capstone-agung\data bubat barat\train\images\Sp_BuahBatu_20260318_073337_jpg.rf.02450e7e0b1349bcf87f36e77700287b.jpg,ok,880,880
train_bubat_barat,C:\Users\hanif\Downloads\capstone-agung\capstone-agung\data bubat barat\train\images\Sp_BuahBatu_20260318_073725_jpg.rf.788fa57be6ec6b82fa91882276a4b0fe.jpg,ok,880,880
train_bubat_barat,C:\Users\hanif\Downloads\capstone-agung\capstone-agung\data bubat barat\train\images\Sp_BuahBatu_20260318_074107_jpg.rf.e74ae6abbbb086decac4df8bfd2f5f9e.jpg,ok,880,880
train_bubat_barat,C:\Users\hanif\Downloads\capstone-agung\capstone-agung\data bubat barat\train\images\Sp_BuahBatu_20260318_074304_jpg.rf.bdb1c72cc44ec677849747849d335714.jpg,ok,880,880
train_bubat_barat,C:\Users\hanif\Downloads\capstone-agung\capstone-agung\data bubat barat\train\images\Sp_BuahBatu_20260318_074452_jpg.rf.3d2f20204e3d60874fe8f92e2bc19ef4.jpg,ok,880,880
train_bubat_barat,C:\Users\hanif\Downloads\capstone-agung\capstone-agung\data bubat barat\train\images\Sp_BuahBatu_20260318_074654_jpg.rf.d1494fb9335fd2ae20561a067935c4bd.jpg,ok,880,880
train_bubat_barat,C:\Users\hanif\Downloads\capstone-agung\capstone-agung\data bubat barat\train\images\Sp_BuahBatu_20260318_074848_jpg.rf.8ebb2da08e73909add512fb3e986b4b9.jpg,ok,880,880
train_bubat_barat,C:\Users\hanif\Downloads\capstone-agung\capstone-agung\data bubat barat\train\images\Sp_BuahBatu_20260318_075048_jpg.rf.3fdd6904d6db2ac2bae7564c49f84ced.jpg,ok,880,880
train_bubat_barat,C:\Users\hanif\Downloads\capstone-agung\capstone-agung\data bubat barat\train\images\Sp_BuahBatu_20260318_075431_jpg.rf.69e47fdc2c262e5b0b1cf2300b55108f.jpg,ok,880,880
train_bubat_barat,C:\Users\hanif\Downloads\capstone-agung\capstone-agung\data bubat barat\train\images\Sp_BuahBatu_20260318_075955_jpg.rf.0346d5492c6bd66f8288d37323af451b.jpg,ok,880,880
train_bubat_barat,C:\Users\hanif\Downloads\capstone-agung\capstone-agung\data bubat barat\train\images\Sp_BuahBatu_20260318_080728_jpg.rf.3eba28997478d998f42537a69e3dde3b.jpg,ok,880,880
train_bubat_barat,C:\Users\hanif\Downloads\capstone-agung\capstone-agung\data bubat barat\train\images\Sp_BuahBatu_20260318_081118_jpg.rf.8a3ea0c337db9e03ce27315f7f5f25ed.jpg,ok,880,880
train_bubat_barat,C:\Users\hanif\Downloads\capstone-agung\capstone-agung\data bubat barat\train\images\Sp_BuahBatu_20260318_081307_jpg.rf.3a308fbd315ecf6505f248beea918fe6.jpg,ok,880,880
train_bubat_barat,C:\Users\hanif\Downloads\capstone-agung\capstone-agung\data bubat barat\train\images\Sp_BuahBatu_20260318_081500_jpg.rf.7bfb4e8dcc618bb121fb15f3d8628597.jpg,ok,880,880
train_bubat_barat,C:\Users\hanif\Downloads\capstone-agung\capstone-agung\data bubat barat\train\images\Sp_BuahBatu_20260318_082036_jpg.rf.63dfaf11d8b6bf5749e23623cc46cf80.jpg,ok,880,880
train_bubat_barat,C:\Users\hanif\Downloads\capstone-agung\capstone-agung\data bubat barat\train\images\Sp_BuahBatu_20260318_082432_jpg.rf.189dca510440c467e58da45e6c64ac3c.jpg,ok,880,880
train_bubat_barat,C:\Users\hanif\Downloads\capstone-agung\capstone-agung\data bubat barat\train\images\Sp_BuahBatu_20260318_082631_jpg.rf.262816823c0b40ce1920d43e109bbe38.jpg,ok,880,880
train_bubat_barat,C:\Users\hanif\Downloads\capstone-agung\capstone-agung\data bubat barat\train\images\Sp_BuahBatu_20260318_082828_jpg.rf.c74416a8a0130855120832cf97edf0a9.jpg,ok,880,880
train_bubat_barat,C:\Users\hanif\Downloads\capstone-agung\capstone-agung\data bubat barat\train\images\Sp_BuahBatu_20260318_083016_jpg.rf.0c9b51aab687acaa62dc4b1b3f44c913.jpg,ok,880,880
train_bubat_barat,C:\Users\hanif\Downloads\capstone-agung\capstone-agung\data bubat barat\train\images\Sp_BuahBatu_20260318_083211_jpg.rf.710ebf7e8b5392fb02b781293d4a9938.jpg,ok,880,880
train_bubat_barat,C:\Users\hanif\Downloads\capstone-agung\capstone-agung\data bubat barat\train\images\Sp_BuahBatu_20260318_083802_jpg.rf.2be25464c374ba49bf566b33b0a2a552.jpg,ok,880,880
train_bubat_barat,C:\Users\hanif\Downloads\capstone-agung\capstone-agung\data bubat barat\train\images\Sp_BuahBatu_20260318_083950_jpg.rf.fb548a7c007a19af75d709389accfb50.jpg,ok,880,880
train_bubat_barat,C:\Users\hanif\Downloads\capstone-agung\capstone-agung\data bubat barat\train\images\Sp_BuahBatu_20260318_084142_jpg.rf.fa0a63c08093d218c2378fedbc33130d.jpg,ok,880,880
train_bubat_barat,C:\Users\hanif\Downloads\capstone-agung\capstone-agung\data bubat barat\train\images\Sp_BuahBatu_20260318_084347_jpg.rf.bb8dc125f44ccdd567ce4ec10e20579f.jpg,ok,880,880
train_bubat_barat,C:\Users\hanif\Downloads\capstone-agung\capstone-agung\data bubat barat\train\images\Sp_BuahBatu_20260318_084544_jpg.rf.e0b8203b30eda948827b4c36e2590184.jpg,ok,880,880
train_bubat_barat,C:\Users\hanif\Downloads\capstone-agung\capstone-agung\data bubat barat\train\images\Sp_BuahBatu_20260318_084741_jpg.rf.7069ce07e73c09081d8745065d7107ad.jpg,ok,880,880
train_bubat_barat,C:\Users\hanif\Downloads\capstone-agung\capstone-agung\data bubat barat\train\images\Sp_BuahBatu_20260318_085130_jpg.rf.2f8ace6812efc7b482c6b57b2fb83e24.jpg,ok,880,880
train_bubat_barat,C:\Users\hanif\Downloads\capstone-agung\capstone-agung\data bubat barat\train\images\Sp_BuahBatu_20260318_085518_jpg.rf.039bd7b4e90d808684dcc1c1106db72d.jpg,ok,880,880
train_bubat_barat,C:\Users\hanif\Downloads\capstone-agung\capstone-agung\data bubat barat\train\images\Sp_BuahBatu_20260318_085913_jpg.rf.116993e68774f3b6e481f16c8ec69b54.jpg,ok,880,880
train_bubat_barat,C:\Users\hanif\Downloads\capstone-agung\capstone-agung\data bubat barat\train\images\Sp_BuahBatu_20260318_090110_jpg.rf.e6e45cde3a5f8e8da81b4945caf126f6.jpg,ok,880,880
train_bubat_barat,C:\Users\hanif\Downloads\capstone-agung\capstone-agung\data bubat barat\train\images\Sp_BuahBatu_20260318_091232_jpg.rf.dc2f7def24901c2ccd9ca8d4015fba44.jpg,ok,880,880
train_bubat_barat,C:\Users\hanif\Downloads\capstone-agung\capstone-agung\data bubat barat\train\images\Sp_BuahBatu_20260318_091420_jpg.rf.dbd5456f7fa2f75c220483181e567250.jpg,ok,880,880
train_bubat_barat,C:\Users\hanif\Downloads\capstone-agung\capstone-agung\data bubat barat\train\images\Sp_BuahBatu_20260318_091608_jpg.rf.eaa26be2c1a4492ddf6d36ae65a0025d.jpg,ok,880,880
train_bubat_barat,C:\Users\hanif\Downloads\capstone-agung\capstone-agung\data bubat barat\train\images\Sp_BuahBatu_20260318_091802_jpg.rf.4da2cf624a21fd244024e8e7c00df9e6.jpg,ok,880,880
train_bubat_barat,C:\Users\hanif\Downloads\capstone-agung\capstone-agung\data bubat barat\train\images\Sp_BuahBatu_20260318_091958_jpg.rf.59a0bee722b0c1e6574431419d65c3b7.jpg,ok,880,880
train_bubat_barat,C:\Users\hanif\Downloads\capstone-agung\capstone-agung\data bubat barat\train\images\Sp_Lingkar_Bubat_20260315_183426_jpg.rf.c4b5a00e3cb51792ddd00b0ae75c768b.jpg,ok,880,880
train_bubat_barat,C:\Users\hanif\Downloads\capstone-agung\capstone-agung\data bubat barat\train\images\Sp_Lingkar_Bubat_20260315_194953_jpg.rf.d025f84b1dad663a77b7a67fbe9284f6.jpg,ok,880,880
train_bubat_barat,C:\Users\hanif\Downloads\capstone-agung\capstone-agung\data bubat barat\train\images\Sp_Lingkar_Bubat_20260318_071416_jpg.rf.7ccc9e3b032c01f3890f929c522dde46.jpg,ok,880,880
train_bubat_barat,C:\Users\hanif\Downloads\capstone-agung\capstone-agung\data bubat barat\train\images\Sp_Lingkar_Bubat_20260318_091044_jpg.rf.63a09374071f3d41c7e9cb7d4855a7f5.jpg,ok,880,880
train_bubat_barat,C:\Users\hanif\Downloads\capstone-agung\capstone-agung\data bubat barat\train\images\Sp_Lingkar_Bubat_20260318_091958_jpg.rf.c01b1a92a15031ff085b5b2c0e2bffa4.jpg,ok,880,880
train_bubat_timur,C:\Users\hanif\Downloads\capstone-agung\capstone-agung\data bubat timur\train\images\BubatBrt_20260512_154625_jpg.rf.qDO8iNQhtyVmEeOsGbG3.jpg,ok,640,480
train_bubat_timur,C:\Users\hanif\Downloads\capstone-agung\capstone-agung\data bubat timur\train\images\BubatBrt_20260512_154705_jpg.rf.0CdwSAtz1TxkM1WehOQf.jpg,ok,640,480
train_bubat_timur,C:\Users\hanif\Downloads\capstone-agung\capstone-agung\data bubat timur\train\images\BubatBrt_20260512_154746_jpg.rf.J3LW663c5ob3a0P1UbAx.jpg,ok,640,480
train_bubat_timur,C:\Users\hanif\Downloads\capstone-agung\capstone-agung\data bubat timur\train\images\BubatBrt_20260512_154808_jpg.rf.l4VtyKN00IeyI4pQRMEh.jpg,ok,640,480
train_bubat_timur,C:\Users\hanif\Downloads\capstone-agung\capstone-agung\data bubat timur\train\images\BubatBrt_20260512_154847_jpg.rf.4GrdJenCabVpRVHpVWHs.jpg,ok,640,480
train_bubat_timur,C:\Users\hanif\Downloads\capstone-agung\capstone-agung\data bubat timur\train\images\BubatBrt_20260512_154928_jpg.rf.VgfYVSU14mmVNMyZBVCK.jpg,ok,640,480
train_bubat_timur,C:\Users\hanif\Downloads\capstone-agung\capstone-agung\data bubat timur\train\images\BubatBrt_20260512_154949_jpg.rf.7jJXN87DvyRqIA9tLudj.jpg,ok,640,480
train_bubat_timur,C:\Users\hanif\Downloads\capstone-agung\capstone-agung\data bubat timur\train\images\BubatBrt_20260512_155009_jpg.rf.mH046T4oeAk47JwQ9ArE.jpg,ok,640,480
train_bubat_timur,C:\Users\hanif\Downloads\capstone-agung\capstone-agung\data bubat timur\train\images\BubatBrt_20260512_155048_jpg.rf.Cb320ZvlcgdVFPeTf3yY.jpg,ok,640,480
train_bubat_timur,C:\Users\hanif\Downloads\capstone-agung\capstone-agung\data bubat timur\train\images\BubatBrt_20260512_155128_jpg.rf.EW9t8z3tF75n25f54SGT.jpg,ok,640,480
train_bubat_timur,C:\Users\hanif\Downloads\capstone-agung\capstone-agung\data bubat timur\train\images\BubatBrt_20260512_155208_jpg.rf.xuOMFHfj4ltlJd375Vlj.jpg,ok,640,480
train_bubat_timur,C:\Users\hanif\Downloads\capstone-agung\capstone-agung\data bubat timur\train\images\BubatBrt_20260512_155247_jpg.rf.WSyGHPEREpIbY6OaCclf.jpg,ok,640,480
train_bubat_timur,C:\Users\hanif\Downloads\capstone-agung\capstone-agung\data bubat timur\train\images\BubatBrt_20260512_155415_jpg.rf.lAdgsUCFJdyuLr1zZ9vj.jpg,ok,640,480
train_bubat_timur,C:\Users\hanif\Downloads\capstone-agung\capstone-agung\data bubat timur\train\images\BubatBrt_20260512_155455_jpg.rf.30sAECJKPIgOQ8Gj6Qj3.jpg,ok,640,480
train_bubat_timur,C:\Users\hanif\Downloads\capstone-agung\capstone-agung\data bubat timur\train\images\BubatBrt_20260512_155535_jpg.rf.DqCjEnCOPzJ7IDRDNa9e.jpg,ok,640,480
train_bubat_timur,C:\Users\hanif\Downloads\capstone-agung\capstone-agung\data bubat timur\train\images\BubatBrt_20260512_155614_jpg.rf.nN5OaLEu09fuf4bAw8Dp.jpg,ok,640,480
train_bubat_timur,C:\Users\hanif\Downloads\capstone-agung\capstone-agung\data bubat timur\train\images\BubatBrt_20260512_155654_jpg.rf.MunCKcLzd75zNB6CQv25.jpg,ok,640,480
train_bubat_timur,C:\Users\hanif\Downloads\capstone-agung\capstone-agung\data bubat timur\train\images\BubatBrt_20260512_155816_jpg.rf.DLV4cd221pvr6l0bc7g7.jpg,ok,640,480
train_bubat_timur,C:\Users\hanif\Downloads\capstone-agung\capstone-agung\data bubat timur\train\images\BubatBrt_20260512_155856_jpg.rf.asoUZhG5Zk7emLRQcBDU.jpg,ok,640,480
train_bubat_timur,C:\Users\hanif\Downloads\capstone-agung\capstone-agung\data bubat timur\train\images\BubatBrt_20260512_155935_jpg.rf.fFhpMs9nePhrr1lHY6iY.jpg,ok,640,480
train_bubat_timur,C:\Users\hanif\Downloads\capstone-agung\capstone-agung\data bubat timur\train\images\BubatBrt_20260512_160014_jpg.rf.mWuIuiBC0Vxmx3wRGUDQ.jpg,ok,640,480
train_bubat_timur,C:\Users\hanif\Downloads\capstone-agung\capstone-agung\data bubat timur\train\images\BubatBrt_20260512_160054_jpg.rf.1Erbv83QLy1G5qgRQAyT.jpg,ok,640,480
train_bubat_timur,C:\Users\hanif\Downloads\capstone-agung\capstone-agung\data bubat timur\train\images\BubatBrt_20260512_160133_jpg.rf.eUIwN4Z8qXv9R4k2t5c1.jpg,ok,640,480
train_bubat_timur,C:\Users\hanif\Downloads\capstone-agung\capstone-agung\data bubat timur\train\images\BubatBrt_20260512_160212_jpg.rf.p5Dq9QYla7QvlNkem4Jg.jpg,ok,640,480
train_bubat_timur,C:\Users\hanif\Downloads\capstone-agung\capstone-agung\data bubat timur\train\images\BubatBrt_20260512_160252_jpg.rf.jCzLXH4i2MSouT9HX9vf.jpg,ok,640,480
train_bubat_timur,C:\Users\hanif\Downloads\capstone-agung\capstone-agung\data bubat timur\train\images\BubatBrt_20260512_160331_jpg.rf.KQCcxuGQqMB1iLFFOW68.jpg,ok,640,480
train_bubat_timur,C:\Users\hanif\Downloads\capstone-agung\capstone-agung\data bubat timur\train\images\BubatBrt_20260512_160410_jpg.rf.90Sdm5t6Ot2prnpm5yFL.jpg,ok,640,480
train_bubat_timur,C:\Users\hanif\Downloads\capstone-agung\capstone-agung\data bubat timur\train\images\BubatBrt_20260512_160449_jpg.rf.F0SElMvNeLN3kpKx0mPI.jpg,ok,640,480
train_bubat_timur,C:\Users\hanif\Downloads\capstone-agung\capstone-agung\data bubat timur\train\images\BubatBrt_20260512_160608_jpg.rf.HQX6zhBNfhkbrNq7VXSY.jpg,ok,640,480
train_bubat_timur,C:\Users\hanif\Downloads\capstone-agung\capstone-agung\data bubat timur\train\images\BubatBrt_20260512_160648_jpg.rf.MGLpzsh3wSfhSujyA4JK.jpg,ok,640,480
train_bubat_timur,C:\Users\hanif\Downloads\capstone-agung\capstone-agung\data bubat timur\train\images\BubatBrt_20260512_160727_jpg.rf.YgwQpdtISb5bbuctYZQR.jpg,ok,640,480
train_bubat_timur,C:\Users\hanif\Downloads\capstone-agung\capstone-agung\data bubat timur\train\images\BubatBrt_20260512_160806_jpg.rf.aPNZltW36H6tj2m2KyTV.jpg,ok,640,480
train_bubat_timur,C:\Users\hanif\Downloads\capstone-agung\capstone-agung\data bubat timur\train\images\BubatBrt_20260512_160845_jpg.rf.NymcEwIvxNKqUIUzOLMY.jpg,ok,640,480
train_bubat_timur,C:\Users\hanif\Downloads\capstone-agung\capstone-agung\data bubat timur\train\images\BubatBrt_20260512_160926_jpg.rf.cnToyRYWvBUnMf9G8j7n.jpg,ok,640,480
train_bubat_timur,C:\Users\hanif\Downloads\capstone-agung\capstone-agung\data bubat timur\train\images\BubatBrt_20260512_161005_jpg.rf.pnM8lmgHImOQbMalRAuN.jpg,ok,640,480
train_bubat_timur,C:\Users\hanif\Downloads\capstone-agung\capstone-agung\data bubat timur\train\images\BubatBrt_20260512_161044_jpg.rf.9Vto2GJ0YLf6kqkK5eB3.jpg,ok,640,480
train_bubat_timur,C:\Users\hanif\Downloads\capstone-agung\capstone-agung\data bubat timur\train\images\BubatBrt_20260512_161106_jpg.rf.snQHkRLHZ0VtRMzy5BR1.jpg,ok,640,480
train_bubat_timur,C:\Users\hanif\Downloads\capstone-agung\capstone-agung\data bubat timur\train\images\BubatBrt_20260512_161146_jpg.rf.KjeGbpTUaJXCnVC0GavE.jpg,ok,640,480
train_bubat_timur,C:\Users\hanif\Downloads\capstone-agung\capstone-agung\data bubat timur\train\images\BubatBrt_20260512_161225_jpg.rf.pfKZhKbmnuBqwpVdHnWF.jpg,ok,640,480
train_bubat_timur,C:\Users\hanif\Downloads\capstone-agung\capstone-agung\data bubat timur\train\images\BubatBrt_20260512_161304_jpg.rf.Kd9V9yduc3zdByZkgVGN.jpg,ok,640,480
train_bubat_timur,C:\Users\hanif\Downloads\capstone-agung\capstone-agung\data bubat timur\train\images\BubatBrt_20260512_161343_jpg.rf.otbTJnxgq2BHZcZ8iH5Q.jpg,ok,640,480
train_bubat_timur,C:\Users\hanif\Downloads\capstone-agung\capstone-agung\data bubat timur\train\images\BubatBrt_20260512_161422_jpg.rf.5g5H9QAUHhjqiGNhgOHj.jpg,ok,640,480
train_bubat_timur,C:\Users\hanif\Downloads\capstone-agung\capstone-agung\data bubat timur\train\images\BubatBrt_20260512_161501_jpg.rf.jhXS3vX26XdDdJEg2tXW.jpg,ok,640,480
train_bubat_timur,C:\Users\hanif\Downloads\capstone-agung\capstone-agung\data bubat timur\train\images\BubatBrt_20260512_161539_jpg.rf.rr5WBZrGizjVfL3rKHaS.jpg,ok,640,480
train_bubat_timur,C:\Users\hanif\Downloads\capstone-agung\capstone-agung\data bubat timur\train\images\BubatBrt_20260512_161619_jpg.rf.RUTkLHc5nSEEuvJ2WlCd.jpg,ok,640,480
train_bubat_timur,C:\Users\hanif\Downloads\capstone-agung\capstone-agung\data bubat timur\train\images\BubatBrt_20260512_161658_jpg.rf.EEAlORXqZhqfIt2GHSca.jpg,ok,640,480
train_bubat_timur,C:\Users\hanif\Downloads\capstone-agung\capstone-agung\data bubat timur\train\images\BubatBrt_20260512_161737_jpg.rf.zgnAE1CWbhyLiaVXnyOO.jpg,ok,640,480
train_bubat_timur,C:\Users\hanif\Downloads\capstone-agung\capstone-agung\data bubat timur\train\images\BubatBrt_20260512_161855_jpg.rf.DLClvRkcIXAYBfRuTNCa.jpg,ok,640,480
train_bubat_timur,C:\Users\hanif\Downloads\capstone-agung\capstone-agung\data bubat timur\train\images\BubatBrt_20260512_161935_jpg.rf.rmVqpheOLbOpeLuSZKjE.jpg,ok,640,480
train_bubat_timur,C:\Users\hanif\Downloads\capstone-agung\capstone-agung\data bubat timur\train\images\BubatBrt_20260512_162014_jpg.rf.AlZOpIckiGH9kmIlB8hE.jpg,ok,640,480
train_bubat_timur,C:\Users\hanif\Downloads\capstone-agung\capstone-agung\data bubat timur\train\images\BubatBrt_20260512_162054_jpg.rf.NFkARLpWXaxUxAZ05y2a.jpg,ok,640,480
train_bubat_timur,C:\Users\hanif\Downloads\capstone-agung\capstone-agung\data bubat timur\train\images\BubatBrt_20260512_162133_jpg.rf.TyvwkrqB3CAGIg8sSy1H.jpg,ok,640,480
train_bubat_timur,C:\Users\hanif\Downloads\capstone-agung\capstone-agung\data bubat timur\train\images\BubatBrt_20260512_162213_jpg.rf.UHvbBgbYyxNhhjQZlwTr.jpg,ok,640,480
train_bubat_timur,C:\Users\hanif\Downloads\capstone-agung\capstone-agung\data bubat timur\train\images\BubatBrt_20260512_162252_jpg.rf.gWLl68zKsOOBKHOEDL13.jpg,ok,640,480
train_bubat_timur,C:\Users\hanif\Downloads\capstone-agung\capstone-agung\data bubat timur\train\images\BubatBrt_20260512_162313_jpg.rf.R1PpPBqhmK1rhlTB3ksg.jpg,ok,640,480
train_bubat_timur,C:\Users\hanif\Downloads\capstone-agung\capstone-agung\data bubat timur\train\images\BubatBrt_20260512_162352_jpg.rf.ZwpQf1wABuczAhTVGX2a.jpg,ok,640,480
train_bubat_timur,C:\Users\hanif\Downloads\capstone-agung\capstone-agung\data bubat timur\train\images\BubatBrt_20260512_162413_jpg.rf.64CCBpYPuRJPgTlkhFsf.jpg,ok,640,480
train_bubat_timur,C:\Users\hanif\Downloads\capstone-agung\capstone-agung\data bubat timur\train\images\BubatBrt_20260512_162452_jpg.rf.hKHpJc6mvvD63z4YrEMg.jpg,ok,640,480
train_bubat_timur,C:\Users\hanif\Downloads\capstone-agung\capstone-agung\data bubat timur\train\images\BubatBrt_20260512_162531_jpg.rf.6gXWgbQXVoYeBoxlAA9u.jpg,ok,640,480
train_bubat_timur,C:\Users\hanif\Downloads\capstone-agung\capstone-agung\data bubat timur\train\images\BubatBrt_20260512_162611_jpg.rf.I8miMUevckv9rsNky4VJ.jpg,ok,640,480
train_bubat_timur,C:\Users\hanif\Downloads\capstone-agung\capstone-agung\data bubat timur\train\images\BubatBrt_20260512_162650_jpg.rf.Qlc0dlWhWrCYUn2nGO5s.jpg,ok,640,480
train_bubat_timur,C:\Users\hanif\Downloads\capstone-agung\capstone-agung\data bubat timur\train\images\BubatBrt_20260512_162729_jpg.rf.wuYNfJlMFjqsZr8j1fRf.jpg,ok,640,480
train_bubat_timur,C:\Users\hanif\Downloads\capstone-agung\capstone-agung\data bubat timur\train\images\BubatBrt_20260512_162808_jpg.rf.v43qW8I7D2UM4bL8jHuh.jpg,ok,640,480
train_bubat_timur,C:\Users\hanif\Downloads\capstone-agung\capstone-agung\data bubat timur\train\images\BubatBrt_20260512_162847_jpg.rf.hHcFMf7addL5kWt0qf6t.jpg,ok,640,480
train_bubat_timur,C:\Users\hanif\Downloads\capstone-agung\capstone-agung\data bubat timur\train\images\BubatBrt_20260512_162926_jpg.rf.QsSsErkePW8WOr1zXhS0.jpg,ok,640,480
train_bubat_timur,C:\Users\hanif\Downloads\capstone-agung\capstone-agung\data bubat timur\train\images\BubatBrt_20260512_163006_jpg.rf.WtmXqViYYPbpppKYLR0Z.jpg,ok,640,480
train_bubat_timur,C:\Users\hanif\Downloads\capstone-agung\capstone-agung\data bubat timur\train\images\BubatBrt_20260512_163045_jpg.rf.J0usyPgSCyc50LvoKppB.jpg,ok,640,480
train_bubat_timur,C:\Users\hanif\Downloads\capstone-agung\capstone-agung\data bubat timur\train\images\BubatBrt_20260512_163105_jpg.rf.Ivr6DuLVt8SrEN3msuMA.jpg,ok,640,480
train_bubat_timur,C:\Users\hanif\Downloads\capstone-agung\capstone-agung\data bubat timur\train\images\BubatBrt_20260512_163144_jpg.rf.PEls1LBCGXBPe77q4MTT.jpg,ok,640,480
train_bubat_timur,C:\Users\hanif\Downloads\capstone-agung\capstone-agung\data bubat timur\train\images\BubatBrt_20260512_163223_jpg.rf.7QgrS9r8FLL7dQYazbVk.jpg,ok,640,480
train_bubat_timur,C:\Users\hanif\Downloads\capstone-agung\capstone-agung\data bubat timur\train\images\BubatBrt_20260512_163304_jpg.rf.p8JyhIOQbKghfWiYFYSt.jpg,ok,640,480
train_bubat_timur,C:\Users\hanif\Downloads\capstone-agung\capstone-agung\data bubat timur\train\images\BubatBrt_20260512_163343_jpg.rf.GpY69LLlyDQ1vu3cI8tJ.jpg,ok,640,480
train_bubat_timur,C:\Users\hanif\Downloads\capstone-agung\capstone-agung\data bubat timur\train\images\BubatBrt_20260512_163422_jpg.rf.vaYsCZboQN5ucoyfPRmL.jpg,ok,640,480
train_bubat_timur,C:\Users\hanif\Downloads\capstone-agung\capstone-agung\data bubat timur\train\images\BubatBrt_20260512_163501_jpg.rf.WHxpH60UGtyad6epgpzO.jpg,ok,640,480
train_bubat_timur,C:\Users\hanif\Downloads\capstone-agung\capstone-agung\data bubat timur\train\images\BubatBrt_20260512_163540_jpg.rf.HBfWbSNZC8N50r7bZdPm.jpg,ok,640,480
train_bubat_timur,C:\Users\hanif\Downloads\capstone-agung\capstone-agung\data bubat timur\train\images\BubatBrt_20260512_163619_jpg.rf.fkaCxxcfM3fmtGi00i0o.jpg,ok,640,480
train_bubat_timur,C:\Users\hanif\Downloads\capstone-agung\capstone-agung\data bubat timur\train\images\BubatBrt_20260512_163658_jpg.rf.RIlvJRUE03FprXhhRLlE.jpg,ok,640,480
train_bubat_timur,C:\Users\hanif\Downloads\capstone-agung\capstone-agung\data bubat timur\train\images\BubatBrt_20260512_163719_jpg.rf.eT1MWTke9rVkRuqD83kM.jpg,ok,640,480
train_bubat_timur,C:\Users\hanif\Downloads\capstone-agung\capstone-agung\data bubat timur\train\images\BubatBrt_20260512_163758_jpg.rf.UIn1OSiTbcq7e0RUIq6n.jpg,ok,640,480
train_bubat_timur,C:\Users\hanif\Downloads\capstone-agung\capstone-agung\data bubat timur\train\images\BubatBrt_20260512_163837_jpg.rf.JVOcqkj0wjYjZ9m5Dyw8.jpg,ok,640,480
train_bubat_timur,C:\Users\hanif\Downloads\capstone-agung\capstone-agung\data bubat timur\train\images\BubatBrt_20260512_163916_jpg.rf.wih8xnbn4yMpE4jZsKTQ.jpg,ok,640,480
train_bubat_timur,C:\Users\hanif\Downloads\capstone-agung\capstone-agung\data bubat timur\train\images\BubatBrt_20260512_163955_jpg.rf.uVsTFhIQf5p3x7zmKyA6.jpg,ok,640,480
train_bubat_timur,C:\Users\hanif\Downloads\capstone-agung\capstone-agung\data bubat timur\train\images\BubatBrt_20260512_164034_jpg.rf.RRPJhmyLUvFbOQxaeTak.jpg,ok,640,480
train_bubat_timur,C:\Users\hanif\Downloads\capstone-agung\capstone-agung\data bubat timur\train\images\BubatBrt_20260512_164113_jpg.rf.ASiz6IgMlbN1M2nYb0Nj.jpg,ok,640,480
train_bubat_timur,C:\Users\hanif\Downloads\capstone-agung\capstone-agung\data bubat timur\train\images\BubatBrt_20260512_164134_jpg.rf.Duz3xksyJfIrV6jyr0Vl.jpg,ok,640,480
train_bubat_timur,C:\Users\hanif\Downloads\capstone-agung\capstone-agung\data bubat timur\train\images\BubatBrt_20260512_164213_jpg.rf.r1CfciGpU7CxRj5h0qzP.jpg,ok,640,480
train_bubat_timur,C:\Users\hanif\Downloads\capstone-agung\capstone-agung\data bubat timur\train\images\BubatBrt_20260512_164252_jpg.rf.2X3ylJPhiGhLhwpJzIhp.jpg,ok,640,480
train_bubat_timur,C:\Users\hanif\Downloads\capstone-agung\capstone-agung\data bubat timur\train\images\BubatBrt_20260512_164331_jpg.rf.awPCWtf44udObJ27zVJD.jpg,ok,640,480
train_bubat_timur,C:\Users\hanif\Downloads\capstone-agung\capstone-agung\data bubat timur\train\images\BubatBrt_20260512_164410_jpg.rf.irvynRVrmMcKFeoGc50W.jpg,ok,640,480
train_bubat_timur,C:\Users\hanif\Downloads\capstone-agung\capstone-agung\data bubat timur\train\images\BubatBrt_20260512_164449_jpg.rf.01g9YTcgxuqgJSbGU5L6.jpg,ok,640,480
train_bubat_timur,C:\Users\hanif\Downloads\capstone-agung\capstone-agung\data bubat timur\train\images\BubatBrt_20260512_164528_jpg.rf.YsQG50CiRKmvt6lOJURi.jpg,ok,640,480
train_bubat_timur,C:\Users\hanif\Downloads\capstone-agung\capstone-agung\data bubat timur\train\images\BubatBrt_20260512_164607_jpg.rf.5AUUzVwLHd3fVJ9nNxd7.jpg,ok,640,480
train_bubat_timur,C:\Users\hanif\Downloads\capstone-agung\capstone-agung\data bubat timur\train\images\BubatBrt_20260512_164646_jpg.rf.DKL95hKMyRvAB7HELB7U.jpg,ok,640,480
train_bubat_timur,C:\Users\hanif\Downloads\capstone-agung\capstone-agung\data bubat timur\train\images\BubatBrt_20260512_164725_jpg.rf.PcYS70f9BHLjUwnDOnDb.jpg,ok,640,480
train_bubat_timur,C:\Users\hanif\Downloads\capstone-agung\capstone-agung\data bubat timur\train\images\BubatBrt_20260512_164804_jpg.rf.amjD9lXdFEodh9jX0e0j.jpg,ok,640,480
train_bubat_timur,C:\Users\hanif\Downloads\capstone-agung\capstone-agung\data bubat timur\train\images\BubatBrt_20260512_164843_jpg.rf.fzbK9eJiswsjdBvWLEqi.jpg,ok,640,480
train_bubat_timur,C:\Users\hanif\Downloads\capstone-agung\capstone-agung\data bubat timur\train\images\BubatBrt_20260512_165040_jpg.rf.LQCwXP0U25TRT9rQ1lS5.jpg,ok,640,480
train_bubat_timur,C:\Users\hanif\Downloads\capstone-agung\capstone-agung\data bubat timur\train\images\BubatBrt_20260512_165119_jpg.rf.Kr6SHtQUP6gPIPHIh5da.jpg,ok,640,480
train_bubat_timur,C:\Users\hanif\Downloads\capstone-agung\capstone-agung\data bubat timur\train\images\BubatBrt_20260512_165158_jpg.rf.xYnODJqZC41B8dvQ1aVe.jpg,ok,640,480
train_bubat_timur,C:\Users\hanif\Downloads\capstone-agung\capstone-agung\data bubat timur\train\images\BubatBrt_20260512_165237_jpg.rf.ZUdnuezSW5mhUhcEuHTM.jpg,ok,640,480
train_bubat_timur,C:\Users\hanif\Downloads\capstone-agung\capstone-agung\data bubat timur\train\images\BubatBrt_20260512_165316_jpg.rf.y1VMgd5YGfhE6ZOSS0Ze.jpg,ok,640,480
train_bubat_timur,C:\Users\hanif\Downloads\capstone-agung\capstone-agung\data bubat timur\train\images\BubatBrt_20260512_165355_jpg.rf.YfaPL7Kqo9VNoYauu247.jpg,ok,640,480
train_bubat_timur,C:\Users\hanif\Downloads\capstone-agung\capstone-agung\data bubat timur\train\images\BubatBrt_20260512_165434_jpg.rf.kNFFtZ3b5qYDDAEBPGVy.jpg,ok,640,480
train_bubat_timur,C:\Users\hanif\Downloads\capstone-agung\capstone-agung\data bubat timur\train\images\BubatBrt_20260512_165513_jpg.rf.phURJIfhpVI1ODsTkJl5.jpg,ok,640,480
train_bubat_timur,C:\Users\hanif\Downloads\capstone-agung\capstone-agung\data bubat timur\train\images\BubatBrt_20260512_165710_jpg.rf.OmilSbTzAkg7nItCShMp.jpg,ok,640,480
train_bubat_timur,C:\Users\hanif\Downloads\capstone-agung\capstone-agung\data bubat timur\train\images\BubatBrt_20260512_165749_jpg.rf.GSiAfLtlOogkzqWoq6BP.jpg,ok,640,480
train_bubat_timur,C:\Users\hanif\Downloads\capstone-agung\capstone-agung\data bubat timur\train\images\BubatBrt_20260512_165947_jpg.rf.hmFYLjCT3MRRbvrtJ8xd.jpg,ok,640,480
train_bubat_timur,C:\Users\hanif\Downloads\capstone-agung\capstone-agung\data bubat timur\train\images\BubatBrt_20260512_170026_jpg.rf.RhTixPqYYEu3lXMTmRdm.jpg,ok,640,480
train_bubat_timur,C:\Users\hanif\Downloads\capstone-agung\capstone-agung\data bubat timur\train\images\BubatBrt_20260512_170145_jpg.rf.adsRIm7oRFvvtXlJcYXM.jpg,ok,640,480
train_bubat_timur,C:\Users\hanif\Downloads\capstone-agung\capstone-agung\data bubat timur\train\images\BubatBrt_20260512_170224_jpg.rf.wIMw6IwBvrVL9FwXQPMy.jpg,ok,640,480
train_bubat_timur,C:\Users\hanif\Downloads\capstone-agung\capstone-agung\data bubat timur\train\images\BubatBrt_20260512_170303_jpg.rf.KmY5yYg86TvRmHt6tbSP.jpg,ok,640,480
train_bubat_timur,C:\Users\hanif\Downloads\capstone-agung\capstone-agung\data bubat timur\train\images\BubatBrt_20260512_170342_jpg.rf.8z7fgzkcJdHsz30sz0iQ.jpg,ok,640,480
train_bubat_timur,C:\Users\hanif\Downloads\capstone-agung\capstone-agung\data bubat timur\train\images\BubatBrt_20260512_170421_jpg.rf.d0dRU2XChQFcXRLhXZdO.jpg,ok,640,480
train_bubat_timur,C:\Users\hanif\Downloads\capstone-agung\capstone-agung\data bubat timur\train\images\BubatBrt_20260512_170500_jpg.rf.7YWgdMCa486fVtXLoIfM.jpg,ok,640,480
train_bubat_timur,C:\Users\hanif\Downloads\capstone-agung\capstone-agung\data bubat timur\train\images\BubatBrt_20260512_170539_jpg.rf.aT0h0AeshNriG5yL4z7X.jpg,ok,640,480
train_bubat_timur,C:\Users\hanif\Downloads\capstone-agung\capstone-agung\data bubat timur\train\images\BubatBrt_20260512_170618_jpg.rf.hhT2ZN0Hh3LaM7s53EC3.jpg,ok,640,480
train_bubat_timur,C:\Users\hanif\Downloads\capstone-agung\capstone-agung\data bubat timur\train\images\BubatBrt_20260512_170657_jpg.rf.1EpMUSWcnCbBzaPGcAjo.jpg,ok,640,480
train_bubat_timur,C:\Users\hanif\Downloads\capstone-agung\capstone-agung\data bubat timur\train\images\BubatBrt_20260512_170737_jpg.rf.GHVz3ffYyn4gRjqehS39.jpg,ok,640,480
train_bubat_timur,C:\Users\hanif\Downloads\capstone-agung\capstone-agung\data bubat timur\train\images\BubatBrt_20260512_170816_jpg.rf.xrvg6d8vP9mmyLgWDOOl.jpg,ok,640,480
train_bubat_timur,C:\Users\hanif\Downloads\capstone-agung\capstone-agung\data bubat timur\train\images\BubatBrt_20260512_170855_jpg.rf.zbD9TPdFJVymuM8RSxzr.jpg,ok,640,480
train_bubat_timur,C:\Users\hanif\Downloads\capstone-agung\capstone-agung\data bubat timur\train\images\BubatBrt_20260512_170934_jpg.rf.N9h0N9QwqDx5vxIjsteu.jpg,ok,640,480
train_bubat_timur,C:\Users\hanif\Downloads\capstone-agung\capstone-agung\data bubat timur\train\images\BubatBrt_20260512_171013_jpg.rf.aJ6cWPsGaXrFiCElbKXU.jpg,ok,640,480
train_bubat_timur,C:\Users\hanif\Downloads\capstone-agung\capstone-agung\data bubat timur\train\images\BubatBrt_20260512_171052_jpg.rf.3xjYzDeEacv87uC1Vp4t.jpg,ok,640,480
train_bubat_timur,C:\Users\hanif\Downloads\capstone-agung\capstone-agung\data bubat timur\train\images\BubatBrt_20260512_171131_jpg.rf.2uUSB9HMaLVQYAkI6Hr0.jpg,ok,640,480
train_bubat_timur,C:\Users\hanif\Downloads\capstone-agung\capstone-agung\data bubat timur\train\images\BubatBrt_20260512_171210_jpg.rf.a3Sb8YuAZgTMpp5scRQl.jpg,ok,640,480
train_bubat_timur,C:\Users\hanif\Downloads\capstone-agung\capstone-agung\data bubat timur\train\images\BubatBrt_20260512_171407_jpg.rf.OMmqCYec0vnMu5pAhki6.jpg,ok,640,480
train_bubat_timur,C:\Users\hanif\Downloads\capstone-agung\capstone-agung\data bubat timur\train\images\BubatBrt_20260512_171428_jpg.rf.KdvA1MHWfaq9E11sbGrw.jpg,ok,640,480
train_bubat_timur,C:\Users\hanif\Downloads\capstone-agung\capstone-agung\data bubat timur\train\images\BubatBrt_20260512_171507_jpg.rf.pGPFt5GKEkdhTIQkd8E2.jpg,ok,640,480
train_bubat_timur,C:\Users\hanif\Downloads\capstone-agung\capstone-agung\data bubat timur\train\images\BubatBrt_20260512_171546_jpg.rf.fvOnnjc4kJ1fK1WXgC1Q.jpg,ok,640,480
train_bubat_timur,C:\Users\hanif\Downloads\capstone-agung\capstone-agung\data bubat timur\train\images\BubatBrt_20260512_171625_jpg.rf.xa045fGIN38RBChsChgY.jpg,ok,640,480
train_bubat_timur,C:\Users\hanif\Downloads\capstone-agung\capstone-agung\data bubat timur\train\images\BubatBrt_20260512_171645_jpg.rf.pQrMGntqyD46QnQSX9SB.jpg,ok,640,480
train_bubat_timur,C:\Users\hanif\Downloads\capstone-agung\capstone-agung\data bubat timur\train\images\BubatBrt_20260512_171724_jpg.rf.TgpUHpqQJxrHGDnNaalA.jpg,ok,640,480
train_bubat_timur,C:\Users\hanif\Downloads\capstone-agung\capstone-agung\data bubat timur\train\images\BubatBrt_20260512_171803_jpg.rf.5WLEewWFGOP91H2j4VFi.jpg,ok,640,480
train_bubat_timur,C:\Users\hanif\Downloads\capstone-agung\capstone-agung\data bubat timur\train\images\BubatBrt_20260512_171842_jpg.rf.gUN7qpFQv4gWfvSM1Pps.jpg,ok,640,480
train_bubat_timur,C:\Users\hanif\Downloads\capstone-agung\capstone-agung\data bubat timur\train\images\BubatBrt_20260512_171921_jpg.rf.So1jnQvbryzsbORmdnvl.jpg,ok,640,480
train_bubat_timur,C:\Users\hanif\Downloads\capstone-agung\capstone-agung\data bubat timur\train\images\BubatBrt_20260512_172039_jpg.rf.0LHtEhl1wRExyD8OzT3p.jpg,ok,640,480
train_bubat_timur,C:\Users\hanif\Downloads\capstone-agung\capstone-agung\data bubat timur\train\images\BubatBrt_20260512_172118_jpg.rf.qCnrJlFwNWUGG73w57Mf.jpg,ok,640,480
train_bubat_timur,C:\Users\hanif\Downloads\capstone-agung\capstone-agung\data bubat timur\train\images\BubatBrt_20260512_172157_jpg.rf.WKuLTXxTQIqf2S5CKO7i.jpg,ok,640,480
train_bubat_timur,C:\Users\hanif\Downloads\capstone-agung\capstone-agung\data bubat timur\train\images\BubatBrt_20260512_172236_jpg.rf.3UCUwCh5ThKgygnnbCA6.jpg,ok,640,480
train_bubat_timur,C:\Users\hanif\Downloads\capstone-agung\capstone-agung\data bubat timur\train\images\BubatBrt_20260512_172315_jpg.rf.dVxT6BGVXIdBzCsF6UFD.jpg,ok,640,480
train_bubat_timur,C:\Users\hanif\Downloads\capstone-agung\capstone-agung\data bubat timur\train\images\BubatBrt_20260512_172354_jpg.rf.WESnle3fIe1Cf7aM5UUq.jpg,ok,640,480
train_bubat_timur,C:\Users\hanif\Downloads\capstone-agung\capstone-agung\data bubat timur\train\images\BubatBrt_20260512_172433_jpg.rf.X9DwJXevAzcHkRgxvXig.jpg,ok,640,480
train_bubat_timur,C:\Users\hanif\Downloads\capstone-agung\capstone-agung\data bubat timur\train\images\BubatBrt_20260512_172630_jpg.rf.sAhWBq2gAxn0dCcX5ivw.jpg,ok,640,480
train_bubat_timur,C:\Users\hanif\Downloads\capstone-agung\capstone-agung\data bubat timur\train\images\BubatBrt_20260512_172709_jpg.rf.zwnNoo3RrLKDqA3B2ymV.jpg,ok,640,480
train_bubat_timur,C:\Users\hanif\Downloads\capstone-agung\capstone-agung\data bubat timur\train\images\BubatBrt_20260512_172827_jpg.rf.WwgVtV2cEBm64zKDZ2kj.jpg,ok,640,480
train_bubat_timur,C:\Users\hanif\Downloads\capstone-agung\capstone-agung\data bubat timur\train\images\BubatBrt_20260512_172906_jpg.rf.QZxEQ5H6MwD6A3mzRdwT.jpg,ok,640,480
train_bubat_timur,C:\Users\hanif\Downloads\capstone-agung\capstone-agung\data bubat timur\train\images\BubatBrt_20260512_172945_jpg.rf.iOD35Jla8Owb9G43FXHh.jpg,ok,640,480
train_bubat_timur,C:\Users\hanif\Downloads\capstone-agung\capstone-agung\data bubat timur\train\images\BubatBrt_20260512_173024_jpg.rf.RS0OMNpCeRZSfDr8mYcN.jpg,ok,640,480
train_bubat_timur,C:\Users\hanif\Downloads\capstone-agung\capstone-agung\data bubat timur\train\images\BubatBrt_20260512_173104_jpg.rf.E2qiV6MVdSnNI0qqbE0W.jpg,ok,640,480
train_bubat_timur,C:\Users\hanif\Downloads\capstone-agung\capstone-agung\data bubat timur\train\images\BubatBrt_20260512_173142_jpg.rf.vvMk7XymuEAbtwpZIW0l.jpg,ok,640,480
train_bubat_timur,C:\Users\hanif\Downloads\capstone-agung\capstone-agung\data bubat timur\train\images\BubatBrt_20260512_173221_jpg.rf.nbxKGDyRZre13nDnGdCv.jpg,ok,640,480
train_bubat_timur,C:\Users\hanif\Downloads\capstone-agung\capstone-agung\data bubat timur\train\images\BubatBrt_20260512_173300_jpg.rf.TUIx2EooTD82vvUKOdxJ.jpg,ok,640,480
train_bubat_timur,C:\Users\hanif\Downloads\capstone-agung\capstone-agung\data bubat timur\train\images\BubatBrt_20260512_173419_jpg.rf.L2FhpR5SBnCLSi9EAJLs.jpg,ok,640,480
train_bubat_timur,C:\Users\hanif\Downloads\capstone-agung\capstone-agung\data bubat timur\train\images\BubatBrt_20260512_173457_jpg.rf.b6OFNfQD99phUPFGHG0f.jpg,ok,640,480
train_bubat_timur,C:\Users\hanif\Downloads\capstone-agung\capstone-agung\data bubat timur\train\images\BubatBrt_20260512_173537_jpg.rf.IbTTD7EWSxWo2WB2N9oB.jpg,ok,640,480
train_bubat_timur,C:\Users\hanif\Downloads\capstone-agung\capstone-agung\data bubat timur\train\images\BubatBrt_20260512_173616_jpg.rf.agDwlt9N9BTMV5DBKu8F.jpg,ok,640,480
train_bubat_timur,C:\Users\hanif\Downloads\capstone-agung\capstone-agung\data bubat timur\train\images\BubatBrt_20260512_173655_jpg.rf.O01egVTuOfLLXltheVL2.jpg,ok,640,480
train_bubat_timur,C:\Users\hanif\Downloads\capstone-agung\capstone-agung\data bubat timur\train\images\BubatBrt_20260512_173734_jpg.rf.6FlhHYJ1l11TsWsIBk1e.jpg,ok,640,480
train_bubat_timur,C:\Users\hanif\Downloads\capstone-agung\capstone-agung\data bubat timur\train\images\BubatBrt_20260512_173813_jpg.rf.vxvwew1iocoSamURz32L.jpg,ok,640,480
train_bubat_timur,C:\Users\hanif\Downloads\capstone-agung\capstone-agung\data bubat timur\train\images\BubatBrt_20260512_173852_jpg.rf.nsL4fsc3zzcWdtdWSVhO.jpg,ok,640,480
train_bubat_timur,C:\Users\hanif\Downloads\capstone-agung\capstone-agung\data bubat timur\train\images\BubatBrt_20260512_173930_jpg.rf.echArM68HX7vvNjRAsX3.jpg,ok,640,480
train_bubat_timur,C:\Users\hanif\Downloads\capstone-agung\capstone-agung\data bubat timur\train\images\BubatBrt_20260512_174010_jpg.rf.1VACRGfppI1Lfu1Wx7AD.jpg,ok,640,480
train_bubat_timur,C:\Users\hanif\Downloads\capstone-agung\capstone-agung\data bubat timur\train\images\BubatBrt_20260512_174049_jpg.rf.HGogNvtUfoasNp8dQxgA.jpg,ok,640,480
train_bubat_timur,C:\Users\hanif\Downloads\capstone-agung\capstone-agung\data bubat timur\train\images\BubatBrt_20260512_174127_jpg.rf.lFR9y1k5rmBiayOAaUhR.jpg,ok,640,480
train_bubat_timur,C:\Users\hanif\Downloads\capstone-agung\capstone-agung\data bubat timur\train\images\BubatBrt_20260512_174206_jpg.rf.hMSAnUpS5lsqbh5KDVEa.jpg,ok,640,480
train_bubat_timur,C:\Users\hanif\Downloads\capstone-agung\capstone-agung\data bubat timur\train\images\BubatBrt_20260512_174246_jpg.rf.Mqg8LvzgERGS3n6SU7Kj.jpg,ok,640,480
train_bubat_timur,C:\Users\hanif\Downloads\capstone-agung\capstone-agung\data bubat timur\train\images\BubatBrt_20260512_174325_jpg.rf.RJ71JLGA7HrFZQYyN8jx.jpg,ok,640,480
train_bubat_timur,C:\Users\hanif\Downloads\capstone-agung\capstone-agung\data bubat timur\train\images\BubatBrt_20260512_174404_jpg.rf.WAxXdDa07WtHqnAUMn5D.jpg,ok,640,480
train_bubat_timur,C:\Users\hanif\Downloads\capstone-agung\capstone-agung\data bubat timur\train\images\BubatBrt_20260512_174443_jpg.rf.dVcNDO0zQQIMYQHSK1ND.jpg,ok,640,480
train_bubat_timur,C:\Users\hanif\Downloads\capstone-agung\capstone-agung\data bubat timur\train\images\BubatBrt_20260512_174522_jpg.rf.MwycNk1Vh3zCrb3NI0Ex.jpg,ok,640,480
train_bubat_timur,C:\Users\hanif\Downloads\capstone-agung\capstone-agung\data bubat timur\train\images\BubatBrt_20260512_174601_jpg.rf.52lFoOdRU14ejOqWKbpq.jpg,ok,640,480
train_bubat_timur,C:\Users\hanif\Downloads\capstone-agung\capstone-agung\data bubat timur\train\images\BubatBrt_20260512_174640_jpg.rf.dB7yzhgGibuC6gklKAig.jpg,ok,640,480
train_bubat_timur,C:\Users\hanif\Downloads\capstone-agung\capstone-agung\data bubat timur\train\images\BubatBrt_20260512_174719_jpg.rf.eJx3809MZfONE9jce98P.jpg,ok,640,480
train_bubat_timur,C:\Users\hanif\Downloads\capstone-agung\capstone-agung\data bubat timur\train\images\BubatBrt_20260512_174758_jpg.rf.EmXkK85UMdXS1NbtXf41.jpg,ok,640,480
train_bubat_timur,C:\Users\hanif\Downloads\capstone-agung\capstone-agung\data bubat timur\train\images\BubatBrt_20260512_174955_jpg.rf.aqvAO0Okgv2RSvD5W6dS.jpg,ok,640,480
train_bubat_timur,C:\Users\hanif\Downloads\capstone-agung\capstone-agung\data bubat timur\train\images\BubatBrt_20260512_175034_jpg.rf.ydspDhzvm3BU7uM437JK.jpg,ok,640,480
train_bubat_timur,C:\Users\hanif\Downloads\capstone-agung\capstone-agung\data bubat timur\train\images\BubatBrt_20260512_175152_jpg.rf.ALLpU6K8MN85OizA6EG5.jpg,ok,640,480
train_bubat_timur,C:\Users\hanif\Downloads\capstone-agung\capstone-agung\data bubat timur\train\images\BubatBrt_20260512_175231_jpg.rf.6VbfsIJXysRnB11a2e3q.jpg,ok,640,480
train_bubat_timur,C:\Users\hanif\Downloads\capstone-agung\capstone-agung\data bubat timur\train\images\BubatBrt_20260512_175311_jpg.rf.gp42Ftt6lKpsvRrTExPV.jpg,ok,640,480
train_bubat_timur,C:\Users\hanif\Downloads\capstone-agung\capstone-agung\data bubat timur\train\images\BubatBrt_20260512_175349_jpg.rf.xEmk6rtevmAlTm4RM2SM.jpg,ok,640,480
train_bubat_timur,C:\Users\hanif\Downloads\capstone-agung\capstone-agung\data bubat timur\train\images\BubatBrt_20260512_175428_jpg.rf.dm6w16ycaO8cA9aMcPjj.jpg,ok,640,480
train_bubat_timur,C:\Users\hanif\Downloads\capstone-agung\capstone-agung\data bubat timur\train\images\BubatBrt_20260512_175507_jpg.rf.FtQhPRnvHAhnez4FyDbK.jpg,ok,640,480
train_bubat_timur,C:\Users\hanif\Downloads\capstone-agung\capstone-agung\data bubat timur\train\images\BubatBrt_20260512_175546_jpg.rf.WWbMSak9Vw6vdi7S83Yu.jpg,ok,640,480
train_bubat_timur,C:\Users\hanif\Downloads\capstone-agung\capstone-agung\data bubat timur\train\images\BubatBrt_20260512_175625_jpg.rf.oq1lLfrJZrZ158YXe0ca.jpg,ok,640,480
train_bubat_timur,C:\Users\hanif\Downloads\capstone-agung\capstone-agung\data bubat timur\train\images\BubatBrt_20260512_175743_jpg.rf.WVe0vikC5ax4L71JRoRe.jpg,ok,640,480
train_bubat_timur,C:\Users\hanif\Downloads\capstone-agung\capstone-agung\data bubat timur\train\images\BubatBrt_20260512_175823_jpg.rf.VavfWckYg7fiphxP7Fcz.jpg,ok,640,480
train_bubat_timur,C:\Users\hanif\Downloads\capstone-agung\capstone-agung\data bubat timur\train\images\BubatBrt_20260512_175902_jpg.rf.aiBxsVoInfnIY7qHbugJ.jpg,ok,640,480
train_bubat_timur,C:\Users\hanif\Downloads\capstone-agung\capstone-agung\data bubat timur\train\images\BubatBrt_20260512_175941_jpg.rf.IpFUwSGR9d6a04C0d4yM.jpg,ok,640,480
train_bubat_timur,C:\Users\hanif\Downloads\capstone-agung\capstone-agung\data bubat timur\train\images\BubatBrt_20260512_180059_jpg.rf.ZkVPtGeHxHYs3pDOV8c1.jpg,ok,640,480
train_bubat_timur,C:\Users\hanif\Downloads\capstone-agung\capstone-agung\data bubat timur\train\images\BubatBrt_20260512_180138_jpg.rf.GAaSXihFjEzCzm015d7t.jpg,ok,640,480
train_bubat_timur,C:\Users\hanif\Downloads\capstone-agung\capstone-agung\data bubat timur\train\images\BubatBrt_20260512_180159_jpg.rf.GfKiYNrX0T5HatXZtrBe.jpg,ok,640,480
train_bubat_timur,C:\Users\hanif\Downloads\capstone-agung\capstone-agung\data bubat timur\train\images\BubatBrt_20260512_180237_jpg.rf.5Eei0KSGJiMBWMInCW8k.jpg,ok,640,480
train_bubat_timur,C:\Users\hanif\Downloads\capstone-agung\capstone-agung\data bubat timur\train\images\BubatBrt_20260512_180317_jpg.rf.Cnk9SpKTVxCZDAXzRh1v.jpg,ok,640,480
train_bubat_timur,C:\Users\hanif\Downloads\capstone-agung\capstone-agung\data bubat timur\train\images\BubatBrt_20260512_180355_jpg.rf.gBvu9KtPsrxovaPnfYDl.jpg,ok,640,480
train_bubat_timur,C:\Users\hanif\Downloads\capstone-agung\capstone-agung\data bubat timur\train\images\BubatBrt_20260512_180434_jpg.rf.B2L5pN2feXSoLacXA5A7.jpg,ok,640,480
train_bubat_timur,C:\Users\hanif\Downloads\capstone-agung\capstone-agung\data bubat timur\train\images\BubatBrt_20260512_180514_jpg.rf.CrLSykwGUaPvSnreyNop.jpg,ok,640,480
train_bubat_timur,C:\Users\hanif\Downloads\capstone-agung\capstone-agung\data bubat timur\train\images\BubatBrt_20260512_180632_jpg.rf.aEegpJpVQyzUX3DgoiJq.jpg,ok,640,480
train_bubat_timur,C:\Users\hanif\Downloads\capstone-agung\capstone-agung\data bubat timur\train\images\BubatBrt_20260512_180710_jpg.rf.YP2vNGK7kSu2I1AtzjT7.jpg,ok,640,480
train_bubat_timur,C:\Users\hanif\Downloads\capstone-agung\capstone-agung\data bubat timur\train\images\BubatBrt_20260512_180749_jpg.rf.6I9u7ClA7W8cVO6n7bFG.jpg,ok,640,480
train_bubat_timur,C:\Users\hanif\Downloads\capstone-agung\capstone-agung\data bubat timur\train\images\BubatBrt_20260512_180828_jpg.rf.DSsRe3ngB1aDc90yT9hT.jpg,ok,640,480
train_bubat_timur,C:\Users\hanif\Downloads\capstone-agung\capstone-agung\data bubat timur\train\images\BubatBrt_20260512_181006_jpg.rf.3ls2epjwmVfsUzqXv47V.jpg,ok,640,480
train_bubat_timur,C:\Users\hanif\Downloads\capstone-agung\capstone-agung\data bubat timur\train\images\BubatBrt_20260512_181045_jpg.rf.yTgcCVvkZK11rxlymPDi.jpg,ok,640,480
train_bubat_timur,C:\Users\hanif\Downloads\capstone-agung\capstone-agung\data bubat timur\train\images\BubatBrt_20260512_181124_jpg.rf.GkWARQYWkyK7KMCIdsPj.jpg,ok,640,480
train_bubat_timur,C:\Users\hanif\Downloads\capstone-agung\capstone-agung\data bubat timur\train\images\BubatBrt_20260512_181318_jpg.rf.pz9OauK5wINdvmTC7JYc.jpg,ok,640,480
train_bubat_timur,C:\Users\hanif\Downloads\capstone-agung\capstone-agung\data bubat timur\train\images\BubatBrt_20260512_181357_jpg.rf.LiqGEtJqzezvrRK0HBeQ.jpg,ok,640,480
train_bubat_timur,C:\Users\hanif\Downloads\capstone-agung\capstone-agung\data bubat timur\train\images\BubatBrt_20260512_181515_jpg.rf.uc8UtLDlBAFLkr6LBlkE.jpg,ok,640,480
train_bubat_timur,C:\Users\hanif\Downloads\capstone-agung\capstone-agung\data bubat timur\train\images\BubatBrt_20260512_181554_jpg.rf.8QMKUqpZXERlC0LPIHro.jpg,ok,640,480
train_bubat_timur,C:\Users\hanif\Downloads\capstone-agung\capstone-agung\data bubat timur\train\images\BubatBrt_20260512_181634_jpg.rf.ewM256scl4iW9U1vJZeY.jpg,ok,640,480
train_bubat_timur,C:\Users\hanif\Downloads\capstone-agung\capstone-agung\data bubat timur\train\images\BubatBrt_20260512_181712_jpg.rf.nO6HMGDsnrNXH2AIET54.jpg,ok,640,480
train_bubat_timur,C:\Users\hanif\Downloads\capstone-agung\capstone-agung\data bubat timur\train\images\BubatBrt_20260512_181830_jpg.rf.RWrwL3IImX0kMFuE2Ovs.jpg,ok,640,480
train_bubat_timur,C:\Users\hanif\Downloads\capstone-agung\capstone-agung\data bubat timur\train\images\BubatBrt_20260512_181909_jpg.rf.YhFMxR6b3XZUeOJRGZo8.jpg,ok,640,480
train_bubat_timur,C:\Users\hanif\Downloads\capstone-agung\capstone-agung\data bubat timur\train\images\BubatBrt_20260512_181948_jpg.rf.znm4CqBY8jEc9dzAE2Ke.jpg,ok,640,480
train_bubat_timur,C:\Users\hanif\Downloads\capstone-agung\capstone-agung\data bubat timur\train\images\BubatBrt_20260512_182027_jpg.rf.hShIAPxDV7kDLy9xPgf8.jpg,ok,640,480
train_bubat_timur,C:\Users\hanif\Downloads\capstone-agung\capstone-agung\data bubat timur\train\images\BubatBrt_20260512_182106_jpg.rf.zD7nE6PRBsuHXVCqiMSp.jpg,ok,640,480
train_bubat_timur,C:\Users\hanif\Downloads\capstone-agung\capstone-agung\data bubat timur\train\images\BubatBrt_20260512_182145_jpg.rf.Xf0pH5fIWtGF9S0mopLg.jpg,ok,640,480
train_bubat_timur,C:\Users\hanif\Downloads\capstone-agung\capstone-agung\data bubat timur\train\images\BubatBrt_20260512_182225_jpg.rf.OpYNmumWx4DKuRz0O5Ph.jpg,ok,640,480
train_bubat_timur,C:\Users\hanif\Downloads\capstone-agung\capstone-agung\data bubat timur\train\images\BubatBrt_20260512_182304_jpg.rf.djnnfKj5qKOeDG26j7ok.jpg,ok,640,480
train_bubat_timur,C:\Users\hanif\Downloads\capstone-agung\capstone-agung\data bubat timur\train\images\BubatBrt_20260512_182422_jpg.rf.c0piqA5UQzd3cYsg7CJq.jpg,ok,640,480
train_bubat_timur,C:\Users\hanif\Downloads\capstone-agung\capstone-agung\data bubat timur\train\images\BubatBrt_20260512_182501_jpg.rf.ko8INmVtbUChGp9KM5cW.jpg,ok,640,480
train_bubat_timur,C:\Users\hanif\Downloads\capstone-agung\capstone-agung\data bubat timur\train\images\BubatBrt_20260512_182540_jpg.rf.CsGj87vz0v2PAaCbJdLJ.jpg,ok,640,480
train_bubat_timur,C:\Users\hanif\Downloads\capstone-agung\capstone-agung\data bubat timur\train\images\BubatBrt_20260512_182619_jpg.rf.UNuYYC7XW7iOD7ZOwtlE.jpg,ok,640,480
train_bubat_timur,C:\Users\hanif\Downloads\capstone-agung\capstone-agung\data bubat timur\train\images\BubatBrt_20260512_182816_jpg.rf.vYvQe6UTLLa5KtYMzAZo.jpg,ok,640,480
train_bubat_timur,C:\Users\hanif\Downloads\capstone-agung\capstone-agung\data bubat timur\train\images\BubatBrt_20260512_182855_jpg.rf.Gpkgyh2ZwlrNBTNRNUys.jpg,ok,640,480
train_bubat_timur,C:\Users\hanif\Downloads\capstone-agung\capstone-agung\data bubat timur\train\images\BubatBrt_20260512_183013_jpg.rf.GTLwkFD0zYASzAr4H0Id.jpg,ok,640,480
train_bubat_timur,C:\Users\hanif\Downloads\capstone-agung\capstone-agung\data bubat timur\train\images\BubatBrt_20260512_183052_jpg.rf.AiztSwsKj3HuGIYxZro7.jpg,ok,640,480
train_bubat_timur,C:\Users\hanif\Downloads\capstone-agung\capstone-agung\data bubat timur\train\images\BubatBrt_20260512_183131_jpg.rf.vVMdhTkL2qP29P2qKLi2.jpg,ok,640,480
train_bubat_timur,C:\Users\hanif\Downloads\capstone-agung\capstone-agung\data bubat timur\train\images\BubatBrt_20260512_183210_jpg.rf.T2In3gdk8SB56YUNWAde.jpg,ok,640,480
train_bubat_timur,C:\Users\hanif\Downloads\capstone-agung\capstone-agung\data bubat timur\train\images\BubatBrt_20260512_183328_jpg.rf.AZcoZQtv5MZcpk0mSi5L.jpg,ok,640,480
train_bubat_timur,C:\Users\hanif\Downloads\capstone-agung\capstone-agung\data bubat timur\train\images\BubatBrt_20260512_183407_jpg.rf.bNGbC166HDFPpV1nYtVq.jpg,ok,640,480
train_bubat_timur,C:\Users\hanif\Downloads\capstone-agung\capstone-agung\data bubat timur\train\images\BubatBrt_20260512_183446_jpg.rf.4EE6dlCwiXg4QDfkdPYt.jpg,ok,640,480
train_bubat_timur,C:\Users\hanif\Downloads\capstone-agung\capstone-agung\data bubat timur\train\images\BubatBrt_20260512_183526_jpg.rf.RgxM5QhcvVUMyhxT6C2G.jpg,ok,640,480
train_bubat_timur,C:\Users\hanif\Downloads\capstone-agung\capstone-agung\data bubat timur\train\images\BubatBrt_20260512_183605_jpg.rf.zPmEh5BGizY4ZcMGBQOK.jpg,ok,640,480
train_bubat_timur,C:\Users\hanif\Downloads\capstone-agung\capstone-agung\data bubat timur\train\images\BubatBrt_20260512_183644_jpg.rf.5elUOl9WAq9TRtOA0DwF.jpg,ok,640,480
train_bubat_timur,C:\Users\hanif\Downloads\capstone-agung\capstone-agung\data bubat timur\train\images\BubatBrt_20260512_183723_jpg.rf.J75kMflSG7tSFlic4XtA.jpg,ok,640,480
train_bubat_timur,C:\Users\hanif\Downloads\capstone-agung\capstone-agung\data bubat timur\train\images\BubatBrt_20260512_183802_jpg.rf.Nx3pVtJ5992gfB23r2dL.jpg,ok,640,480
train_bubat_timur,C:\Users\hanif\Downloads\capstone-agung\capstone-agung\data bubat timur\train\images\BubatBrt_20260512_183842_jpg.rf.hK3GWL52PajEVELq9GjE.jpg,ok,640,480
train_bubat_timur,C:\Users\hanif\Downloads\capstone-agung\capstone-agung\data bubat timur\train\images\BubatBrt_20260512_183921_jpg.rf.VgNKgWBna22BJ9Vfahr8.jpg,ok,640,480
train_bubat_timur,C:\Users\hanif\Downloads\capstone-agung\capstone-agung\data bubat timur\train\images\BubatBrt_20260512_184000_jpg.rf.dCRP2vgsW6R3tHA6cTy0.jpg,ok,640,480
train_bubat_timur,C:\Users\hanif\Downloads\capstone-agung\capstone-agung\data bubat timur\train\images\BubatBrt_20260512_184039_jpg.rf.z6uNOXsyApvnZfZNluIs.jpg,ok,640,480
train_bubat_timur,C:\Users\hanif\Downloads\capstone-agung\capstone-agung\data bubat timur\train\images\BubatBrt_20260512_184119_jpg.rf.UGe81hHXbnNjlM46CmWt.jpg,ok,640,480
train_bubat_timur,C:\Users\hanif\Downloads\capstone-agung\capstone-agung\data bubat timur\train\images\BubatBrt_20260512_184236_jpg.rf.DIpyRQWhO2WfuJv5EeHN.jpg,ok,640,480
train_bubat_timur,C:\Users\hanif\Downloads\capstone-agung\capstone-agung\data bubat timur\train\images\BubatBrt_20260512_184315_jpg.rf.XaLJYW8wCmGFKZ9XugXn.jpg,ok,640,480
train_bubat_timur,C:\Users\hanif\Downloads\capstone-agung\capstone-agung\data bubat timur\train\images\BubatBrt_20260512_184354_jpg.rf.vXIZscjkVNIM2xnQ81XU.jpg,ok,640,480
train_bubat_timur,C:\Users\hanif\Downloads\capstone-agung\capstone-agung\data bubat timur\train\images\BubatBrt_20260512_184512_jpg.rf.vamRwNbyNLRpB3XeqSOO.jpg,ok,640,480
train_bubat_timur,C:\Users\hanif\Downloads\capstone-agung\capstone-agung\data bubat timur\train\images\BubatBrt_20260512_184551_jpg.rf.2YTP2DQyZET9efHOx6LL.jpg,ok,640,480
train_bubat_timur,C:\Users\hanif\Downloads\capstone-agung\capstone-agung\data bubat timur\train\images\BubatBrt_20260512_184630_jpg.rf.oMq7ZlO59PLBTBbLhUlB.jpg,ok,640,480
train_bubat_timur,C:\Users\hanif\Downloads\capstone-agung\capstone-agung\data bubat timur\train\images\BubatBrt_20260512_184709_jpg.rf.LkDbrjQSCtYKQJ4V8Jaq.jpg,ok,640,480
train_bubat_timur,C:\Users\hanif\Downloads\capstone-agung\capstone-agung\data bubat timur\train\images\BubatBrt_20260512_184749_jpg.rf.WoFl9RdrzOtmeUsZPHPp.jpg,ok,640,480
train_bubat_timur,C:\Users\hanif\Downloads\capstone-agung\capstone-agung\data bubat timur\train\images\BubatBrt_20260512_184828_jpg.rf.RgoUvgnEEdlSp6NWj9M8.jpg,ok,640,480
train_bubat_timur,C:\Users\hanif\Downloads\capstone-agung\capstone-agung\data bubat timur\train\images\BubatBrt_20260512_184907_jpg.rf.9INmWt6YjG0rH5cgdgxo.jpg,ok,640,480
train_bubat_timur,C:\Users\hanif\Downloads\capstone-agung\capstone-agung\data bubat timur\train\images\BubatBrt_20260512_184946_jpg.rf.1WPIn1oJnZge14nKJ8mm.jpg,ok,640,480
train_bubat_timur,C:\Users\hanif\Downloads\capstone-agung\capstone-agung\data bubat timur\train\images\BubatBrt_20260512_185104_jpg.rf.VzUzEdA0RK7VeqU4Z5LZ.jpg,ok,640,480
train_bubat_timur,C:\Users\hanif\Downloads\capstone-agung\capstone-agung\data bubat timur\train\images\BubatBrt_20260512_185143_jpg.rf.Oy9DG61fHK0ULzA9G2c2.jpg,ok,640,480
train_bubat_timur,C:\Users\hanif\Downloads\capstone-agung\capstone-agung\data bubat timur\train\images\BubatBrt_20260512_185222_jpg.rf.ybLxtAFKeIQF9CSVSiCL.jpg,ok,640,480
train_bubat_timur,C:\Users\hanif\Downloads\capstone-agung\capstone-agung\data bubat timur\train\images\BubatBrt_20260512_185340_jpg.rf.3u8F8bf4LmgKTx02dlFZ.jpg,ok,640,480
train_bubat_timur,C:\Users\hanif\Downloads\capstone-agung\capstone-agung\data bubat timur\train\images\BubatBrt_20260512_185419_jpg.rf.swR3GtOV6hQfgFbWtPz3.jpg,ok,640,480
train_bubat_timur,C:\Users\hanif\Downloads\capstone-agung\capstone-agung\data bubat timur\train\images\BubatBrt_20260512_185458_jpg.rf.XN2ttdLmldAOfxqms7ny.jpg,ok,640,480
train_bubat_timur,C:\Users\hanif\Downloads\capstone-agung\capstone-agung\data bubat timur\train\images\BubatBrt_20260512_185537_jpg.rf.yob9VL9EUY35LulT1PAp.jpg,ok,640,480
train_bubat_timur,C:\Users\hanif\Downloads\capstone-agung\capstone-agung\data bubat timur\train\images\BubatBrt_20260512_185656_jpg.rf.wnve5AoAuCQ42jnpF6Ik.jpg,ok,640,480
train_bubat_timur,C:\Users\hanif\Downloads\capstone-agung\capstone-agung\data bubat timur\train\images\BubatBrt_20260512_185735_jpg.rf.48J6jgCmGY9GklyhAsTD.jpg,ok,640,480
train_bubat_timur,C:\Users\hanif\Downloads\capstone-agung\capstone-agung\data bubat timur\train\images\BubatBrt_20260512_185813_jpg.rf.j6VuuFGYmzU2QrakTfdD.jpg,ok,640,480
train_bubat_timur,C:\Users\hanif\Downloads\capstone-agung\capstone-agung\data bubat timur\train\images\BubatBrt_20260512_185853_jpg.rf.Bfi9PmhcAnM0WScsmm0S.jpg,ok,640,480
train_bubat_timur,C:\Users\hanif\Downloads\capstone-agung\capstone-agung\data bubat timur\train\images\BubatBrt_20260512_185932_jpg.rf.vRaTR2HMQdddXsmuNPFn.jpg,ok,640,480
train_bubat_timur,C:\Users\hanif\Downloads\capstone-agung\capstone-agung\data bubat timur\train\images\BubatBrt_20260512_190011_jpg.rf.Neae9I7Dz3I5nknvoE45.jpg,ok,640,480
train_bubat_timur,C:\Users\hanif\Downloads\capstone-agung\capstone-agung\data bubat timur\train\images\BubatBrt_20260512_190050_jpg.rf.77UCKy7mEE8ESY1mYSLL.jpg,ok,640,480
train_bubat_timur,C:\Users\hanif\Downloads\capstone-agung\capstone-agung\data bubat timur\train\images\BubatBrt_20260512_190129_jpg.rf.iw7UjvqooP1YTJhdRusG.jpg,ok,640,480
train_bubat_timur,C:\Users\hanif\Downloads\capstone-agung\capstone-agung\data bubat timur\train\images\BubatBrt_20260512_190208_jpg.rf.oCw6Tdl8lNQpKB3Jsxde.jpg,ok,640,480
train_bubat_timur,C:\Users\hanif\Downloads\capstone-agung\capstone-agung\data bubat timur\train\images\BubatBrt_20260512_190327_jpg.rf.2KCpuC6etW7DFRHh854m.jpg,ok,640,480
train_bubat_timur,C:\Users\hanif\Downloads\capstone-agung\capstone-agung\data bubat timur\train\images\BubatBrt_20260512_190406_jpg.rf.hobo0OTtH9yjsrCifY0h.jpg,ok,640,480
train_bubat_timur,C:\Users\hanif\Downloads\capstone-agung\capstone-agung\data bubat timur\train\images\BubatBrt_20260512_190524_jpg.rf.nZglUJ9ARuwne1UGGewb.jpg,ok,640,480
train_bubat_timur,C:\Users\hanif\Downloads\capstone-agung\capstone-agung\data bubat timur\train\images\BubatBrt_20260512_190603_jpg.rf.s69aXMxM3FRDVxhU2PB6.jpg,ok,640,480
train_bubat_timur,C:\Users\hanif\Downloads\capstone-agung\capstone-agung\data bubat timur\train\images\BubatBrt_20260512_190643_jpg.rf.iNM4J1c4g1VuQkVURJjT.jpg,ok,640,480
train_bubat_timur,C:\Users\hanif\Downloads\capstone-agung\capstone-agung\data bubat timur\train\images\BubatBrt_20260512_190722_jpg.rf.HJQHojI7yPUz7ddn5yZB.jpg,ok,640,480
train_bubat_timur,C:\Users\hanif\Downloads\capstone-agung\capstone-agung\data bubat timur\train\images\BubatBrt_20260512_190840_jpg.rf.YYHfRW1qSIvjJxiVCNhl.jpg,ok,640,480
train_bubat_timur,C:\Users\hanif\Downloads\capstone-agung\capstone-agung\data bubat timur\train\images\BubatBrt_20260512_190920_jpg.rf.NBRO2aWJdSmt87fOfM4n.jpg,ok,640,480
train_bubat_timur,C:\Users\hanif\Downloads\capstone-agung\capstone-agung\data bubat timur\train\images\BubatBrt_20260512_190959_jpg.rf.bIF2hyvT1gjSmEOZo8uI.jpg,ok,640,480
train_bubat_timur,C:\Users\hanif\Downloads\capstone-agung\capstone-agung\data bubat timur\train\images\BubatBrt_20260512_191038_jpg.rf.DftHFQ3xXoxHSVZGNSeV.jpg,ok,640,480
train_bubat_timur,C:\Users\hanif\Downloads\capstone-agung\capstone-agung\data bubat timur\train\images\BubatBrt_20260512_191155_jpg.rf.JFpFtWimbVEop3C9V7n3.jpg,ok,640,480
train_bubat_timur,C:\Users\hanif\Downloads\capstone-agung\capstone-agung\data bubat timur\train\images\BubatBrt_20260512_191234_jpg.rf.fVRW4GQjSnlBk08n0tSC.jpg,ok,640,480
train_bubat_timur,C:\Users\hanif\Downloads\capstone-agung\capstone-agung\data bubat timur\train\images\BubatBrt_20260512_191313_jpg.rf.pOWzxDP7YvX82cvRelwd.jpg,ok,640,480
train_bubat_timur,C:\Users\hanif\Downloads\capstone-agung\capstone-agung\data bubat timur\train\images\BubatBrt_20260512_191431_jpg.rf.G3jdpbn5eNVvVzDL9GZI.jpg,ok,640,480
train_bubat_timur,C:\Users\hanif\Downloads\capstone-agung\capstone-agung\data bubat timur\train\images\BubatBrt_20260512_191510_jpg.rf.qLnuSwCrOvTCcEPjHMbr.jpg,ok,640,480
train_bubat_timur,C:\Users\hanif\Downloads\capstone-agung\capstone-agung\data bubat timur\train\images\BubatBrt_20260512_191549_jpg.rf.n53IYu1zY4lvUDwtY1On.jpg,ok,640,480
train_bubat_timur,C:\Users\hanif\Downloads\capstone-agung\capstone-agung\data bubat timur\train\images\BubatBrt_20260512_191746_jpg.rf.8z5DwxdaLCCCjo0iGaan.jpg,ok,640,480
train_bubat_timur,C:\Users\hanif\Downloads\capstone-agung\capstone-agung\data bubat timur\train\images\BubatBrt_20260512_191826_jpg.rf.Xkt9caxR8ewAqSM6IFEY.jpg,ok,640,480
train_bubat_timur,C:\Users\hanif\Downloads\capstone-agung\capstone-agung\data bubat timur\train\images\BubatBrt_20260512_191904_jpg.rf.gjAw8QDhooxC6QHs9cqr.jpg,ok,640,480
train_bubat_timur,C:\Users\hanif\Downloads\capstone-agung\capstone-agung\data bubat timur\train\images\BubatBrt_20260512_192022_jpg.rf.D7h5Bo52fHHYULepCVcg.jpg,ok,640,480
train_bubat_timur,C:\Users\hanif\Downloads\capstone-agung\capstone-agung\data bubat timur\train\images\BubatBrt_20260512_192102_jpg.rf.zFjoGSuq9kooLJOTughF.jpg,ok,640,480
train_bubat_timur,C:\Users\hanif\Downloads\capstone-agung\capstone-agung\data bubat timur\train\images\BubatBrt_20260512_192141_jpg.rf.5hoeNe5qwvHeJQ7bA2cF.jpg,ok,640,480
train_bubat_timur,C:\Users\hanif\Downloads\capstone-agung\capstone-agung\data bubat timur\train\images\BubatBrt_20260512_192259_jpg.rf.AHBUAOgnNYzejfwMTnUH.jpg,ok,640,480
train_bubat_timur,C:\Users\hanif\Downloads\capstone-agung\capstone-agung\data bubat timur\train\images\BubatBrt_20260512_192338_jpg.rf.7hY9slTLbN9TkKUwIXOT.jpg,ok,640,480
train_bubat_timur,C:\Users\hanif\Downloads\capstone-agung\capstone-agung\data bubat timur\train\images\BubatBrt_20260512_192418_jpg.rf.7EOiMRm9FXU2oDtCPpqg.jpg,ok,640,480
train_bubat_timur,C:\Users\hanif\Downloads\capstone-agung\capstone-agung\data bubat timur\train\images\BubatBrt_20260512_192457_jpg.rf.hsm5CqXJiUCOSigiEhBr.jpg,ok,640,480
train_bubat_timur,C:\Users\hanif\Downloads\capstone-agung\capstone-agung\data bubat timur\train\images\BubatBrt_20260512_192615_jpg.rf.Gxx5HCAfk5Lmi4PmIg0O.jpg,ok,640,480
train_bubat_timur,C:\Users\hanif\Downloads\capstone-agung\capstone-agung\data bubat timur\train\images\BubatBrt_20260512_192655_jpg.rf.GNg0wHO5rRr9UWevJUwD.jpg,ok,640,480
train_bubat_timur,C:\Users\hanif\Downloads\capstone-agung\capstone-agung\data bubat timur\train\images\BubatBrt_20260512_192734_jpg.rf.Efe9nGzhkp4niTHbbzzj.jpg,ok,640,480
train_bubat_timur,C:\Users\hanif\Downloads\capstone-agung\capstone-agung\data bubat timur\train\images\BubatBrt_20260512_193011_jpg.rf.x7FMQd7obE8STh8J50rN.jpg,ok,640,480
train_bubat_timur,C:\Users\hanif\Downloads\capstone-agung\capstone-agung\data bubat timur\train\images\BubatBrt_20260512_193050_jpg.rf.VGmUqGalAt5AVWlhYuoS.jpg,ok,640,480
train_bubat_timur,C:\Users\hanif\Downloads\capstone-agung\capstone-agung\data bubat timur\train\images\BubatBrt_20260512_193129_jpg.rf.Q6RL6IZ1xJj6ENqXo9Vx.jpg,ok,640,480
train_bubat_timur,C:\Users\hanif\Downloads\capstone-agung\capstone-agung\data bubat timur\train\images\BubatBrt_20260512_193208_jpg.rf.AqxO7YCkKeoGpKAR26at.jpg,ok,640,480
train_bubat_timur,C:\Users\hanif\Downloads\capstone-agung\capstone-agung\data bubat timur\train\images\BubatBrt_20260512_193248_jpg.rf.VH70TQA6MkTe5db78BlI.jpg,ok,640,480
train_bubat_timur,C:\Users\hanif\Downloads\capstone-agung\capstone-agung\data bubat timur\train\images\BubatBrt_20260512_193327_jpg.rf.TOixMWwaiiN2bLKu3eUc.jpg,ok,640,480
train_bubat_timur,C:\Users\hanif\Downloads\capstone-agung\capstone-agung\data bubat timur\train\images\BubatBrt_20260512_193525_jpg.rf.odeiaDyZEfKWAqxH4tQj.jpg,ok,640,480
train_bubat_timur,C:\Users\hanif\Downloads\capstone-agung\capstone-agung\data bubat timur\train\images\BubatBrt_20260512_193603_jpg.rf.zRkuFryB8pRmGQ08lJ9X.jpg,ok,640,480
train_bubat_timur,C:\Users\hanif\Downloads\capstone-agung\capstone-agung\data bubat timur\train\images\BubatBrt_20260512_193643_jpg.rf.9k7it8kCOEQRzPK5y5vX.jpg,ok,640,480
train_bubat_timur,C:\Users\hanif\Downloads\capstone-agung\capstone-agung\data bubat timur\train\images\BubatBrt_20260512_193840_jpg.rf.iZgACT0aYiWoPW7GmjAu.jpg,ok,640,480
train_bubat_timur,C:\Users\hanif\Downloads\capstone-agung\capstone-agung\data bubat timur\train\images\BubatBrt_20260512_193919_jpg.rf.B110WvMu4y14VHV1TrHR.jpg,ok,640,480
train_bubat_timur,C:\Users\hanif\Downloads\capstone-agung\capstone-agung\data bubat timur\train\images\BubatBrt_20260512_194039_jpg.rf.GUNqv5pEt6hnieBlU3Ag.jpg,ok,640,480
train_bubat_timur,C:\Users\hanif\Downloads\capstone-agung\capstone-agung\data bubat timur\train\images\BubatBrt_20260512_194118_jpg.rf.xScdP0Fhd0VVhpE2g4Jn.jpg,ok,640,480
train_bubat_timur,C:\Users\hanif\Downloads\capstone-agung\capstone-agung\data bubat timur\train\images\BubatBrt_20260512_194157_jpg.rf.htbmjfgTPzZ2XEPH0KXt.jpg,ok,640,480
train_bubat_timur,C:\Users\hanif\Downloads\capstone-agung\capstone-agung\data bubat timur\train\images\BubatBrt_20260512_194236_jpg.rf.xQbsudvCXCfQ2snTgt7h.jpg,ok,640,480
train_bubat_timur,C:\Users\hanif\Downloads\capstone-agung\capstone-agung\data bubat timur\train\images\BubatBrt_20260512_194354_jpg.rf.P43AcWw0kdx2ULW1jtcr.jpg,ok,640,480
train_bubat_timur,C:\Users\hanif\Downloads\capstone-agung\capstone-agung\data bubat timur\train\images\BubatBrt_20260512_194433_jpg.rf.KAwYYBUtSqxkvgad0af8.jpg,ok,640,480
train_bubat_timur,C:\Users\hanif\Downloads\capstone-agung\capstone-agung\data bubat timur\train\images\BubatBrt_20260512_194512_jpg.rf.GdoX2Aq3dfnEAL8SxO6X.jpg,ok,640,480
train_bubat_timur,C:\Users\hanif\Downloads\capstone-agung\capstone-agung\data bubat timur\train\images\BubatBrt_20260512_194551_jpg.rf.DCCVejsN0QL7VtmtHOLp.jpg,ok,640,480
train_bubat_timur,C:\Users\hanif\Downloads\capstone-agung\capstone-agung\data bubat timur\train\images\BubatBrt_20260512_194748_jpg.rf.fXBjTMK4dVLSE3gMMpps.jpg,ok,640,480
train_bubat_timur,C:\Users\hanif\Downloads\capstone-agung\capstone-agung\data bubat timur\train\images\BubatBrt_20260512_194827_jpg.rf.VBCfGwIdMjKEMGFVWyxe.jpg,ok,640,480
train_bubat_timur,C:\Users\hanif\Downloads\capstone-agung\capstone-agung\data bubat timur\train\images\BubatBrt_20260512_194847_jpg.rf.wWiCwrvTXNefVPzGCRAH.jpg,ok,640,480
train_bubat_timur,C:\Users\hanif\Downloads\capstone-agung\capstone-agung\data bubat timur\train\images\BubatBrt_20260512_194926_jpg.rf.vgerG66yY3ySplOO0PzI.jpg,ok,640,480
train_bubat_timur,C:\Users\hanif\Downloads\capstone-agung\capstone-agung\data bubat timur\train\images\BubatBrt_20260512_195024_jpg.rf.Ep1DZJiiJhsQioUNpIdN.jpg,ok,640,480
train_bubat_timur,C:\Users\hanif\Downloads\capstone-agung\capstone-agung\data bubat timur\train\images\BubatBrt_20260512_195103_jpg.rf.XR22lRoyl1tZf7nrRFaw.jpg,ok,640,480
train_bubat_timur,C:\Users\hanif\Downloads\capstone-agung\capstone-agung\data bubat timur\train\images\BubatBrt_20260512_195142_jpg.rf.C7XZqyjd65qMwvZGpZ7S.jpg,ok,640,480
train_bubat_timur,C:\Users\hanif\Downloads\capstone-agung\capstone-agung\data bubat timur\train\images\BubatBrt_20260512_195222_jpg.rf.89dIbGbI7Vdz9dpRgoHw.jpg,ok,640,480
train_bubat_timur,C:\Users\hanif\Downloads\capstone-agung\capstone-agung\data bubat timur\train\images\BubatBrt_20260512_195301_jpg.rf.7twTVJrqIs8wRSkRjLdc.jpg,ok,640,480
train_bubat_timur,C:\Users\hanif\Downloads\capstone-agung\capstone-agung\data bubat timur\train\images\BubatBrt_20260512_195340_jpg.rf.olM2Rpn7HmwYagmR8Kye.jpg,ok,640,480
train_bubat_timur,C:\Users\hanif\Downloads\capstone-agung\capstone-agung\data bubat timur\train\images\BubatBrt_20260512_195419_jpg.rf.kfIJKHQmw2c8c3Qa93Sx.jpg,ok,640,480
train_bubat_timur,C:\Users\hanif\Downloads\capstone-agung\capstone-agung\data bubat timur\train\images\BubatBrt_20260512_195655_jpg.rf.rMuzdbT8uQfdC3kt94Kc.jpg,ok,640,480
train_bubat_timur,C:\Users\hanif\Downloads\capstone-agung\capstone-agung\data bubat timur\train\images\BubatBrt_20260512_195734_jpg.rf.Tgz5a9EMoYGlVRFx6acW.jpg,ok,640,480
train_bubat_timur,C:\Users\hanif\Downloads\capstone-agung\capstone-agung\data bubat timur\train\images\BubatBrt_20260512_195813_jpg.rf.o0qUPRLa3aknXMpwOM1P.jpg,ok,640,480
train_bubat_timur,C:\Users\hanif\Downloads\capstone-agung\capstone-agung\data bubat timur\train\images\BubatBrt_20260512_195852_jpg.rf.iK67BHH0FmHcq8cMdQG5.jpg,ok,640,480
train_bubat_timur,C:\Users\hanif\Downloads\capstone-agung\capstone-agung\data bubat timur\train\images\BubatBrt_20260512_195931_jpg.rf.5VmMEviPYCgibq9Xkke1.jpg,ok,640,480
train_bubat_timur,C:\Users\hanif\Downloads\capstone-agung\capstone-agung\data bubat timur\train\images\BubatBrt_20260512_200010_jpg.rf.6j0iI8ZgopSk1G29HGde.jpg,ok,640,480
train_bubat_timur,C:\Users\hanif\Downloads\capstone-agung\capstone-agung\data bubat timur\train\images\BubatBrt_20260512_200128_jpg.rf.GHUadb7fE7eYFiJyo1QI.jpg,ok,640,480
train_bubat_timur,C:\Users\hanif\Downloads\capstone-agung\capstone-agung\data bubat timur\train\images\BubatBrt_20260512_200208_jpg.rf.vlyWE7qFClyJ2gDbZmuj.jpg,ok,640,480
train_bubat_timur,C:\Users\hanif\Downloads\capstone-agung\capstone-agung\data bubat timur\train\images\BubatBrt_20260512_200247_jpg.rf.4XCLLhVjGfNoiYJ8wZOd.jpg,ok,640,480
train_bubat_timur,C:\Users\hanif\Downloads\capstone-agung\capstone-agung\data bubat timur\train\images\BubatBrt_20260512_200326_jpg.rf.iTs4IELJq67lTx4E94oe.jpg,ok,640,480
train_bubat_timur,C:\Users\hanif\Downloads\capstone-agung\capstone-agung\data bubat timur\train\images\BubatBrt_20260512_200405_jpg.rf.rGmfrP6Ney28hPZNGrIY.jpg,ok,640,480
train_bubat_timur,C:\Users\hanif\Downloads\capstone-agung\capstone-agung\data bubat timur\train\images\BubatBrt_20260512_200444_jpg.rf.CpuftcK1ZL3QYZKPl6p7.jpg,ok,640,480
train_bubat_timur,C:\Users\hanif\Downloads\capstone-agung\capstone-agung\data bubat timur\train\images\BubatBrt_20260512_200523_jpg.rf.2i2VYUTn4vjfhOK5iThr.jpg,ok,640,480
train_bubat_timur,C:\Users\hanif\Downloads\capstone-agung\capstone-agung\data bubat timur\train\images\BubatBrt_20260512_200602_jpg.rf.IqxN5sXZgE6RgVtmZS9e.jpg,ok,640,480
train_bubat_timur,C:\Users\hanif\Downloads\capstone-agung\capstone-agung\data bubat timur\train\images\BubatBrt_20260512_200720_jpg.rf.MnceXPJuwpOaqrcGzLoz.jpg,ok,640,480
train_bubat_timur,C:\Users\hanif\Downloads\capstone-agung\capstone-agung\data bubat timur\train\images\BubatBrt_20260512_200759_jpg.rf.e7SBttopRi2OYyta0LwK.jpg,ok,640,480
train_bubat_timur,C:\Users\hanif\Downloads\capstone-agung\capstone-agung\data bubat timur\train\images\BubatBrt_20260512_200838_jpg.rf.tqsuZ0GoZXqgyKuK6gbv.jpg,ok,640,480
train_bubat_timur,C:\Users\hanif\Downloads\capstone-agung\capstone-agung\data bubat timur\train\images\BubatBrt_20260512_200917_jpg.rf.9GXQrdV6c40zIy6yiYlz.jpg,ok,640,480
train_bubat_timur,C:\Users\hanif\Downloads\capstone-agung\capstone-agung\data bubat timur\train\images\BubatBrt_20260512_200956_jpg.rf.QoEgmHvhQ7hoa4CEGcyn.jpg,ok,640,480
train_bubat_timur,C:\Users\hanif\Downloads\capstone-agung\capstone-agung\data bubat timur\train\images\BubatBrt_20260512_201036_jpg.rf.GcaZ5dT2S8RioA5Mir7p.jpg,ok,640,480
train_bubat_timur,C:\Users\hanif\Downloads\capstone-agung\capstone-agung\data bubat timur\train\images\BubatBrt_20260512_201115_jpg.rf.25ubKndi3qisDRgdxb3C.jpg,ok,640,480
train_bubat_timur,C:\Users\hanif\Downloads\capstone-agung\capstone-agung\data bubat timur\train\images\BubatBrt_20260512_201154_jpg.rf.5Cz9bQmJ4zM6aQFuNF4r.jpg,ok,640,480
train_bubat_timur,C:\Users\hanif\Downloads\capstone-agung\capstone-agung\data bubat timur\train\images\BubatBrt_20260512_201351_jpg.rf.PtzvqdRtZdHvyMKAHeMz.jpg,ok,640,480
train_bubat_timur,C:\Users\hanif\Downloads\capstone-agung\capstone-agung\data bubat timur\train\images\BubatBrt_20260512_201430_jpg.rf.LD4JeBDTvCaGNHgyirvJ.jpg,ok,640,480
train_bubat_timur,C:\Users\hanif\Downloads\capstone-agung\capstone-agung\data bubat timur\train\images\BubatBrt_20260512_201510_jpg.rf.7QRoxCt24bj95clSOwjA.jpg,ok,640,480
train_bubat_timur,C:\Users\hanif\Downloads\capstone-agung\capstone-agung\data bubat timur\train\images\BubatBrt_20260512_201628_jpg.rf.s3lO08WwQ4fNwZcr8kiH.jpg,ok,640,480
train_bubat_timur,C:\Users\hanif\Downloads\capstone-agung\capstone-agung\data bubat timur\train\images\BubatBrt_20260512_201707_jpg.rf.S7i2xlFpPs1y1qozXg0J.jpg,ok,640,480
train_bubat_timur,C:\Users\hanif\Downloads\capstone-agung\capstone-agung\data bubat timur\train\images\BubatBrt_20260512_201747_jpg.rf.YdpX0Xn5L6vouTTWwKqz.jpg,ok,640,480
train_bubat_timur,C:\Users\hanif\Downloads\capstone-agung\capstone-agung\data bubat timur\train\images\BubatBrt_20260512_201945_jpg.rf.xTIefsHOKnxv9sTrwku4.jpg,ok,640,480
train_bubat_timur,C:\Users\hanif\Downloads\capstone-agung\capstone-agung\data bubat timur\train\images\BubatBrt_20260512_202024_jpg.rf.wv9m2jKU7U2SzTtnI1J5.jpg,ok,640,480
train_bubat_timur,C:\Users\hanif\Downloads\capstone-agung\capstone-agung\data bubat timur\train\images\BubatBrt_20260512_202102_jpg.rf.NCvMJmKe3qwaLvwbfNem.jpg,ok,640,480
train_bubat_timur,C:\Users\hanif\Downloads\capstone-agung\capstone-agung\data bubat timur\train\images\BubatBrt_20260512_202220_jpg.rf.8H6g6L2vUpdotsRFeilC.jpg,ok,640,480
train_bubat_timur,C:\Users\hanif\Downloads\capstone-agung\capstone-agung\data bubat timur\train\images\BubatBrt_20260512_202259_jpg.rf.V3X9KLoeIwACUbriUvGC.jpg,ok,640,480
train_bubat_timur,C:\Users\hanif\Downloads\capstone-agung\capstone-agung\data bubat timur\train\images\BubatBrt_20260512_202338_jpg.rf.ETQNjpA9J10RY9uIvQMx.jpg,ok,640,480
train_bubat_timur,C:\Users\hanif\Downloads\capstone-agung\capstone-agung\data bubat timur\train\images\BubatBrt_20260512_202416_jpg.rf.Qi3EbTHHKfcwBz25KwCB.jpg,ok,640,480
train_bubat_timur,C:\Users\hanif\Downloads\capstone-agung\capstone-agung\data bubat timur\train\images\BubatBrt_20260512_202455_jpg.rf.OqBtGgPus7cnvVP6zS2e.jpg,ok,640,480
train_bubat_timur,C:\Users\hanif\Downloads\capstone-agung\capstone-agung\data bubat timur\train\images\BubatBrt_20260512_202535_jpg.rf.3baCGiO1Yyt3vNpwLQdw.jpg,ok,640,480
train_bubat_timur,C:\Users\hanif\Downloads\capstone-agung\capstone-agung\data bubat timur\train\images\BubatBrt_20260512_202614_jpg.rf.2HfkvcE7cHN4H07NAYp3.jpg,ok,640,480
train_bubat_timur,C:\Users\hanif\Downloads\capstone-agung\capstone-agung\data bubat timur\train\images\BubatBrt_20260512_202653_jpg.rf.wqEHI4nuikjOA5cnBuu3.jpg,ok,640,480
train_bubat_timur,C:\Users\hanif\Downloads\capstone-agung\capstone-agung\data bubat timur\train\images\BubatBrt_20260512_202731_jpg.rf.V1HNi6QDt58gKW5snwsq.jpg,ok,640,480
train_bubat_timur,C:\Users\hanif\Downloads\capstone-agung\capstone-agung\data bubat timur\train\images\BubatBrt_20260512_202811_jpg.rf.dryEJ11sxfeZmk9fVgqT.jpg,ok,640,480
train_bubat_timur,C:\Users\hanif\Downloads\capstone-agung\capstone-agung\data bubat timur\train\images\BubatBrt_20260512_202850_jpg.rf.LT5kcu2xno5LB3muSgJy.jpg,ok,640,480
train_bubat_timur,C:\Users\hanif\Downloads\capstone-agung\capstone-agung\data bubat timur\train\images\BubatBrt_20260512_202929_jpg.rf.vGqUXqsIZPQ4zMcr2D6h.jpg,ok,640,480
train_bubat_timur,C:\Users\hanif\Downloads\capstone-agung\capstone-agung\data bubat timur\train\images\BubatBrt_20260512_203047_jpg.rf.sNLH4lrfLLugxC3bFFNt.jpg,ok,640,480
train_bubat_timur,C:\Users\hanif\Downloads\capstone-agung\capstone-agung\data bubat timur\train\images\BubatBrt_20260512_203205_jpg.rf.7e3SIfMEDfGDDdREcQmL.jpg,ok,640,480
train_bubat_timur,C:\Users\hanif\Downloads\capstone-agung\capstone-agung\data bubat timur\train\images\BubatBrt_20260512_203244_jpg.rf.284nzb7xWf9JoFvqDD9C.jpg,ok,640,480
train_bubat_timur,C:\Users\hanif\Downloads\capstone-agung\capstone-agung\data bubat timur\train\images\BubatBrt_20260512_203500_jpg.rf.KoXUWaFfT0HIFyR0bTO8.jpg,ok,640,480
train_bubat_timur,C:\Users\hanif\Downloads\capstone-agung\capstone-agung\data bubat timur\train\images\BubatBrt_20260512_203539_jpg.rf.tVamyc1pWC5SqJNhPkfF.jpg,ok,640,480
train_bubat_timur,C:\Users\hanif\Downloads\capstone-agung\capstone-agung\data bubat timur\train\images\BubatBrt_20260512_203657_jpg.rf.uZcy3eok9bWR64lgiKvt.jpg,ok,640,480
train_bubat_timur,C:\Users\hanif\Downloads\capstone-agung\capstone-agung\data bubat timur\train\images\BubatBrt_20260512_203736_jpg.rf.diL9qt2UOvmBfl0FH1RZ.jpg,ok,640,480
train_bubat_timur,C:\Users\hanif\Downloads\capstone-agung\capstone-agung\data bubat timur\train\images\BubatBrt_20260512_203815_jpg.rf.RQD8DVKhTzFlhxuQBQES.jpg,ok,640,480
train_bubat_timur,C:\Users\hanif\Downloads\capstone-agung\capstone-agung\data bubat timur\train\images\BubatBrt_20260512_204012_jpg.rf.iX4vH8DXssjHWj2UZvK7.jpg,ok,640,480
train_bubat_timur,C:\Users\hanif\Downloads\capstone-agung\capstone-agung\data bubat timur\train\images\BubatBrt_20260512_204051_jpg.rf.Dcix1THi4TU2jl7cgeId.jpg,ok,640,480
train_bubat_timur,C:\Users\hanif\Downloads\capstone-agung\capstone-agung\data bubat timur\train\images\BubatBrt_20260512_204130_jpg.rf.xZiR332QFFWptfCMTxJk.jpg,ok,640,480
train_bubat_timur,C:\Users\hanif\Downloads\capstone-agung\capstone-agung\data bubat timur\train\images\BubatBrt_20260512_204428_jpg.rf.r2hSeu5IPqpwho4YdgU0.jpg,ok,640,480
train_bubat_timur,C:\Users\hanif\Downloads\capstone-agung\capstone-agung\data bubat timur\train\images\BubatBrt_20260512_204547_jpg.rf.XzXeIkJoJo5HY3RdT4V1.jpg,ok,640,480
train_bubat_timur,C:\Users\hanif\Downloads\capstone-agung\capstone-agung\data bubat timur\train\images\BubatBrt_20260512_204626_jpg.rf.QoiOVio2Cd1kBYxskfeb.jpg,ok,640,480
train_bubat_timur,C:\Users\hanif\Downloads\capstone-agung\capstone-agung\data bubat timur\train\images\BubatBrt_20260512_204705_jpg.rf.X6NuJok8iPvjjnk8fEAz.jpg,ok,640,480
train_bubat_timur,C:\Users\hanif\Downloads\capstone-agung\capstone-agung\data bubat timur\train\images\BubatBrt_20260512_204823_jpg.rf.4qbdg2Fq9Fy0YBIX9d3S.jpg,ok,640,480
train_bubat_timur,C:\Users\hanif\Downloads\capstone-agung\capstone-agung\data bubat timur\train\images\BubatBrt_20260512_204902_jpg.rf.VhIc3skoqJmif01muNzP.jpg,ok,640,480
train_bubat_timur,C:\Users\hanif\Downloads\capstone-agung\capstone-agung\data bubat timur\train\images\BubatBrt_20260512_204941_jpg.rf.hHhiZdlxuAr1YQOzMPEW.jpg,ok,640,480
train_bubat_timur,C:\Users\hanif\Downloads\capstone-agung\capstone-agung\data bubat timur\train\images\BubatBrt_20260512_205020_jpg.rf.iQ0bNl52uNNRrFQPIXnx.jpg,ok,640,480
train_bubat_timur,C:\Users\hanif\Downloads\capstone-agung\capstone-agung\data bubat timur\train\images\BubatBrt_20260512_205138_jpg.rf.tq8mO3ugIB6AbjhS75yi.jpg,ok,640,480
train_bubat_timur,C:\Users\hanif\Downloads\capstone-agung\capstone-agung\data bubat timur\train\images\BubatBrt_20260512_205217_jpg.rf.tGlpz8IdsyGs5pBOSNuj.jpg,ok,640,480
train_bubat_timur,C:\Users\hanif\Downloads\capstone-agung\capstone-agung\data bubat timur\train\images\BubatBrt_20260512_205257_jpg.rf.An3zqFrRcLYIWYkPU9kS.jpg,ok,640,480
train_bubat_timur,C:\Users\hanif\Downloads\capstone-agung\capstone-agung\data bubat timur\train\images\BubatBrt_20260512_205415_jpg.rf.jKYrd8ijbdnSYo07mw0B.jpg,ok,640,480
train_bubat_timur,C:\Users\hanif\Downloads\capstone-agung\capstone-agung\data bubat timur\train\images\BubatBrt_20260512_205455_jpg.rf.y0eqWIccZ5FI5JfzfU4r.jpg,ok,640,480
train_bubat_timur,C:\Users\hanif\Downloads\capstone-agung\capstone-agung\data bubat timur\train\images\BubatBrt_20260512_205534_jpg.rf.OIijAdSpehYKivWxAlT1.jpg,ok,640,480
train_bubat_timur,C:\Users\hanif\Downloads\capstone-agung\capstone-agung\data bubat timur\train\images\BubatBrt_20260512_205613_jpg.rf.ZbzXwfuAziuPxOw9Rylc.jpg,ok,640,480
train_bubat_timur,C:\Users\hanif\Downloads\capstone-agung\capstone-agung\data bubat timur\train\images\BubatBrt_20260512_205652_jpg.rf.UzFPQWZPDwhaklApmG2Q.jpg,ok,640,480
train_bubat_timur,C:\Users\hanif\Downloads\capstone-agung\capstone-agung\data bubat timur\train\images\BubatBrt_20260512_205731_jpg.rf.57Hl0fNSgPLzUT52UJ1s.jpg,ok,640,480
train_bubat_timur,C:\Users\hanif\Downloads\capstone-agung\capstone-agung\data bubat timur\train\images\BubatBrt_20260512_205811_jpg.rf.xrdCHUxnlhLk1SZURQGj.jpg,ok,640,480
train_bubat_timur,C:\Users\hanif\Downloads\capstone-agung\capstone-agung\data bubat timur\train\images\BubatBrt_20260512_205850_jpg.rf.EG7PKXlv2YkHYsiqL5fr.jpg,ok,640,480
train_bubat_timur,C:\Users\hanif\Downloads\capstone-agung\capstone-agung\data bubat timur\train\images\BubatBrt_20260512_205929_jpg.rf.0IbZt37UDfHqIZmYgYRx.jpg,ok,640,480
train_bubat_timur,C:\Users\hanif\Downloads\capstone-agung\capstone-agung\data bubat timur\train\images\BubatBrt_20260512_205949_jpg.rf.ycTvCSc6Cl2RmotiM4GS.jpg,ok,640,480
train_bubat_timur,C:\Users\hanif\Downloads\capstone-agung\capstone-agung\data bubat timur\train\images\BubatBrt_20260512_210028_jpg.rf.pBGXpTBkHJYs7Qd2snL0.jpg,ok,640,480
train_bubat_timur,C:\Users\hanif\Downloads\capstone-agung\capstone-agung\data bubat timur\train\images\BubatBrt_20260512_210107_jpg.rf.fj0aP4sww1W9wJyzSY3G.jpg,ok,640,480
train_bubat_timur,C:\Users\hanif\Downloads\capstone-agung\capstone-agung\data bubat timur\train\images\BubatBrt_20260512_210146_jpg.rf.ZYyYMyxTwUHFHkQsTHYf.jpg,ok,640,480
train_bubat_timur,C:\Users\hanif\Downloads\capstone-agung\capstone-agung\data bubat timur\train\images\BubatBrt_20260512_210226_jpg.rf.fhXkRbckw1hamu415VFl.jpg,ok,640,480
train_bubat_timur,C:\Users\hanif\Downloads\capstone-agung\capstone-agung\data bubat timur\train\images\BubatBrt_20260512_210344_jpg.rf.uktZhpOg9B4gcO2PdF3G.jpg,ok,640,480
train_bubat_timur,C:\Users\hanif\Downloads\capstone-agung\capstone-agung\data bubat timur\train\images\BubatBrt_20260512_210423_jpg.rf.FF7iAueklP8XoljrmkB0.jpg,ok,640,480
train_bubat_timur,C:\Users\hanif\Downloads\capstone-agung\capstone-agung\data bubat timur\train\images\BubatBrt_20260512_210501_jpg.rf.EVetae0G6mg5qQQgI2kt.jpg,ok,640,480
train_bubat_timur,C:\Users\hanif\Downloads\capstone-agung\capstone-agung\data bubat timur\train\images\BubatBrt_20260512_210658_jpg.rf.mgwiDVniNlQ5Ipcmxypn.jpg,ok,640,480
train_bubat_timur,C:\Users\hanif\Downloads\capstone-agung\capstone-agung\data bubat timur\train\images\BubatBrt_20260512_210737_jpg.rf.Ycqgpe9jqnW2tQsuQ9Ws.jpg,ok,640,480
train_bubat_timur,C:\Users\hanif\Downloads\capstone-agung\capstone-agung\data bubat timur\train\images\BubatBrt_20260512_210816_jpg.rf.RYzIHQxdfAiRdw65nrgL.jpg,ok,640,480
train_bubat_timur,C:\Users\hanif\Downloads\capstone-agung\capstone-agung\data bubat timur\train\images\BubatBrt_20260512_210855_jpg.rf.2lUQStlBDIKf31m5Jrqz.jpg,ok,640,480
train_bubat_timur,C:\Users\hanif\Downloads\capstone-agung\capstone-agung\data bubat timur\train\images\BubatBrt_20260512_210933_jpg.rf.SK687VyIdl4MwYOyzfoa.jpg,ok,640,480
train_bubat_timur,C:\Users\hanif\Downloads\capstone-agung\capstone-agung\data bubat timur\train\images\BubatBrt_20260512_211012_jpg.rf.IxfTyI24w0zwc6biwvwz.jpg,ok,640,480
train_bubat_timur,C:\Users\hanif\Downloads\capstone-agung\capstone-agung\data bubat timur\train\images\BubatBrt_20260512_211051_jpg.rf.B0ypNsFhVfJIDxpfuWGC.jpg,ok,640,480
train_bubat_timur,C:\Users\hanif\Downloads\capstone-agung\capstone-agung\data bubat timur\train\images\BubatBrt_20260512_211209_jpg.rf.Bs4ZEA0AkV5zHqgFVVQ1.jpg,ok,640,480
train_bubat_timur,C:\Users\hanif\Downloads\capstone-agung\capstone-agung\data bubat timur\train\images\BubatBrt_20260512_211248_jpg.rf.OQWCyk6d4L1HymYwPCzj.jpg,ok,640,480
train_bubat_timur,C:\Users\hanif\Downloads\capstone-agung\capstone-agung\data bubat timur\train\images\BubatBrt_20260512_211327_jpg.rf.9ZcvFeUFekbKhbembuGF.jpg,ok,640,480
train_bubat_timur,C:\Users\hanif\Downloads\capstone-agung\capstone-agung\data bubat timur\train\images\BubatBrt_20260512_211407_jpg.rf.n5MxNMLQFJCVa0pMpqoQ.jpg,ok,640,480
train_bubat_timur,C:\Users\hanif\Downloads\capstone-agung\capstone-agung\data bubat timur\train\images\BubatBrt_20260512_211446_jpg.rf.qI1IJXh24hlyEynl3ohY.jpg,ok,640,480
train_bubat_timur,C:\Users\hanif\Downloads\capstone-agung\capstone-agung\data bubat timur\train\images\BubatBrt_20260512_211525_jpg.rf.WCA5fSD9IbuAYNPVPiS1.jpg,ok,640,480
train_bubat_timur,C:\Users\hanif\Downloads\capstone-agung\capstone-agung\data bubat timur\train\images\BubatBrt_20260512_211604_jpg.rf.0KKxol10Wvj05HMjSn74.jpg,ok,640,480
train_bubat_timur,C:\Users\hanif\Downloads\capstone-agung\capstone-agung\data bubat timur\train\images\BubatBrt_20260512_211643_jpg.rf.GZV3YlbJuU6UvUJyGi3N.jpg,ok,640,480
train_bubat_timur,C:\Users\hanif\Downloads\capstone-agung\capstone-agung\data bubat timur\train\images\BubatBrt_20260512_211722_jpg.rf.RB3GSiJ1EALupperxZcQ.jpg,ok,640,480
train_bubat_timur,C:\Users\hanif\Downloads\capstone-agung\capstone-agung\data bubat timur\train\images\BubatBrt_20260512_211800_jpg.rf.tKq2DwL1OYD6f3ffHkVp.jpg,ok,640,480
train_bubat_timur,C:\Users\hanif\Downloads\capstone-agung\capstone-agung\data bubat timur\train\images\BubatBrt_20260512_211839_jpg.rf.YFFWtr20KTGHxI8q8Etb.jpg,ok,640,480
train_bubat_timur,C:\Users\hanif\Downloads\capstone-agung\capstone-agung\data bubat timur\train\images\BubatBrt_20260512_211918_jpg.rf.XlP9aU1wsNqkmd9zPmnd.jpg,ok,640,480
train_bubat_timur,C:\Users\hanif\Downloads\capstone-agung\capstone-agung\data bubat timur\train\images\BubatBrt_20260512_211957_jpg.rf.BnroMN6kDLNYGqBWovdy.jpg,ok,640,480
train_bubat_timur,C:\Users\hanif\Downloads\capstone-agung\capstone-agung\data bubat timur\train\images\BubatBrt_20260512_212116_jpg.rf.oPa9VSGSJGHwx2mefyel.jpg,ok,640,480
train_bubat_timur,C:\Users\hanif\Downloads\capstone-agung\capstone-agung\data bubat timur\train\images\BubatBrt_20260512_212155_jpg.rf.hl6PkDaOtcyQA87QaIk3.jpg,ok,640,480
train_bubat_timur,C:\Users\hanif\Downloads\capstone-agung\capstone-agung\data bubat timur\train\images\BubatBrt_20260512_212234_jpg.rf.lgeP6sI6AMJfOm8qvWG2.jpg,ok,640,480
train_bubat_timur,C:\Users\hanif\Downloads\capstone-agung\capstone-agung\data bubat timur\train\images\BubatBrt_20260512_212312_jpg.rf.VjYIcLacUOd48D4GMKjS.jpg,ok,640,480
train_bubat_timur,C:\Users\hanif\Downloads\capstone-agung\capstone-agung\data bubat timur\train\images\BubatBrt_20260512_212411_jpg.rf.DAP0l9L3LoKJwltYbrky.jpg,ok,640,480
train_bubat_timur,C:\Users\hanif\Downloads\capstone-agung\capstone-agung\data bubat timur\train\images\BubatBrt_20260512_212450_jpg.rf.CHwt7yO5JZeA7TRuBt27.jpg,ok,640,480
train_bubat_timur,C:\Users\hanif\Downloads\capstone-agung\capstone-agung\data bubat timur\train\images\BubatBrt_20260512_212529_jpg.rf.bATXVQT4zdT3VSiB4oal.jpg,ok,640,480
train_bubat_timur,C:\Users\hanif\Downloads\capstone-agung\capstone-agung\data bubat timur\train\images\BubatBrt_20260512_212608_jpg.rf.cAhGVxM7wZPCrttII25n.jpg,ok,640,480
train_bubat_timur,C:\Users\hanif\Downloads\capstone-agung\capstone-agung\data bubat timur\train\images\BubatBrt_20260512_212647_jpg.rf.Zxow9H4JUjss6qoEjnTV.jpg,ok,640,480
train_bubat_timur,C:\Users\hanif\Downloads\capstone-agung\capstone-agung\data bubat timur\train\images\BubatBrt_20260512_212726_jpg.rf.s9g0cJCOePt5Z1uqeocW.jpg,ok,640,480
train_bubat_timur,C:\Users\hanif\Downloads\capstone-agung\capstone-agung\data bubat timur\train\images\BubatBrt_20260512_212806_jpg.rf.vxQsx03Agov7IU0169TX.jpg,ok,640,480
train_bubat_timur,C:\Users\hanif\Downloads\capstone-agung\capstone-agung\data bubat timur\train\images\BubatBrt_20260512_212845_jpg.rf.dBt0dmDScVzkuZ0Q882O.jpg,ok,640,480
train_bubat_timur,C:\Users\hanif\Downloads\capstone-agung\capstone-agung\data bubat timur\train\images\BubatBrt_20260512_213003_jpg.rf.M7edFLd6f06mALocNqOW.jpg,ok,640,480
train_bubat_timur,C:\Users\hanif\Downloads\capstone-agung\capstone-agung\data bubat timur\train\images\BubatBrt_20260512_213042_jpg.rf.AV63ZE0fOJCM9p87bTjq.jpg,ok,640,480
train_bubat_timur,C:\Users\hanif\Downloads\capstone-agung\capstone-agung\data bubat timur\train\images\BubatBrt_20260512_213121_jpg.rf.gEPlXE83eysCnXg5RfG0.jpg,ok,640,480
train_bubat_timur,C:\Users\hanif\Downloads\capstone-agung\capstone-agung\data bubat timur\train\images\BubatBrt_20260512_213239_jpg.rf.r8eaITprVyYRi7EVv4Hp.jpg,ok,640,480
train_bubat_timur,C:\Users\hanif\Downloads\capstone-agung\capstone-agung\data bubat timur\train\images\BubatBrt_20260512_213318_jpg.rf.8cFsFekTcoGoybuAB9NO.jpg,ok,640,480
train_bubat_timur,C:\Users\hanif\Downloads\capstone-agung\capstone-agung\data bubat timur\train\images\BubatBrt_20260512_213357_jpg.rf.4TfXKI9T6g7RtRV1ZXlf.jpg,ok,640,480
train_bubat_timur,C:\Users\hanif\Downloads\capstone-agung\capstone-agung\data bubat timur\train\images\BubatBrt_20260512_213436_jpg.rf.MTzDKR1Wvuy8hhLC5EUi.jpg,ok,640,480
train_bubat_timur,C:\Users\hanif\Downloads\capstone-agung\capstone-agung\data bubat timur\train\images\BubatBrt_20260512_213515_jpg.rf.0747gzhFx5u7XQjm072c.jpg,ok,640,480
train_bubat_timur,C:\Users\hanif\Downloads\capstone-agung\capstone-agung\data bubat timur\train\images\BubatBrt_20260512_213633_jpg.rf.PYuaKa4wkiqQpEVM6ZCc.jpg,ok,640,480
train_bubat_timur,C:\Users\hanif\Downloads\capstone-agung\capstone-agung\data bubat timur\train\images\BubatBrt_20260512_213712_jpg.rf.4UCrHBdeYi68OxGxv3hI.jpg,ok,640,480
train_bubat_timur,C:\Users\hanif\Downloads\capstone-agung\capstone-agung\data bubat timur\train\images\BubatBrt_20260512_213909_jpg.rf.xdV5VL8HkxXIUHrSttsX.jpg,ok,640,480
train_bubat_timur,C:\Users\hanif\Downloads\capstone-agung\capstone-agung\data bubat timur\train\images\BubatBrt_20260512_213948_jpg.rf.LfbG5qPi9xv4wM17S2ez.jpg,ok,640,480
train_bubat_timur,C:\Users\hanif\Downloads\capstone-agung\capstone-agung\data bubat timur\train\images\BubatBrt_20260512_214027_jpg.rf.I0voFKgC4FXTvUQI9Z9D.jpg,ok,640,480
train_bubat_timur,C:\Users\hanif\Downloads\capstone-agung\capstone-agung\data bubat timur\train\images\BubatBrt_20260512_214106_jpg.rf.BUX9mZ4cYsXY58BBoN5t.jpg,ok,640,480
train_bubat_timur,C:\Users\hanif\Downloads\capstone-agung\capstone-agung\data bubat timur\train\images\BubatBrt_20260512_214144_jpg.rf.fP5Z4UGMSTxKEZwbglYt.jpg,ok,640,480
train_bubat_timur,C:\Users\hanif\Downloads\capstone-agung\capstone-agung\data bubat timur\train\images\BubatBrt_20260512_214223_jpg.rf.JL69k8Mu0xBjKFg6Bmjq.jpg,ok,640,480
train_bubat_timur,C:\Users\hanif\Downloads\capstone-agung\capstone-agung\data bubat timur\train\images\BubatBrt_20260512_214302_jpg.rf.R07tN8aKe3Tst6eYKy5s.jpg,ok,640,480
train_bubat_timur,C:\Users\hanif\Downloads\capstone-agung\capstone-agung\data bubat timur\train\images\BubatBrt_20260512_214341_jpg.rf.lqAqtuZdmOYcSffxLJfD.jpg,ok,640,480
train_bubat_timur,C:\Users\hanif\Downloads\capstone-agung\capstone-agung\data bubat timur\train\images\BubatBrt_20260512_214420_jpg.rf.KaToaLbfKMnKqDipl3JD.jpg,ok,640,480
train_bubat_timur,C:\Users\hanif\Downloads\capstone-agung\capstone-agung\data bubat timur\train\images\BubatBrt_20260512_214459_jpg.rf.hkFzC5HMYkoYMkPPKpD5.jpg,ok,640,480
train_bubat_timur,C:\Users\hanif\Downloads\capstone-agung\capstone-agung\data bubat timur\train\images\BubatBrt_20260512_214538_jpg.rf.r3YanZyTMZeSpGiYtazs.jpg,ok,640,480
train_bubat_timur,C:\Users\hanif\Downloads\capstone-agung\capstone-agung\data bubat timur\train\images\BubatBrt_20260512_214617_jpg.rf.q65YSlGIb9613L2G0S15.jpg,ok,640,480
train_bubat_timur,C:\Users\hanif\Downloads\capstone-agung\capstone-agung\data bubat timur\train\images\BubatBrt_20260512_214735_jpg.rf.01pQKQlMGBfmIkaPaIvz.jpg,ok,640,480
train_bubat_timur,C:\Users\hanif\Downloads\capstone-agung\capstone-agung\data bubat timur\train\images\BubatBrt_20260512_214813_jpg.rf.SAACqHrNi9GFTnQ3mDv2.jpg,ok,640,480
train_bubat_timur,C:\Users\hanif\Downloads\capstone-agung\capstone-agung\data bubat timur\train\images\BubatBrt_20260512_214852_jpg.rf.MDhSk6eyMH6hdFjmybJk.jpg,ok,640,480
train_bubat_timur,C:\Users\hanif\Downloads\capstone-agung\capstone-agung\data bubat timur\train\images\BubatBrt_20260512_214931_jpg.rf.KdFinxkcr6Rp44d85F3z.jpg,ok,640,480
train_bubat_timur,C:\Users\hanif\Downloads\capstone-agung\capstone-agung\data bubat timur\train\images\BubatBrt_20260512_215128_jpg.rf.hL5aVnFI730y1yH6hCHR.jpg,ok,640,480
train_bubat_timur,C:\Users\hanif\Downloads\capstone-agung\capstone-agung\data bubat timur\train\images\BubatBrt_20260512_215207_jpg.rf.nntIIOcWgL6ncztLHw1x.jpg,ok,640,480
train_bubat_timur,C:\Users\hanif\Downloads\capstone-agung\capstone-agung\data bubat timur\train\images\BubatBrt_20260512_215325_jpg.rf.wTKx8LeM0BrNskCFD0zn.jpg,ok,640,480
train_bubat_timur,C:\Users\hanif\Downloads\capstone-agung\capstone-agung\data bubat timur\train\images\BubatBrt_20260512_215404_jpg.rf.ZH3yQnLu8ABUOegxnq0d.jpg,ok,640,480
train_bubat_timur,C:\Users\hanif\Downloads\capstone-agung\capstone-agung\data bubat timur\train\images\BubatBrt_20260512_215443_jpg.rf.WwOk7kkdhAUB2qrz7loL.jpg,ok,640,480
train_bubat_timur,C:\Users\hanif\Downloads\capstone-agung\capstone-agung\data bubat timur\train\images\BubatBrt_20260512_215522_jpg.rf.hiv9iEsEXg2GDRGaObGT.jpg,ok,640,480
train_bubat_timur,C:\Users\hanif\Downloads\capstone-agung\capstone-agung\data bubat timur\train\images\BubatBrt_20260512_215640_jpg.rf.3JeHOLYaqlIKQnNNg9k0.jpg,ok,640,480
train_bubat_timur,C:\Users\hanif\Downloads\capstone-agung\capstone-agung\data bubat timur\train\images\BubatBrt_20260512_215719_jpg.rf.asBMu91K8A3gAYAbrPrx.jpg,ok,640,480
train_bubat_timur,C:\Users\hanif\Downloads\capstone-agung\capstone-agung\data bubat timur\train\images\BubatBrt_20260512_215758_jpg.rf.D7H9LtoIG5yLUjr8LnY0.jpg,ok,640,480
train_bubat_timur,C:\Users\hanif\Downloads\capstone-agung\capstone-agung\data bubat timur\train\images\BubatBrt_20260512_215915_jpg.rf.XO9n1zwxJ2Adv6DpnmPD.jpg,ok,640,480
train_bubat_timur,C:\Users\hanif\Downloads\capstone-agung\capstone-agung\data bubat timur\train\images\BubatBrt_20260512_220014_jpg.rf.CDWGCOUCqImDMaucctea.jpg,ok,640,480
train_bubat_timur,C:\Users\hanif\Downloads\capstone-agung\capstone-agung\data bubat timur\train\images\BubatBrt_20260512_220053_jpg.rf.UKfV1OHvFd9r1Qfjh2d2.jpg,ok,640,480
train_bubat_timur,C:\Users\hanif\Downloads\capstone-agung\capstone-agung\data bubat timur\train\images\BubatBrt_20260512_220250_jpg.rf.LPqJDcETSfuJFWLnGx6p.jpg,ok,640,480
train_bubat_timur,C:\Users\hanif\Downloads\capstone-agung\capstone-agung\data bubat timur\train\images\BubatBrt_20260512_220329_jpg.rf.lEONwCwkIwdh0NFkMXo8.jpg,ok,640,480
train_bubat_timur,C:\Users\hanif\Downloads\capstone-agung\capstone-agung\data bubat timur\train\images\BubatBrt_20260512_220408_jpg.rf.m3oHLYW29d5Ceuowlvqy.jpg,ok,640,480
train_bubat_timur,C:\Users\hanif\Downloads\capstone-agung\capstone-agung\data bubat timur\train\images\BubatBrt_20260512_220446_jpg.rf.hR9ynRz8TbrxkuAbd6Pp.jpg,ok,640,480
train_bubat_timur,C:\Users\hanif\Downloads\capstone-agung\capstone-agung\data bubat timur\train\images\BubatBrt_20260512_220605_jpg.rf.WV7WaCj3yN7awV50kcGH.jpg,ok,640,480
train_bubat_timur,C:\Users\hanif\Downloads\capstone-agung\capstone-agung\data bubat timur\train\images\BubatBrt_20260512_220644_jpg.rf.OaDHmLUHchirFCbkwQTf.jpg,ok,640,480
train_bubat_timur,C:\Users\hanif\Downloads\capstone-agung\capstone-agung\data bubat timur\train\images\BubatBrt_20260512_220723_jpg.rf.aqlfFTbdZQ4Xj0MnITQD.jpg,ok,640,480
train_bubat_timur,C:\Users\hanif\Downloads\capstone-agung\capstone-agung\data bubat timur\train\images\BubatBrt_20260512_220841_jpg.rf.ML6zetWuJy7ZlKGtTAZY.jpg,ok,640,480
train_bubat_timur,C:\Users\hanif\Downloads\capstone-agung\capstone-agung\data bubat timur\train\images\BubatBrt_20260512_220920_jpg.rf.YUffYXVoDA0tctDFG7YE.jpg,ok,640,480
train_bubat_timur,C:\Users\hanif\Downloads\capstone-agung\capstone-agung\data bubat timur\train\images\BubatBrt_20260512_220959_jpg.rf.xOQr9hzpsfvMG6C0IHdF.jpg,ok,640,480
train_bubat_timur,C:\Users\hanif\Downloads\capstone-agung\capstone-agung\data bubat timur\train\images\BubatBrt_20260512_221038_jpg.rf.4vP3hK0ty0t9MNdFYJFK.jpg,ok,640,480
train_bubat_timur,C:\Users\hanif\Downloads\capstone-agung\capstone-agung\data bubat timur\train\images\BubatBrt_20260512_221117_jpg.rf.92NUGpE85fXcJKnO5Val.jpg,ok,640,480
train_bubat_timur,C:\Users\hanif\Downloads\capstone-agung\capstone-agung\data bubat timur\train\images\BubatBrt_20260512_221156_jpg.rf.on3QJY1YthVRtd60BeBB.jpg,ok,640,480
train_bubat_timur,C:\Users\hanif\Downloads\capstone-agung\capstone-agung\data bubat timur\train\images\BubatBrt_20260512_221235_jpg.rf.AyKeLxXdbn0QRkc77gat.jpg,ok,640,480
train_bubat_timur,C:\Users\hanif\Downloads\capstone-agung\capstone-agung\data bubat timur\train\images\BubatBrt_20260512_221314_jpg.rf.qGKcTZ1SeuayFmjt6KZk.jpg,ok,640,480
train_bubat_timur,C:\Users\hanif\Downloads\capstone-agung\capstone-agung\data bubat timur\train\images\BubatBrt_20260512_221353_jpg.rf.qJgEgZBwSfOJ7deS75kS.jpg,ok,640,480
train_bubat_timur,C:\Users\hanif\Downloads\capstone-agung\capstone-agung\data bubat timur\train\images\BubatBrt_20260512_221432_jpg.rf.XBCA4KH0uWXLFRXKjWob.jpg,ok,640,480
train_bubat_timur,C:\Users\hanif\Downloads\capstone-agung\capstone-agung\data bubat timur\train\images\BubatBrt_20260512_221511_jpg.rf.mW05uTSS7B7J7TFg31Sf.jpg,ok,640,480
train_bubat_timur,C:\Users\hanif\Downloads\capstone-agung\capstone-agung\data bubat timur\train\images\BubatBrt_20260512_221550_jpg.rf.w5gBCxnvfAjoQbgnkmoN.jpg,ok,640,480
train_bubat_timur,C:\Users\hanif\Downloads\capstone-agung\capstone-agung\data bubat timur\train\images\BubatBrt_20260512_221707_jpg.rf.9WYstgJmF1WZpb73GmNb.jpg,ok,640,480
train_bubat_timur,C:\Users\hanif\Downloads\capstone-agung\capstone-agung\data bubat timur\train\images\BubatBrt_20260512_221746_jpg.rf.AeRuEQNpE0HRh4IFMUWN.jpg,ok,640,480
train_bubat_timur,C:\Users\hanif\Downloads\capstone-agung\capstone-agung\data bubat timur\train\images\BubatBrt_20260512_221825_jpg.rf.o3zgEYqbI7GvJbp6VNa4.jpg,ok,640,480
train_bubat_timur,C:\Users\hanif\Downloads\capstone-agung\capstone-agung\data bubat timur\train\images\BubatBrt_20260512_221904_jpg.rf.ibBueJnJOuLDhUHwcc9X.jpg,ok,640,480
train_bubat_timur,C:\Users\hanif\Downloads\capstone-agung\capstone-agung\data bubat timur\train\images\BubatBrt_20260512_221943_jpg.rf.UrZ3hcRRyxeDc62z0edK.jpg,ok,640,480
train_bubat_timur,C:\Users\hanif\Downloads\capstone-agung\capstone-agung\data bubat timur\train\images\BubatBrt_20260512_222022_jpg.rf.pYUih5j3VQOdN8ToyJOc.jpg,ok,640,480
train_bubat_timur,C:\Users\hanif\Downloads\capstone-agung\capstone-agung\data bubat timur\train\images\BubatBrt_20260512_222101_jpg.rf.5wmNcPnCPuW7exOheENh.jpg,ok,640,480
train_bubat_timur,C:\Users\hanif\Downloads\capstone-agung\capstone-agung\data bubat timur\train\images\BubatBrt_20260512_222139_jpg.rf.hJByFW3KePR4fcH9115q.jpg,ok,640,480
train_bubat_timur,C:\Users\hanif\Downloads\capstone-agung\capstone-agung\data bubat timur\train\images\BubatBrt_20260512_222257_jpg.rf.00QNyak8OCQX6Bj1NQvA.jpg,ok,640,480
train_bubat_timur,C:\Users\hanif\Downloads\capstone-agung\capstone-agung\data bubat timur\train\images\BubatBrt_20260512_222336_jpg.rf.PDP3q0mYAguveBCJRKTe.jpg,ok,640,480
train_bubat_timur,C:\Users\hanif\Downloads\capstone-agung\capstone-agung\data bubat timur\train\images\BubatBrt_20260512_222415_jpg.rf.VqUIpTmWY8xy78BAB9AH.jpg,ok,640,480
train_bubat_timur,C:\Users\hanif\Downloads\capstone-agung\capstone-agung\data bubat timur\train\images\BubatBrt_20260512_222454_jpg.rf.3MQ7CNoecZkX67jH2fuO.jpg,ok,640,480
train_bubat_timur,C:\Users\hanif\Downloads\capstone-agung\capstone-agung\data bubat timur\train\images\BubatBrt_20260512_222533_jpg.rf.X55OR3LsyL7Ke61zelph.jpg,ok,640,480
train_bubat_timur,C:\Users\hanif\Downloads\capstone-agung\capstone-agung\data bubat timur\train\images\BubatBrt_20260512_222612_jpg.rf.Qx5zcQq1JwsdNn2tYvbu.jpg,ok,640,480
train_bubat_timur,C:\Users\hanif\Downloads\capstone-agung\capstone-agung\data bubat timur\train\images\BubatBrt_20260512_222651_jpg.rf.q7zEzGjOLn0FCMSkX1Pv.jpg,ok,640,480
train_bubat_timur,C:\Users\hanif\Downloads\capstone-agung\capstone-agung\data bubat timur\train\images\BubatBrt_20260512_222730_jpg.rf.t2cH9jgeFeljbaL9hDLV.jpg,ok,640,480
train_bubat_timur,C:\Users\hanif\Downloads\capstone-agung\capstone-agung\data bubat timur\train\images\BubatBrt_20260512_222809_jpg.rf.Y6Eop2UcFnE8gc5x7gDU.jpg,ok,640,480
train_bubat_timur,C:\Users\hanif\Downloads\capstone-agung\capstone-agung\data bubat timur\train\images\BubatBrt_20260512_222848_jpg.rf.mTBypAT0oZAU1QEqZGk8.jpg,ok,640,480
train_bubat_timur,C:\Users\hanif\Downloads\capstone-agung\capstone-agung\data bubat timur\train\images\BubatBrt_20260512_222926_jpg.rf.Nkqp23yXQndThO2hKosw.jpg,ok,640,480
train_bubat_timur,C:\Users\hanif\Downloads\capstone-agung\capstone-agung\data bubat timur\train\images\BubatBrt_20260512_223005_jpg.rf.OHv3eup76x1IkrLWCzwL.jpg,ok,640,480
train_bubat_timur,C:\Users\hanif\Downloads\capstone-agung\capstone-agung\data bubat timur\train\images\BubatBrt_20260512_223044_jpg.rf.5pfBcgxPIcNUtffMd8aA.jpg,ok,640,480
train_bubat_timur,C:\Users\hanif\Downloads\capstone-agung\capstone-agung\data bubat timur\train\images\BubatBrt_20260512_223123_jpg.rf.9u22uozqAj3X4BXrtlLs.jpg,ok,640,480
train_bubat_timur,C:\Users\hanif\Downloads\capstone-agung\capstone-agung\data bubat timur\train\images\BubatBrt_20260512_223202_jpg.rf.DtYdWmWj9aHkzxD25NGr.jpg,ok,640,480
train_bubat_timur,C:\Users\hanif\Downloads\capstone-agung\capstone-agung\data bubat timur\train\images\BubatBrt_20260512_223240_jpg.rf.d5CAKjSQR932s6C26KdA.jpg,ok,640,480
train_bubat_timur,C:\Users\hanif\Downloads\capstone-agung\capstone-agung\data bubat timur\train\images\BubatBrt_20260512_223319_jpg.rf.bJdQZx56PTaAx8giBhMD.jpg,ok,640,480
train_bubat_timur,C:\Users\hanif\Downloads\capstone-agung\capstone-agung\data bubat timur\train\images\BubatBrt_20260512_223358_jpg.rf.tzitRvkEESJuRXXSUtlO.jpg,ok,640,480
train_bubat_timur,C:\Users\hanif\Downloads\capstone-agung\capstone-agung\data bubat timur\train\images\BubatBrt_20260512_223437_jpg.rf.sb1jBMG8Mp0SYJWGgnNj.jpg,ok,640,480
train_bubat_timur,C:\Users\hanif\Downloads\capstone-agung\capstone-agung\data bubat timur\train\images\BubatBrt_20260512_223516_jpg.rf.ZqjsU4jY30PC9fpK6X5M.jpg,ok,640,480
train_bubat_timur,C:\Users\hanif\Downloads\capstone-agung\capstone-agung\data bubat timur\train\images\BubatBrt_20260512_223555_jpg.rf.UMClRhKDrao9ThoKBYVl.jpg,ok,640,480
train_bubat_timur,C:\Users\hanif\Downloads\capstone-agung\capstone-agung\data bubat timur\train\images\BubatBrt_20260512_223634_jpg.rf.GYhTP4uApYRO4UZ0n9Tm.jpg,ok,640,480
train_bubat_timur,C:\Users\hanif\Downloads\capstone-agung\capstone-agung\data bubat timur\train\images\BubatBrt_20260512_223713_jpg.rf.src9sfxxTzUHGPcWikFx.jpg,ok,640,480
train_bubat_timur,C:\Users\hanif\Downloads\capstone-agung\capstone-agung\data bubat timur\train\images\BubatBrt_20260512_223751_jpg.rf.fASWwAQsFYx6MuXtsq4N.jpg,ok,640,480
train_bubat_timur,C:\Users\hanif\Downloads\capstone-agung\capstone-agung\data bubat timur\train\images\BubatBrt_20260512_223830_jpg.rf.4znb5rcylB8hzo1RgmNa.jpg,ok,640,480
train_bubat_timur,C:\Users\hanif\Downloads\capstone-agung\capstone-agung\data bubat timur\train\images\BubatBrt_20260512_223909_jpg.rf.4Mh4g1an8VJotfQabSxD.jpg,ok,640,480
train_bubat_timur,C:\Users\hanif\Downloads\capstone-agung\capstone-agung\data bubat timur\train\images\BubatBrt_20260512_223948_jpg.rf.X7OEvJsNxr3Zv4CTw9kE.jpg,ok,640,480
train_bubat_timur,C:\Users\hanif\Downloads\capstone-agung\capstone-agung\data bubat timur\train\images\BubatBrt_20260512_224026_jpg.rf.ViJI8upvifyk2m2XrYGV.jpg,ok,640,480
train_bubat_timur,C:\Users\hanif\Downloads\capstone-agung\capstone-agung\data bubat timur\train\images\BubatBrt_20260512_224105_jpg.rf.aEjWYN3tOWnGxBfM1O0w.jpg,ok,640,480
train_bubat_timur,C:\Users\hanif\Downloads\capstone-agung\capstone-agung\data bubat timur\train\images\BubatBrt_20260512_224144_jpg.rf.GngL3cmHj2cPtnMZ6801.jpg,ok,640,480
train_bubat_timur,C:\Users\hanif\Downloads\capstone-agung\capstone-agung\data bubat timur\train\images\BubatBrt_20260512_224223_jpg.rf.NTW60kyvxFDZqjN177Cd.jpg,ok,640,480
train_bubat_timur,C:\Users\hanif\Downloads\capstone-agung\capstone-agung\data bubat timur\train\images\BubatBrt_20260512_224301_jpg.rf.MYxE0nYI0FyzC4JoIthm.jpg,ok,640,480
train_bubat_timur,C:\Users\hanif\Downloads\capstone-agung\capstone-agung\data bubat timur\train\images\BubatBrt_20260512_224340_jpg.rf.Uez3y82NX7oRBYlbC1JN.jpg,ok,640,480
train_bubat_timur,C:\Users\hanif\Downloads\capstone-agung\capstone-agung\data bubat timur\train\images\BubatBrt_20260512_224419_jpg.rf.L7QPqPNnqaazfXBu3SaD.jpg,ok,640,480
train_bubat_timur,C:\Users\hanif\Downloads\capstone-agung\capstone-agung\data bubat timur\train\images\BubatBrt_20260512_224458_jpg.rf.vOVbo9vIwu4Adu3kiPUs.jpg,ok,640,480
train_bubat_timur,C:\Users\hanif\Downloads\capstone-agung\capstone-agung\data bubat timur\train\images\BubatBrt_20260512_224537_jpg.rf.TiMp1D6lXOEklcnGgdy8.jpg,ok,640,480
train_bubat_timur,C:\Users\hanif\Downloads\capstone-agung\capstone-agung\data bubat timur\train\images\BubatBrt_20260512_224615_jpg.rf.VALADxopjMU7HBq7hg0l.jpg,ok,640,480
train_bubat_timur,C:\Users\hanif\Downloads\capstone-agung\capstone-agung\data bubat timur\train\images\BubatBrt_20260512_224654_jpg.rf.dxEMj9fbXXiTW389k6DN.jpg,ok,640,480
train_bubat_timur,C:\Users\hanif\Downloads\capstone-agung\capstone-agung\data bubat timur\train\images\BubatBrt_20260512_224732_jpg.rf.e7xRKetNmCY2YiMoq2SE.jpg,ok,640,480
train_bubat_timur,C:\Users\hanif\Downloads\capstone-agung\capstone-agung\data bubat timur\train\images\BubatBrt_20260512_224811_jpg.rf.8gbJ9iOwLTJndD8khGVq.jpg,ok,640,480
train_bubat_timur,C:\Users\hanif\Downloads\capstone-agung\capstone-agung\data bubat timur\train\images\BubatBrt_20260512_224850_jpg.rf.fNQWNlPoDyFgFKc5dZDz.jpg,ok,640,480
train_bubat_timur,C:\Users\hanif\Downloads\capstone-agung\capstone-agung\data bubat timur\train\images\BubatBrt_20260512_224928_jpg.rf.yivYSWtj5FFZBIYuz5wS.jpg,ok,640,480
train_bubat_timur,C:\Users\hanif\Downloads\capstone-agung\capstone-agung\data bubat timur\train\images\BubatBrt_20260512_225007_jpg.rf.S1c9T4CNPsBmvGHqHdvk.jpg,ok,640,480
train_bubat_timur,C:\Users\hanif\Downloads\capstone-agung\capstone-agung\data bubat timur\train\images\BubatBrt_20260512_225046_jpg.rf.3LJ9n2PNBV8qQ5KUJCA2.jpg,ok,640,480
train_bubat_timur,C:\Users\hanif\Downloads\capstone-agung\capstone-agung\data bubat timur\train\images\BubatBrt_20260512_225125_jpg.rf.Bu5XYPVXnukYnBuZ0dPO.jpg,ok,640,480
train_bubat_timur,C:\Users\hanif\Downloads\capstone-agung\capstone-agung\data bubat timur\train\images\BubatBrt_20260512_225204_jpg.rf.VDfi26wLVle1p70MHcky.jpg,ok,640,480
train_bubat_timur,C:\Users\hanif\Downloads\capstone-agung\capstone-agung\data bubat timur\train\images\BubatBrt_20260512_225242_jpg.rf.g2LVYP1BFCvyknNOXlya.jpg,ok,640,480
train_bubat_timur,C:\Users\hanif\Downloads\capstone-agung\capstone-agung\data bubat timur\train\images\BubatBrt_20260512_225321_jpg.rf.huZoN7xQuqgcnfwvltx4.jpg,ok,640,480
train_bubat_timur,C:\Users\hanif\Downloads\capstone-agung\capstone-agung\data bubat timur\train\images\BubatBrt_20260512_225400_jpg.rf.SywHBx00EEY99jO6CbHs.jpg,ok,640,480
train_bubat_timur,C:\Users\hanif\Downloads\capstone-agung\capstone-agung\data bubat timur\train\images\BubatBrt_20260512_225439_jpg.rf.wcIffO2WWSnTXt96dYxg.jpg,ok,640,480
train_bubat_timur,C:\Users\hanif\Downloads\capstone-agung\capstone-agung\data bubat timur\train\images\BubatBrt_20260512_225519_jpg.rf.bQOYtXIE2GMGey1CWpUW.jpg,ok,640,480
train_bubat_timur,C:\Users\hanif\Downloads\capstone-agung\capstone-agung\data bubat timur\train\images\BubatBrt_20260512_225558_jpg.rf.7WulWYQFEYQ04DoJsqKK.jpg,ok,640,480
train_bubat_timur,C:\Users\hanif\Downloads\capstone-agung\capstone-agung\data bubat timur\train\images\BubatBrt_20260512_225636_jpg.rf.uamAYLJuZJmIQSwHh9Oq.jpg,ok,640,480
train_bubat_timur,C:\Users\hanif\Downloads\capstone-agung\capstone-agung\data bubat timur\train\images\BubatBrt_20260512_225716_jpg.rf.rbgqyGgyWcM2VwPuw1ku.jpg,ok,640,480
train_bubat_timur,C:\Users\hanif\Downloads\capstone-agung\capstone-agung\data bubat timur\train\images\BubatBrt_20260512_225755_jpg.rf.KXG9oh6jYymfksS1I65G.jpg,ok,640,480
train_bubat_timur,C:\Users\hanif\Downloads\capstone-agung\capstone-agung\data bubat timur\train\images\BubatBrt_20260512_225834_jpg.rf.5odLYGeAaxgL9GCrjYs7.jpg,ok,640,480
train_bubat_timur,C:\Users\hanif\Downloads\capstone-agung\capstone-agung\data bubat timur\train\images\BubatBrt_20260512_225912_jpg.rf.WnN5UzSLZL5UhsfrE71f.jpg,ok,640,480
train_bubat_timur,C:\Users\hanif\Downloads\capstone-agung\capstone-agung\data bubat timur\train\images\BubatBrt_20260512_225951_jpg.rf.8DRSwqgb3aIaFDb2a4mC.jpg,ok,640,480
train_bubat_timur,C:\Users\hanif\Downloads\capstone-agung\capstone-agung\data bubat timur\train\images\BubatBrt_20260512_230030_jpg.rf.mTRnkJKYkxt1WCUp5EQ5.jpg,ok,640,480
train_bubat_timur,C:\Users\hanif\Downloads\capstone-agung\capstone-agung\data bubat timur\train\images\BubatBrt_20260512_230109_jpg.rf.vxYyMWJcxFeb4Nd4MiNQ.jpg,ok,640,480
train_bubat_timur,C:\Users\hanif\Downloads\capstone-agung\capstone-agung\data bubat timur\train\images\BubatBrt_20260512_230305_jpg.rf.6I8s5iBegS7HPK6EK6HY.jpg,ok,640,480
train_bubat_timur,C:\Users\hanif\Downloads\capstone-agung\capstone-agung\data bubat timur\train\images\BubatBrt_20260512_230344_jpg.rf.E0dK2uN5suh9tYX1hxUW.jpg,ok,640,480
train_bubat_timur,C:\Users\hanif\Downloads\capstone-agung\capstone-agung\data bubat timur\train\images\BubatBrt_20260512_230442_jpg.rf.1HCfxePakLi0EPetPtHX.jpg,ok,640,480
train_bubat_timur,C:\Users\hanif\Downloads\capstone-agung\capstone-agung\data bubat timur\train\images\BubatBrt_20260512_230521_jpg.rf.0swFf6ocOyBKqE6GgVyz.jpg,ok,640,480
train_bubat_timur,C:\Users\hanif\Downloads\capstone-agung\capstone-agung\data bubat timur\train\images\BubatBrt_20260512_230600_jpg.rf.BRrEPwDBk5Q9Rhhtu4rL.jpg,ok,640,480
train_bubat_timur,C:\Users\hanif\Downloads\capstone-agung\capstone-agung\data bubat timur\train\images\BubatBrt_20260512_230638_jpg.rf.U4t49E3df5RMypbKEK29.jpg,ok,640,480
train_bubat_timur,C:\Users\hanif\Downloads\capstone-agung\capstone-agung\data bubat timur\train\images\BubatBrt_20260512_230717_jpg.rf.ij7truiPIQOskBQbHhkY.jpg,ok,640,480
train_bubat_timur,C:\Users\hanif\Downloads\capstone-agung\capstone-agung\data bubat timur\train\images\BubatBrt_20260512_231012_jpg.rf.1IQb4yIsylFxN6ZJxZ7p.jpg,ok,640,480
train_bubat_timur,C:\Users\hanif\Downloads\capstone-agung\capstone-agung\data bubat timur\train\images\BubatBrt_20260512_231051_jpg.rf.qXMzgJqEcBiDifhjsZaZ.jpg,ok,640,480
train_bubat_timur,C:\Users\hanif\Downloads\capstone-agung\capstone-agung\data bubat timur\train\images\BubatBrt_20260512_231622_jpg.rf.1ELIwuXmz9CmBBZKS0Vb.jpg,ok,640,480
train_bubat_timur,C:\Users\hanif\Downloads\capstone-agung\capstone-agung\data bubat timur\train\images\BubatBrt_20260512_231701_jpg.rf.d7crDYM9s6hYAmv0ZSHZ.jpg,ok,640,480
train_bubat_timur,C:\Users\hanif\Downloads\capstone-agung\capstone-agung\data bubat timur\train\images\BubatBrt_20260512_231740_jpg.rf.qiZvmLThOXIwJSBLu20a.jpg,ok,640,480
train_bubat_timur,C:\Users\hanif\Downloads\capstone-agung\capstone-agung\data bubat timur\train\images\BubatBrt_20260512_231819_jpg.rf.9cTDgcjSjX6EruAq7GVG.jpg,ok,640,480
train_bubat_timur,C:\Users\hanif\Downloads\capstone-agung\capstone-agung\data bubat timur\train\images\BubatBrt_20260512_231858_jpg.rf.sjIfo1YbgBzI4NLCJVMK.jpg,ok,640,480
train_bubat_timur,C:\Users\hanif\Downloads\capstone-agung\capstone-agung\data bubat timur\train\images\BubatBrt_20260512_231937_jpg.rf.Uj4yWFsw6Rb2bsng8VVQ.jpg,ok,640,480
train_bubat_timur,C:\Users\hanif\Downloads\capstone-agung\capstone-agung\data bubat timur\train\images\BubatBrt_20260512_232251_jpg.rf.pb1DEI5Wlat72MVGWLy4.jpg,ok,640,480
train_bubat_timur,C:\Users\hanif\Downloads\capstone-agung\capstone-agung\data bubat timur\train\images\BubatBrt_20260512_232330_jpg.rf.f2DetojcrwVhww4wwO7L.jpg,ok,640,480
train_bubat_timur,C:\Users\hanif\Downloads\capstone-agung\capstone-agung\data bubat timur\train\images\BubatBrt_20260512_232409_jpg.rf.QTMFxxfkargQoFZ6uu4l.jpg,ok,640,480
train_bubat_timur,C:\Users\hanif\Downloads\capstone-agung\capstone-agung\data bubat timur\train\images\BubatBrt_20260512_232447_jpg.rf.eJzGzwVEKBEVBD22mor1.jpg,ok,640,480
train_bubat_timur,C:\Users\hanif\Downloads\capstone-agung\capstone-agung\data bubat timur\train\images\BubatBrt_20260512_232527_jpg.rf.1LjfZdSjRABgtNT0HVm5.jpg,ok,640,480
train_bubat_timur,C:\Users\hanif\Downloads\capstone-agung\capstone-agung\data bubat timur\train\images\BubatBrt_20260512_232606_jpg.rf.DNhiAIxmU9DZwWsM6QxN.jpg,ok,640,480
train_bubat_timur,C:\Users\hanif\Downloads\capstone-agung\capstone-agung\data bubat timur\train\images\BubatBrt_20260512_232645_jpg.rf.X6OszQpiRTBb9GErYbAR.jpg,ok,640,480
train_bubat_timur,C:\Users\hanif\Downloads\capstone-agung\capstone-agung\data bubat timur\train\images\BubatBrt_20260512_232822_jpg.rf.Rq3ENxJFqViF34191mSy.jpg,ok,640,480
train_bubat_timur,C:\Users\hanif\Downloads\capstone-agung\capstone-agung\data bubat timur\train\images\BubatBrt_20260512_232901_jpg.rf.ZBj31LuUPFrE5cAkS2Ry.jpg,ok,640,480
train_bubat_timur,C:\Users\hanif\Downloads\capstone-agung\capstone-agung\data bubat timur\train\images\BubatBrt_20260512_232940_jpg.rf.vr1IqK4x8bKVhTYjYyQJ.jpg,ok,640,480
train_bubat_timur,C:\Users\hanif\Downloads\capstone-agung\capstone-agung\data bubat timur\train\images\BubatBrt_20260512_233019_jpg.rf.lxZrk3cbjQaQPLjeUUva.jpg,ok,640,480
train_bubat_timur,C:\Users\hanif\Downloads\capstone-agung\capstone-agung\data bubat timur\train\images\BubatBrt_20260512_233059_jpg.rf.7Mhm6tV0XmNopmW2vlrH.jpg,ok,640,480
train_bubat_timur,C:\Users\hanif\Downloads\capstone-agung\capstone-agung\data bubat timur\train\images\BubatBrt_20260512_233236_jpg.rf.P4gcwNPF8EqIEKH8RTRt.jpg,ok,640,480
train_bubat_timur,C:\Users\hanif\Downloads\capstone-agung\capstone-agung\data bubat timur\train\images\BubatBrt_20260512_233315_jpg.rf.uarJeC4d0smsfA1BPHpb.jpg,ok,640,480
train_bubat_timur,C:\Users\hanif\Downloads\capstone-agung\capstone-agung\data bubat timur\train\images\BubatBrt_20260512_233354_jpg.rf.JKFAUUdfb2YEeErTcaHB.jpg,ok,640,480
train_bubat_timur,C:\Users\hanif\Downloads\capstone-agung\capstone-agung\data bubat timur\train\images\BubatBrt_20260512_233433_jpg.rf.m8udqScTvH9xsgSewOQr.jpg,ok,640,480
train_bubat_timur,C:\Users\hanif\Downloads\capstone-agung\capstone-agung\data bubat timur\train\images\BubatBrt_20260512_233531_jpg.rf.0F2lXvvJmWighANkJBkV.jpg,ok,640,480
train_bubat_timur,C:\Users\hanif\Downloads\capstone-agung\capstone-agung\data bubat timur\train\images\BubatBrt_20260512_233610_jpg.rf.wzTykhWwrBh3wixVOzY3.jpg,ok,640,480
train_bubat_timur,C:\Users\hanif\Downloads\capstone-agung\capstone-agung\data bubat timur\train\images\BubatBrt_20260512_233649_jpg.rf.MOyTxz9jaYLzWY1NJQFM.jpg,ok,640,480
train_bubat_timur,C:\Users\hanif\Downloads\capstone-agung\capstone-agung\data bubat timur\train\images\BubatBrt_20260512_233728_jpg.rf.22sAXrIorOlWJkmvLEKY.jpg,ok,640,480
train_bubat_timur,C:\Users\hanif\Downloads\capstone-agung\capstone-agung\data bubat timur\train\images\BubatBrt_20260512_234022_jpg.rf.Tt96M8kKFgdp1P9kjqRq.jpg,ok,640,480
train_bubat_timur,C:\Users\hanif\Downloads\capstone-agung\capstone-agung\data bubat timur\train\images\BubatBrt_20260512_234238_jpg.rf.IjMGEX3VXIE08o9qGtx3.jpg,ok,640,480
train_bubat_timur,C:\Users\hanif\Downloads\capstone-agung\capstone-agung\data bubat timur\train\images\BubatBrt_20260512_234317_jpg.rf.vUg3EDoUHMBLZ2SGjjQ3.jpg,ok,640,480
train_bubat_timur,C:\Users\hanif\Downloads\capstone-agung\capstone-agung\data bubat timur\train\images\BubatBrt_20260512_234356_jpg.rf.l7qoiFxlbvKpwgBMnbfZ.jpg,ok,640,480
train_bubat_timur,C:\Users\hanif\Downloads\capstone-agung\capstone-agung\data bubat timur\train\images\BubatBrt_20260512_234435_jpg.rf.JPnYx82OZfqNaPU9NREx.jpg,ok,640,480
train_bubat_timur,C:\Users\hanif\Downloads\capstone-agung\capstone-agung\data bubat timur\train\images\BubatBrt_20260512_234513_jpg.rf.cVkQ9Ny3RGoPblX4dlfI.jpg,ok,640,480
train_bubat_timur,C:\Users\hanif\Downloads\capstone-agung\capstone-agung\data bubat timur\train\images\BubatBrt_20260512_234535_jpg.rf.y7zKcIzJWdBpuRTU9WHm.jpg,ok,640,480
train_bubat_timur,C:\Users\hanif\Downloads\capstone-agung\capstone-agung\data bubat timur\train\images\BubatBrt_20260512_234614_jpg.rf.ZkTXoZzQR4CPvIlZNzOC.jpg,ok,640,480
train_bubat_timur,C:\Users\hanif\Downloads\capstone-agung\capstone-agung\data bubat timur\train\images\BubatBrt_20260512_234731_jpg.rf.zm4qsUAYLNhFLot2tS0G.jpg,ok,640,480
train_bubat_timur,C:\Users\hanif\Downloads\capstone-agung\capstone-agung\data bubat timur\train\images\BubatBrt_20260512_234810_jpg.rf.PTdAeJ4cGe4nlA6RoEDP.jpg,ok,640,480
train_bubat_timur,C:\Users\hanif\Downloads\capstone-agung\capstone-agung\data bubat timur\train\images\BubatBrt_20260512_234849_jpg.rf.nMODqcMdiNZjxyOzQLQq.jpg,ok,640,480
train_bubat_timur,C:\Users\hanif\Downloads\capstone-agung\capstone-agung\data bubat timur\train\images\BubatBrt_20260512_234928_jpg.rf.3E2KNUs79KUIVzsT6YtH.jpg,ok,640,480
train_bubat_timur,C:\Users\hanif\Downloads\capstone-agung\capstone-agung\data bubat timur\train\images\BubatBrt_20260512_235027_jpg.rf.ZnmrWh2eHyD1jIE2gltc.jpg,ok,640,480
train_bubat_timur,C:\Users\hanif\Downloads\capstone-agung\capstone-agung\data bubat timur\train\images\BubatBrt_20260512_235106_jpg.rf.7tbu2JAL319ynlNta2r5.jpg,ok,640,480
train_bubat_timur,C:\Users\hanif\Downloads\capstone-agung\capstone-agung\data bubat timur\train\images\BubatBrt_20260512_235145_jpg.rf.lKizAUFjxjWw9FcNXC58.jpg,ok,640,480
train_bubat_timur,C:\Users\hanif\Downloads\capstone-agung\capstone-agung\data bubat timur\train\images\BubatBrt_20260512_235224_jpg.rf.RhEvWytnSFYyKuv2qh6e.jpg,ok,640,480
train_bubat_timur,C:\Users\hanif\Downloads\capstone-agung\capstone-agung\data bubat timur\train\images\BubatBrt_20260512_235302_jpg.rf.4gejER8waNWeNqXWKjz3.jpg,ok,640,480
train_bubat_timur,C:\Users\hanif\Downloads\capstone-agung\capstone-agung\data bubat timur\train\images\BubatBrt_20260512_235341_jpg.rf.A6Td1tUGgABpti2L4YML.jpg,ok,640,480
train_bubat_timur,C:\Users\hanif\Downloads\capstone-agung\capstone-agung\data bubat timur\train\images\BubatBrt_20260512_235420_jpg.rf.dGIVBBmHc64LvHhqPdRV.jpg,ok,640,480
train_bubat_timur,C:\Users\hanif\Downloads\capstone-agung\capstone-agung\data bubat timur\train\images\BubatBrt_20260512_235657_jpg.rf.vz8yKX7lQSh3W8kmVnCA.jpg,ok,640,480
train_bubat_timur,C:\Users\hanif\Downloads\capstone-agung\capstone-agung\data bubat timur\train\images\BubatBrt_20260512_235737_jpg.rf.lr0WtC3J9Zk4bhDDgdQz.jpg,ok,640,480
train_bubat_timur,C:\Users\hanif\Downloads\capstone-agung\capstone-agung\data bubat timur\train\images\BubatBrt_20260512_235855_jpg.rf.ewZoCiMv9ADUXu52jc3U.jpg,ok,640,480
train_bubat_timur,C:\Users\hanif\Downloads\capstone-agung\capstone-agung\data bubat timur\train\images\BubatBrt_20260512_235934_jpg.rf.sbJX5ImpIcBFcKgy0U7h.jpg,ok,640,480
train_bubat_timur,C:\Users\hanif\Downloads\capstone-agung\capstone-agung\data bubat timur\train\images\BubatBrt_20260513_000013_jpg.rf.dO5UVFLQgAIqRVdyrtt9.jpg,ok,640,480
train_bubat_timur,C:\Users\hanif\Downloads\capstone-agung\capstone-agung\data bubat timur\train\images\BubatBrt_20260513_000427_jpg.rf.ZGdtNn2RMOjEUrCM3wn4.jpg,ok,640,480
train_bubat_timur,C:\Users\hanif\Downloads\capstone-agung\capstone-agung\data bubat timur\train\images\BubatBrt_20260513_000506_jpg.rf.GBWu82iolpSn8Dss3UEo.jpg,ok,640,480
train_bubat_timur,C:\Users\hanif\Downloads\capstone-agung\capstone-agung\data bubat timur\train\images\BubatBrt_20260513_000545_jpg.rf.79s3zpGCeYLsXdq359Qe.jpg,ok,640,480
train_bubat_timur,C:\Users\hanif\Downloads\capstone-agung\capstone-agung\data bubat timur\train\images\BubatBrt_20260513_000624_jpg.rf.MLUdzK3WEOCt2VXNIWC2.jpg,ok,640,480
train_bubat_timur,C:\Users\hanif\Downloads\capstone-agung\capstone-agung\data bubat timur\train\images\BubatBrt_20260513_000704_jpg.rf.4jfYcknD1x9g0oJEwLEs.jpg,ok,640,480
train_bubat_timur,C:\Users\hanif\Downloads\capstone-agung\capstone-agung\data bubat timur\train\images\BubatBrt_20260513_001137_jpg.rf.GY8SR864kgNW7fNLd2mC.jpg,ok,640,480
train_bubat_timur,C:\Users\hanif\Downloads\capstone-agung\capstone-agung\data bubat timur\train\images\BubatBrt_20260513_001217_jpg.rf.nAVW3yHUrem5GwIyZwLI.jpg,ok,640,480
train_bubat_timur,C:\Users\hanif\Downloads\capstone-agung\capstone-agung\data bubat timur\train\images\BubatBrt_20260513_001256_jpg.rf.QX3okbyBiSMdllL5GGDP.jpg,ok,640,480
train_bubat_timur,C:\Users\hanif\Downloads\capstone-agung\capstone-agung\data bubat timur\train\images\BubatBrt_20260513_001335_jpg.rf.FJXfb44NXqGiix2TYgL0.jpg,ok,640,480
train_bubat_timur,C:\Users\hanif\Downloads\capstone-agung\capstone-agung\data bubat timur\train\images\BubatBrt_20260513_001414_jpg.rf.ilTUOg17isnpViqXZqja.jpg,ok,640,480
train_bubat_timur,C:\Users\hanif\Downloads\capstone-agung\capstone-agung\data bubat timur\train\images\BubatBrt_20260513_001453_jpg.rf.YyI0mbw4Xmpp5z5Frkig.jpg,ok,640,480
train_bubat_timur,C:\Users\hanif\Downloads\capstone-agung\capstone-agung\data bubat timur\train\images\BubatBrt_20260513_001810_jpg.rf.HT0xn5zl0nRPNtkgKyur.jpg,ok,640,480
train_bubat_timur,C:\Users\hanif\Downloads\capstone-agung\capstone-agung\data bubat timur\train\images\BubatBrt_20260513_001849_jpg.rf.J3bqhm2m6MVbPQIbNjki.jpg,ok,640,480
train_bubat_timur,C:\Users\hanif\Downloads\capstone-agung\capstone-agung\data bubat timur\train\images\BubatBrt_20260513_001928_jpg.rf.QBv3YXmjCgsj70TufKdN.jpg,ok,640,480
train_bubat_timur,C:\Users\hanif\Downloads\capstone-agung\capstone-agung\data bubat timur\train\images\BubatBrt_20260513_002441_jpg.rf.36nILptQaZMM65EjI1v3.jpg,ok,640,480
train_bubat_timur,C:\Users\hanif\Downloads\capstone-agung\capstone-agung\data bubat timur\train\images\BubatBrt_20260513_002520_jpg.rf.71HfY5D9MhdCSVcSLaiX.jpg,ok,640,480
train_bubat_timur,C:\Users\hanif\Downloads\capstone-agung\capstone-agung\data bubat timur\train\images\BubatBrt_20260513_002639_jpg.rf.HPcyal6wxSL58e9sHtVa.jpg,ok,640,480
train_bubat_timur,C:\Users\hanif\Downloads\capstone-agung\capstone-agung\data bubat timur\train\images\BubatBrt_20260513_003111_jpg.rf.T6Xa8V3LcadaNpNpIdoN.jpg,ok,640,480
train_bubat_timur,C:\Users\hanif\Downloads\capstone-agung\capstone-agung\data bubat timur\train\images\BubatBrt_20260513_003151_jpg.rf.389a6Y3ph4CGZrmh0Fgk.jpg,ok,640,480
train_bubat_timur,C:\Users\hanif\Downloads\capstone-agung\capstone-agung\data bubat timur\train\images\BubatBrt_20260513_003230_jpg.rf.kTN7659ndgieShOcziD3.jpg,ok,640,480
train_bubat_timur,C:\Users\hanif\Downloads\capstone-agung\capstone-agung\data bubat timur\train\images\BubatBrt_20260513_003308_jpg.rf.DhiEAAI10QDJKwwBuSD1.jpg,ok,640,480
train_bubat_timur,C:\Users\hanif\Downloads\capstone-agung\capstone-agung\data bubat timur\train\images\BubatBrt_20260513_003348_jpg.rf.TBTBYoBVBMqWYpYiQwa1.jpg,ok,640,480
train_bubat_timur,C:\Users\hanif\Downloads\capstone-agung\capstone-agung\data bubat timur\train\images\BubatBrt_20260513_003545_jpg.rf.usFdyxlcAA7UoLMgQiOp.jpg,ok,640,480
train_bubat_timur,C:\Users\hanif\Downloads\capstone-agung\capstone-agung\data bubat timur\train\images\BubatBrt_20260513_003645_jpg.rf.heOHeriQNcTqjOFe8zrw.jpg,ok,640,480
train_bubat_timur,C:\Users\hanif\Downloads\capstone-agung\capstone-agung\data bubat timur\train\images\BubatBrt_20260513_003744_jpg.rf.P0NqUA6n10TL5VeVRYvR.jpg,ok,640,480
train_bubat_timur,C:\Users\hanif\Downloads\capstone-agung\capstone-agung\data bubat timur\train\images\BubatBrt_20260513_003823_jpg.rf.sLub0cSMozXAyK23u6Ev.jpg,ok,640,480
train_bubat_timur,C:\Users\hanif\Downloads\capstone-agung\capstone-agung\data bubat timur\train\images\BubatBrt_20260513_003902_jpg.rf.7nm3gUZtIr8WvurT7ZH3.jpg,ok,640,480
train_bubat_timur,C:\Users\hanif\Downloads\capstone-agung\capstone-agung\data bubat timur\train\images\BubatBrt_20260513_004453_jpg.rf.tDjMXE4gOANYWtBzMyVm.jpg,ok,640,480
train_bubat_timur,C:\Users\hanif\Downloads\capstone-agung\capstone-agung\data bubat timur\train\images\BubatBrt_20260513_004532_jpg.rf.HnGyLHkvkIRU36ok0f2z.jpg,ok,640,480
train_bubat_timur,C:\Users\hanif\Downloads\capstone-agung\capstone-agung\data bubat timur\train\images\BubatBrt_20260513_004611_jpg.rf.QGHlqDZaFVxq1dgBxgKE.jpg,ok,640,480
train_bubat_timur,C:\Users\hanif\Downloads\capstone-agung\capstone-agung\data bubat timur\train\images\BubatBrt_20260513_004650_jpg.rf.mrSsMx1M4LlIxz2Iz6IR.jpg,ok,640,480
train_bubat_timur,C:\Users\hanif\Downloads\capstone-agung\capstone-agung\data bubat timur\train\images\BubatBrt_20260513_005142_jpg.rf.MICVuuJuO3ausvCXr00r.jpg,ok,640,480
train_bubat_timur,C:\Users\hanif\Downloads\capstone-agung\capstone-agung\data bubat timur\train\images\BubatBrt_20260513_005221_jpg.rf.PNABwCuKrPcdD5qyemJA.jpg,ok,640,480
train_bubat_timur,C:\Users\hanif\Downloads\capstone-agung\capstone-agung\data bubat timur\train\images\BubatBrt_20260513_005300_jpg.rf.siHlkdStJCeCd8a1vZI1.jpg,ok,640,480
train_bubat_timur,C:\Users\hanif\Downloads\capstone-agung\capstone-agung\data bubat timur\train\images\BubatBrt_20260513_005850_jpg.rf.YEInRHQZ4pThdD713k1a.jpg,ok,640,480
train_bubat_timur,C:\Users\hanif\Downloads\capstone-agung\capstone-agung\data bubat timur\train\images\BubatBrt_20260513_005929_jpg.rf.CGvgBVLcOgXTwfoi70mK.jpg,ok,640,480
train_bubat_timur,C:\Users\hanif\Downloads\capstone-agung\capstone-agung\data bubat timur\train\images\BubatBrt_20260513_010717_jpg.rf.FyxyJvyPKQFNuRaorUpc.jpg,ok,640,480
train_bubat_timur,C:\Users\hanif\Downloads\capstone-agung\capstone-agung\data bubat timur\train\images\BubatBrt_20260513_010757_jpg.rf.FnDWXxNjHxDQkrUgVL4t.jpg,ok,640,480
train_bubat_timur,C:\Users\hanif\Downloads\capstone-agung\capstone-agung\data bubat timur\train\images\BubatBrt_20260513_010836_jpg.rf.XY6McE6MPZKf0RyFuCYg.jpg,ok,640,480
train_bubat_timur,C:\Users\hanif\Downloads\capstone-agung\capstone-agung\data bubat timur\train\images\BubatBrt_20260513_010915_jpg.rf.ulcqBkrl4ImLMpPwgXu8.jpg,ok,640,480
train_bubat_timur,C:\Users\hanif\Downloads\capstone-agung\capstone-agung\data bubat timur\train\images\BubatBrt_20260513_011449_jpg.rf.0yePwtR8npZa41nJ0bkO.jpg,ok,640,480
train_bubat_timur,C:\Users\hanif\Downloads\capstone-agung\capstone-agung\data bubat timur\train\images\BubatBrt_20260513_011528_jpg.rf.9WeUp7D5rpK4EgqbGQYV.jpg,ok,640,480
train_bubat_timur,C:\Users\hanif\Downloads\capstone-agung\capstone-agung\data bubat timur\train\images\BubatBrt_20260513_011607_jpg.rf.gmWy8u9ZdLf2oXuHq8AF.jpg,ok,640,480
train_bubat_timur,C:\Users\hanif\Downloads\capstone-agung\capstone-agung\data bubat timur\train\images\BubatBrt_20260513_011706_jpg.rf.SvQiHYXFYXaEtJOcB7zZ.jpg,ok,640,480
train_bubat_timur,C:\Users\hanif\Downloads\capstone-agung\capstone-agung\data bubat timur\train\images\BubatBrt_20260513_012101_jpg.rf.6ouP6erN0qXAuRrHTq02.jpg,ok,640,480
train_bubat_timur,C:\Users\hanif\Downloads\capstone-agung\capstone-agung\data bubat timur\train\images\BubatBrt_20260513_012140_jpg.rf.V3YWOkrO2epD1GdlhULN.jpg,ok,640,480
train_bubat_timur,C:\Users\hanif\Downloads\capstone-agung\capstone-agung\data bubat timur\train\images\BubatBrt_20260513_012220_jpg.rf.Us8l8FNL4nBnfDRRT95c.jpg,ok,640,480
train_bubat_timur,C:\Users\hanif\Downloads\capstone-agung\capstone-agung\data bubat timur\train\images\BubatBrt_20260513_012338_jpg.rf.NyigOUChosYJ6VkBZjRN.jpg,ok,640,480
train_bubat_timur,C:\Users\hanif\Downloads\capstone-agung\capstone-agung\data bubat timur\train\images\BubatBrt_20260513_012733_jpg.rf.4lugvsSq09xkrJ5L6AGy.jpg,ok,640,480
train_bubat_timur,C:\Users\hanif\Downloads\capstone-agung\capstone-agung\data bubat timur\train\images\BubatBrt_20260513_012812_jpg.rf.lE17Lzs77ChUprcYaXJW.jpg,ok,640,480
train_bubat_timur,C:\Users\hanif\Downloads\capstone-agung\capstone-agung\data bubat timur\train\images\BubatBrt_20260513_012930_jpg.rf.vwJp4NDpi60fUSL5uAGQ.jpg,ok,640,480
train_bubat_timur,C:\Users\hanif\Downloads\capstone-agung\capstone-agung\data bubat timur\train\images\BubatBrt_20260513_013009_jpg.rf.MDq21YLUbLbXV4yiWE8w.jpg,ok,640,480
train_bubat_timur,C:\Users\hanif\Downloads\capstone-agung\capstone-agung\data bubat timur\train\images\BubatBrt_20260513_013424_jpg.rf.QM3dBadUZ9NDJCw2YyN9.jpg,ok,640,480
train_bubat_timur,C:\Users\hanif\Downloads\capstone-agung\capstone-agung\data bubat timur\train\images\BubatBrt_20260513_013542_jpg.rf.ZgqL5lHpZ6oeH48ADPv7.jpg,ok,640,480
train_bubat_timur,C:\Users\hanif\Downloads\capstone-agung\capstone-agung\data bubat timur\train\images\BubatBrt_20260513_013621_jpg.rf.1CswAAvjuAp6STR28p96.jpg,ok,640,480
train_bubat_timur,C:\Users\hanif\Downloads\capstone-agung\capstone-agung\data bubat timur\train\images\BubatBrt_20260513_013700_jpg.rf.6QwLH2R71XqTlxywon10.jpg,ok,640,480
train_bubat_timur,C:\Users\hanif\Downloads\capstone-agung\capstone-agung\data bubat timur\train\images\BubatBrt_20260513_013838_jpg.rf.R5w8A4DHPXgBROL8Jtbk.jpg,ok,640,480
train_bubat_timur,C:\Users\hanif\Downloads\capstone-agung\capstone-agung\data bubat timur\train\images\BubatBrt_20260513_013917_jpg.rf.CoHPcVrzpM2Rch2sMfZf.jpg,ok,640,480
train_bubat_timur,C:\Users\hanif\Downloads\capstone-agung\capstone-agung\data bubat timur\train\images\BubatBrt_20260513_013956_jpg.rf.UPz13iySJuNDF3aMMseL.jpg,ok,640,480
train_bubat_timur,C:\Users\hanif\Downloads\capstone-agung\capstone-agung\data bubat timur\train\images\BubatBrt_20260513_014035_jpg.rf.HsKEBqMJnKOWTsqxTywH.jpg,ok,640,480
train_bubat_timur,C:\Users\hanif\Downloads\capstone-agung\capstone-agung\data bubat timur\train\images\BubatBrt_20260513_014115_jpg.rf.qYwp6I7QU7SgJqHJKXE3.jpg,ok,640,480
train_bubat_timur,C:\Users\hanif\Downloads\capstone-agung\capstone-agung\data bubat timur\train\images\BubatBrt_20260513_014154_jpg.rf.ZCIGLlF4PUxIuS1jAgN0.jpg,ok,640,480
train_bubat_timur,C:\Users\hanif\Downloads\capstone-agung\capstone-agung\data bubat timur\train\images\BubatBrt_20260513_014233_jpg.rf.oSqNNalmKxbEONOu3daI.jpg,ok,640,480
train_bubat_timur,C:\Users\hanif\Downloads\capstone-agung\capstone-agung\data bubat timur\train\images\BubatBrt_20260513_014747_jpg.rf.ALBGiHBy77voXPKrOGaQ.jpg,ok,640,480
train_bubat_timur,C:\Users\hanif\Downloads\capstone-agung\capstone-agung\data bubat timur\train\images\BubatBrt_20260513_014825_jpg.rf.y9cqiTsjnuxxfwK03jCS.jpg,ok,640,480
train_bubat_timur,C:\Users\hanif\Downloads\capstone-agung\capstone-agung\data bubat timur\train\images\BubatBrt_20260513_014905_jpg.rf.66MVcxGGpdejHp20PMRw.jpg,ok,640,480
train_bubat_timur,C:\Users\hanif\Downloads\capstone-agung\capstone-agung\data bubat timur\train\images\BubatBrt_20260513_015102_jpg.rf.0W3QVQ2L7XutQsdJeEiJ.jpg,ok,640,480
train_bubat_timur,C:\Users\hanif\Downloads\capstone-agung\capstone-agung\data bubat timur\train\images\BubatBrt_20260513_015319_jpg.rf.swcYS1FD1zVMMbGLa50a.jpg,ok,640,480
train_bubat_timur,C:\Users\hanif\Downloads\capstone-agung\capstone-agung\data bubat timur\train\images\BubatBrt_20260513_015437_jpg.rf.8wRerNbkavhf0QDzkrAi.jpg,ok,640,480
train_bubat_timur,C:\Users\hanif\Downloads\capstone-agung\capstone-agung\data bubat timur\train\images\BubatBrt_20260513_015516_jpg.rf.Lr8bNmor8gkrTm3TPAqn.jpg,ok,640,480
train_bubat_timur,C:\Users\hanif\Downloads\capstone-agung\capstone-agung\data bubat timur\train\images\BubatBrt_20260513_015555_jpg.rf.k059HXP6obATKQhcXkiG.jpg,ok,640,480
train_bubat_timur,C:\Users\hanif\Downloads\capstone-agung\capstone-agung\data bubat timur\train\images\BubatBrt_20260513_015713_jpg.rf.iwGTSgj01VJ2OHLdpuiT.jpg,ok,640,480
train_bubat_timur,C:\Users\hanif\Downloads\capstone-agung\capstone-agung\data bubat timur\train\images\BubatBrt_20260513_020108_jpg.rf.VM3sof4Ahq5NFIo7IyMG.jpg,ok,640,480
train_bubat_timur,C:\Users\hanif\Downloads\capstone-agung\capstone-agung\data bubat timur\train\images\BubatBrt_20260513_020147_jpg.rf.zGimD8vw8wh5dAe843eZ.jpg,ok,640,480
train_bubat_timur,C:\Users\hanif\Downloads\capstone-agung\capstone-agung\data bubat timur\train\images\BubatBrt_20260513_020226_jpg.rf.ui3kWISaWcZaSqjSz4M9.jpg,ok,640,480
train_bubat_timur,C:\Users\hanif\Downloads\capstone-agung\capstone-agung\data bubat timur\train\images\BubatBrt_20260513_020345_jpg.rf.VQCj4RA2yZxnaMtiIJ4K.jpg,ok,640,480
train_bubat_timur,C:\Users\hanif\Downloads\capstone-agung\capstone-agung\data bubat timur\train\images\BubatBrt_20260513_020821_jpg.rf.GUQKjfIRgIWVYxCS4uvm.jpg,ok,640,480
train_bubat_timur,C:\Users\hanif\Downloads\capstone-agung\capstone-agung\data bubat timur\train\images\BubatBrt_20260513_020901_jpg.rf.R37FalGGyEWsRKImxdaP.jpg,ok,640,480
train_bubat_timur,C:\Users\hanif\Downloads\capstone-agung\capstone-agung\data bubat timur\train\images\BubatBrt_20260513_021058_jpg.rf.Ch4ACX8dWkssekcL2A4F.jpg,ok,640,480
train_bubat_timur,C:\Users\hanif\Downloads\capstone-agung\capstone-agung\data bubat timur\train\images\BubatBrt_20260513_021415_jpg.rf.d748UnFV2SZhKJXaDXaD.jpg,ok,640,480
train_bubat_timur,C:\Users\hanif\Downloads\capstone-agung\capstone-agung\data bubat timur\train\images\BubatBrt_20260513_021454_jpg.rf.9oEgeY7vT1GhRWfbxs3e.jpg,ok,640,480
train_bubat_timur,C:\Users\hanif\Downloads\capstone-agung\capstone-agung\data bubat timur\train\images\BubatBrt_20260513_021533_jpg.rf.HtqKwMqhugFZlg5pxMet.jpg,ok,640,480
train_bubat_timur,C:\Users\hanif\Downloads\capstone-agung\capstone-agung\data bubat timur\train\images\BubatBrt_20260513_021612_jpg.rf.0Op3tPTFpaA9jmrYPsD1.jpg,ok,640,480
train_bubat_timur,C:\Users\hanif\Downloads\capstone-agung\capstone-agung\data bubat timur\train\images\BubatBrt_20260513_022047_jpg.rf.LkLOcx5wS6fNK8hMFeaj.jpg,ok,640,480
train_bubat_timur,C:\Users\hanif\Downloads\capstone-agung\capstone-agung\data bubat timur\train\images\BubatBrt_20260513_022127_jpg.rf.dIKdf1sVS1dJxjp47Y2h.jpg,ok,640,480
train_bubat_timur,C:\Users\hanif\Downloads\capstone-agung\capstone-agung\data bubat timur\train\images\BubatBrt_20260513_022206_jpg.rf.JVMtrdwjVOMpRvLby2pu.jpg,ok,640,480
train_bubat_timur,C:\Users\hanif\Downloads\capstone-agung\capstone-agung\data bubat timur\train\images\BubatBrt_20260513_022443_jpg.rf.l2BbfJ9ZhLAqxRK1lWDN.jpg,ok,640,480
train_bubat_timur,C:\Users\hanif\Downloads\capstone-agung\capstone-agung\data bubat timur\train\images\BubatBrt_20260513_022719_jpg.rf.2BOecVL3p9QtBsu4bUpH.jpg,ok,640,480
train_bubat_timur,C:\Users\hanif\Downloads\capstone-agung\capstone-agung\data bubat timur\train\images\BubatBrt_20260513_022806_jpg.rf.RgB65FXYLjz9qLRpljyy.jpg,ok,640,480
train_bubat_timur,C:\Users\hanif\Downloads\capstone-agung\capstone-agung\data bubat timur\train\images\BubatBrt_20260513_022845_jpg.rf.hOHmmCmNzX81nWA9FSnK.jpg,ok,640,480
train_bubat_timur,C:\Users\hanif\Downloads\capstone-agung\capstone-agung\data bubat timur\train\images\BubatBrt_20260513_022924_jpg.rf.EQkVrrTEUymHCwdWDj9K.jpg,ok,640,480
train_bubat_timur,C:\Users\hanif\Downloads\capstone-agung\capstone-agung\data bubat timur\train\images\BubatBrt_20260513_023359_jpg.rf.oJQ54pisU9ZlxezaXNa5.jpg,ok,640,480
train_bubat_timur,C:\Users\hanif\Downloads\capstone-agung\capstone-agung\data bubat timur\train\images\BubatBrt_20260513_023438_jpg.rf.vGAvSmv9JgKLAAFY4pNe.jpg,ok,640,480
train_bubat_timur,C:\Users\hanif\Downloads\capstone-agung\capstone-agung\data bubat timur\train\images\BubatBrt_20260513_023517_jpg.rf.15sDhHG9gEBLPpZtR9Oz.jpg,ok,640,480
train_bubat_timur,C:\Users\hanif\Downloads\capstone-agung\capstone-agung\data bubat timur\train\images\BubatBrt_20260513_023556_jpg.rf.otPxTyTo3RmTfTj56GtT.jpg,ok,640,480
train_bubat_timur,C:\Users\hanif\Downloads\capstone-agung\capstone-agung\data bubat timur\train\images\BubatBrt_20260513_023635_jpg.rf.TOWtHgkQRJSnBA9Dyo4O.jpg,ok,640,480
train_bubat_timur,C:\Users\hanif\Downloads\capstone-agung\capstone-agung\data bubat timur\train\images\BubatBrt_20260513_023714_jpg.rf.emWsKVCxMl08PO5nASkd.jpg,ok,640,480
train_bubat_timur,C:\Users\hanif\Downloads\capstone-agung\capstone-agung\data bubat timur\train\images\BubatBrt_20260513_024110_jpg.rf.dbKTUDxprm25ClqFyl9T.jpg,ok,640,480
train_bubat_timur,C:\Users\hanif\Downloads\capstone-agung\capstone-agung\data bubat timur\train\images\BubatBrt_20260513_024149_jpg.rf.ze5qZYhKWWMAzx5rWWuq.jpg,ok,640,480
train_bubat_timur,C:\Users\hanif\Downloads\capstone-agung\capstone-agung\data bubat timur\train\images\BubatBrt_20260513_024228_jpg.rf.KXo9uSBNczRI3mw5Iyn7.jpg,ok,640,480
train_bubat_timur,C:\Users\hanif\Downloads\capstone-agung\capstone-agung\data bubat timur\train\images\BubatBrt_20260513_024741_jpg.rf.s7KWxNGOb8UKsllJBa9j.jpg,ok,640,480
train_bubat_timur,C:\Users\hanif\Downloads\capstone-agung\capstone-agung\data bubat timur\train\images\BubatBrt_20260513_024820_jpg.rf.fgTUMmNm2nMSXZ81XzHm.jpg,ok,640,480
train_bubat_timur,C:\Users\hanif\Downloads\capstone-agung\capstone-agung\data bubat timur\train\images\BubatBrt_20260513_024859_jpg.rf.rBrGpO4bK42LH8y4TO9e.jpg,ok,640,480
train_bubat_timur,C:\Users\hanif\Downloads\capstone-agung\capstone-agung\data bubat timur\train\images\BubatBrt_20260513_024938_jpg.rf.zF7LsE1O0F0RDqzqpcO8.jpg,ok,640,480
train_bubat_timur,C:\Users\hanif\Downloads\capstone-agung\capstone-agung\data bubat timur\train\images\BubatBrt_20260513_025215_jpg.rf.2VuqoWBE8JTXlFwxg21k.jpg,ok,640,480
train_bubat_timur,C:\Users\hanif\Downloads\capstone-agung\capstone-agung\data bubat timur\train\images\BubatBrt_20260513_025255_jpg.rf.vEu73GuKWXpSoGU1CBs6.jpg,ok,640,480
train_bubat_timur,C:\Users\hanif\Downloads\capstone-agung\capstone-agung\data bubat timur\train\images\BubatBrt_20260513_025413_jpg.rf.i9bUt6gcbzEa5Xoohxgq.jpg,ok,640,480
train_bubat_timur,C:\Users\hanif\Downloads\capstone-agung\capstone-agung\data bubat timur\train\images\BubatBrt_20260513_025453_jpg.rf.yWMoQ0QyaI3JVIn7AEnt.jpg,ok,640,480
train_bubat_timur,C:\Users\hanif\Downloads\capstone-agung\capstone-agung\data bubat timur\train\images\BubatBrt_20260513_025532_jpg.rf.7eUB9zjV3wj2PTKk59EN.jpg,ok,640,480
train_bubat_timur,C:\Users\hanif\Downloads\capstone-agung\capstone-agung\data bubat timur\train\images\BubatBrt_20260513_030005_jpg.rf.8txZintGzCzrXf8obmp0.jpg,ok,640,480
train_bubat_timur,C:\Users\hanif\Downloads\capstone-agung\capstone-agung\data bubat timur\train\images\BubatBrt_20260513_030045_jpg.rf.e4n4qxx1PvfAOc3oE4T0.jpg,ok,640,480
train_bubat_timur,C:\Users\hanif\Downloads\capstone-agung\capstone-agung\data bubat timur\train\images\BubatBrt_20260513_030124_jpg.rf.rbG6p5ahSBqpuvLgLQ8k.jpg,ok,640,480
train_bubat_timur,C:\Users\hanif\Downloads\capstone-agung\capstone-agung\data bubat timur\train\images\BubatBrt_20260513_030203_jpg.rf.3HxiTr9KPUSIsDlwn5bi.jpg,ok,640,480
train_bubat_timur,C:\Users\hanif\Downloads\capstone-agung\capstone-agung\data bubat timur\train\images\BubatBrt_20260513_030243_jpg.rf.tbwvn8oD8Tuz0EsuP3ni.jpg,ok,640,480
train_bubat_timur,C:\Users\hanif\Downloads\capstone-agung\capstone-agung\data bubat timur\train\images\BubatBrt_20260513_030303_jpg.rf.0XDLQMBncUsz23RXD6Mm.jpg,ok,640,480
train_bubat_timur,C:\Users\hanif\Downloads\capstone-agung\capstone-agung\data bubat timur\train\images\BubatBrt_20260513_030343_jpg.rf.9i0x5rqjWBsnpXa0t3RU.jpg,ok,640,480
train_bubat_timur,C:\Users\hanif\Downloads\capstone-agung\capstone-agung\data bubat timur\train\images\BubatBrt_20260513_030737_jpg.rf.9cguIe2zkILhn0VQfsqv.jpg,ok,640,480
train_bubat_timur,C:\Users\hanif\Downloads\capstone-agung\capstone-agung\data bubat timur\train\images\BubatBrt_20260513_030816_jpg.rf.jtAuAl1UeLxeH21PWQsg.jpg,ok,640,480
train_bubat_timur,C:\Users\hanif\Downloads\capstone-agung\capstone-agung\data bubat timur\train\images\BubatBrt_20260513_030855_jpg.rf.Ptguqt4JvFg7e3bdFpWd.jpg,ok,640,480
train_bubat_timur,C:\Users\hanif\Downloads\capstone-agung\capstone-agung\data bubat timur\train\images\BubatBrt_20260513_031053_jpg.rf.jYADspk7dwQI3jkFhqb0.jpg,ok,640,480
train_bubat_timur,C:\Users\hanif\Downloads\capstone-agung\capstone-agung\data bubat timur\train\images\BubatBrt_20260513_031251_jpg.rf.CpJUtYwPBFuidAV1HYKw.jpg,ok,640,480
train_bubat_timur,C:\Users\hanif\Downloads\capstone-agung\capstone-agung\data bubat timur\train\images\BubatBrt_20260513_031331_jpg.rf.znIByLlO5dxLzfO9bTdY.jpg,ok,640,480
train_bubat_timur,C:\Users\hanif\Downloads\capstone-agung\capstone-agung\data bubat timur\train\images\BubatBrt_20260513_031410_jpg.rf.eJ0sqXwn91WTR6TgJtXH.jpg,ok,640,480
train_bubat_timur,C:\Users\hanif\Downloads\capstone-agung\capstone-agung\data bubat timur\train\images\BubatBrt_20260513_031449_jpg.rf.9j4WGs7cVBcMrFZ9F0vs.jpg,ok,640,480
train_bubat_timur,C:\Users\hanif\Downloads\capstone-agung\capstone-agung\data bubat timur\train\images\BubatBrt_20260513_031528_jpg.rf.hz2n2WWMKP1sTuJskLrK.jpg,ok,640,480
train_bubat_timur,C:\Users\hanif\Downloads\capstone-agung\capstone-agung\data bubat timur\train\images\BubatBrt_20260513_031608_jpg.rf.Hr6sdx0tki30iWG9td58.jpg,ok,640,480
train_bubat_timur,C:\Users\hanif\Downloads\capstone-agung\capstone-agung\data bubat timur\train\images\BubatBrt_20260513_031647_jpg.rf.McPiH0KP86VLRJ0qGMnH.jpg,ok,640,480
train_bubat_timur,C:\Users\hanif\Downloads\capstone-agung\capstone-agung\data bubat timur\train\images\BubatBrt_20260513_031726_jpg.rf.X9yHI1BScvdfcJrdXGIq.jpg,ok,640,480
train_bubat_timur,C:\Users\hanif\Downloads\capstone-agung\capstone-agung\data bubat timur\train\images\BubatBrt_20260513_031806_jpg.rf.cPoR1ZGNkgcLb1k9Xf71.jpg,ok,640,480
train_bubat_timur,C:\Users\hanif\Downloads\capstone-agung\capstone-agung\data bubat timur\train\images\BubatBrt_20260513_031845_jpg.rf.JopUmptFjpyjaKsrdmIU.jpg,ok,640,480
train_bubat_timur,C:\Users\hanif\Downloads\capstone-agung\capstone-agung\data bubat timur\train\images\BubatBrt_20260513_031924_jpg.rf.RIPKtBKVqjjg0GikHxjq.jpg,ok,640,480
train_bubat_timur,C:\Users\hanif\Downloads\capstone-agung\capstone-agung\data bubat timur\train\images\BubatBrt_20260513_032003_jpg.rf.RX6gq9G5geLKGWnaANOQ.jpg,ok,640,480
train_bubat_timur,C:\Users\hanif\Downloads\capstone-agung\capstone-agung\data bubat timur\train\images\BubatBrt_20260513_032043_jpg.rf.CxFUmqIqtYNRDyXSXNSG.jpg,ok,640,480
train_bubat_timur,C:\Users\hanif\Downloads\capstone-agung\capstone-agung\data bubat timur\train\images\BubatBrt_20260513_032122_jpg.rf.owzQV11UlwIns4WiZqP3.jpg,ok,640,480
train_bubat_timur,C:\Users\hanif\Downloads\capstone-agung\capstone-agung\data bubat timur\train\images\BubatBrt_20260513_032201_jpg.rf.FnPLWtdPPb3rRs5VKQOO.jpg,ok,640,480
train_bubat_timur,C:\Users\hanif\Downloads\capstone-agung\capstone-agung\data bubat timur\train\images\BubatBrt_20260513_032240_jpg.rf.q3FYzde92mtMz1akD3Ek.jpg,ok,640,480
train_bubat_timur,C:\Users\hanif\Downloads\capstone-agung\capstone-agung\data bubat timur\train\images\BubatBrt_20260513_032320_jpg.rf.DV3M6KxLdoUBnJq8Iwfn.jpg,ok,640,480
train_bubat_timur,C:\Users\hanif\Downloads\capstone-agung\capstone-agung\data bubat timur\train\images\BubatBrt_20260513_033510_jpg.rf.sX5nkNbDT0LW4cwWoZgl.jpg,ok,640,480
train_bubat_timur,C:\Users\hanif\Downloads\capstone-agung\capstone-agung\data bubat timur\train\images\BubatBrt_20260513_033550_jpg.rf.9A08ZytPdjPyHkJ83knm.jpg,ok,640,480
train_bubat_timur,C:\Users\hanif\Downloads\capstone-agung\capstone-agung\data bubat timur\train\images\BubatBrt_20260513_033612_jpg.rf.oACO4ICc56B9iJS3Q4wM.jpg,ok,640,480
train_bubat_timur,C:\Users\hanif\Downloads\capstone-agung\capstone-agung\data bubat timur\train\images\BubatBrt_20260513_033651_jpg.rf.bBQFVfAAc54nt48vdgaC.jpg,ok,640,480
train_bubat_timur,C:\Users\hanif\Downloads\capstone-agung\capstone-agung\data bubat timur\train\images\BubatBrt_20260513_033751_jpg.rf.jSeZECAUl6ibDqdqROPv.jpg,ok,640,480
train_bubat_timur,C:\Users\hanif\Downloads\capstone-agung\capstone-agung\data bubat timur\train\images\BubatBrt_20260513_033850_jpg.rf.33hJjNFr1EurBeC5bIjK.jpg,ok,640,480
train_bubat_timur,C:\Users\hanif\Downloads\capstone-agung\capstone-agung\data bubat timur\train\images\BubatBrt_20260513_043748_jpg.rf.NrFD739zoxi8rUjflfVr.jpg,ok,640,480
train_bubat_timur,C:\Users\hanif\Downloads\capstone-agung\capstone-agung\data bubat timur\train\images\BubatBrt_20260513_043827_jpg.rf.Bq6p9AsiKHnVV4aTvvBf.jpg,ok,640,480
train_bubat_timur,C:\Users\hanif\Downloads\capstone-agung\capstone-agung\data bubat timur\train\images\BubatBrt_20260513_043907_jpg.rf.lb5zVs3nPpCLzapaOHFM.jpg,ok,640,480
train_bubat_timur,C:\Users\hanif\Downloads\capstone-agung\capstone-agung\data bubat timur\train\images\BubatBrt_20260513_043928_jpg.rf.nEhE1qrAJKdGQMP0KIuD.jpg,ok,640,480
train_bubat_timur,C:\Users\hanif\Downloads\capstone-agung\capstone-agung\data bubat timur\train\images\BubatBrt_20260513_044009_jpg.rf.JhAOS4nj1SUXoHutUqCh.jpg,ok,640,480
train_bubat_timur,C:\Users\hanif\Downloads\capstone-agung\capstone-agung\data bubat timur\train\images\BubatBrt_20260513_044111_jpg.rf.DebDgXw4pSnxil2FZfhw.jpg,ok,640,480
train_bubat_timur,C:\Users\hanif\Downloads\capstone-agung\capstone-agung\data bubat timur\train\images\BubatBrt_20260513_044133_jpg.rf.VnbC1T75FlbnUHnCVKs2.jpg,ok,640,480
train_bubat_timur,C:\Users\hanif\Downloads\capstone-agung\capstone-agung\data bubat timur\train\images\BubatBrt_20260513_044214_jpg.rf.GhyltFCQVBHco2Cwtkd6.jpg,ok,640,480
train_bubat_timur,C:\Users\hanif\Downloads\capstone-agung\capstone-agung\data bubat timur\train\images\BubatBrt_20260513_044235_jpg.rf.mNz9m8Hy9VK5ibW2ngB1.jpg,ok,640,480
train_bubat_timur,C:\Users\hanif\Downloads\capstone-agung\capstone-agung\data bubat timur\train\images\BubatBrt_20260513_044500_jpg.rf.nPDoQ7xsbYgcRjox9nE7.jpg,ok,640,480
train_bubat_timur,C:\Users\hanif\Downloads\capstone-agung\capstone-agung\data bubat timur\train\images\BubatBrt_20260513_044521_jpg.rf.H0AsGoWsG1LL0okYwYI9.jpg,ok,640,480
train_bubat_timur,C:\Users\hanif\Downloads\capstone-agung\capstone-agung\data bubat timur\train\images\BubatBrt_20260513_044542_jpg.rf.uBicliQz5VQbaFQjikTg.jpg,ok,640,480
train_bubat_timur,C:\Users\hanif\Downloads\capstone-agung\capstone-agung\data bubat timur\train\images\BubatBrt_20260513_044747_jpg.rf.HcdI9zJ99sebNI41vbra.jpg,ok,640,480
train_bubat_timur,C:\Users\hanif\Downloads\capstone-agung\capstone-agung\data bubat timur\train\images\BubatBrt_20260513_044828_jpg.rf.xQwwwgsPO2RHvmLlYqC4.jpg,ok,640,480
train_bubat_timur,C:\Users\hanif\Downloads\capstone-agung\capstone-agung\data bubat timur\train\images\BubatBrt_20260513_044907_jpg.rf.ijdjMCBbpEOcvkp9SuyT.jpg,ok,640,480
train_bubat_timur,C:\Users\hanif\Downloads\capstone-agung\capstone-agung\data bubat timur\train\images\BubatBrt_20260513_044930_jpg.rf.efBAw4ndkdACpXeRJDoY.jpg,ok,640,480
train_bubat_timur,C:\Users\hanif\Downloads\capstone-agung\capstone-agung\data bubat timur\train\images\BubatBrt_20260513_044952_jpg.rf.IJEZIf59HI1sDcNFuwI4.jpg,ok,640,480
train_bubat_timur,C:\Users\hanif\Downloads\capstone-agung\capstone-agung\data bubat timur\train\images\BubatBrt_20260513_045033_jpg.rf.Bsksc6yWjHrOrDmiInda.jpg,ok,640,480
train_bubat_timur,C:\Users\hanif\Downloads\capstone-agung\capstone-agung\data bubat timur\train\images\BubatBrt_20260513_045135_jpg.rf.EZLAa0ql7bnMQ49HxBJ1.jpg,ok,640,480
train_bubat_timur,C:\Users\hanif\Downloads\capstone-agung\capstone-agung\data bubat timur\train\images\BubatBrt_20260513_045157_jpg.rf.ZPHFK8wJPMPx80f0tP4J.jpg,ok,640,480
train_bubat_timur,C:\Users\hanif\Downloads\capstone-agung\capstone-agung\data bubat timur\train\images\BubatBrt_20260513_045239_jpg.rf.VpMMeJtKx2pXmwEqRUjL.jpg,ok,640,480
train_bubat_timur,C:\Users\hanif\Downloads\capstone-agung\capstone-agung\data bubat timur\train\images\BubatBrt_20260513_045301_jpg.rf.SeoWvhqiN7PQX9k36lO1.jpg,ok,640,480
train_bubat_timur,C:\Users\hanif\Downloads\capstone-agung\capstone-agung\data bubat timur\train\images\BubatBrt_20260513_045324_jpg.rf.QrKGcys9wuqM1bfc9gdk.jpg,ok,640,480
train_bubat_timur,C:\Users\hanif\Downloads\capstone-agung\capstone-agung\data bubat timur\train\images\BubatBrt_20260513_045346_jpg.rf.YEmu08yJXtTN5QOruFgh.jpg,ok,640,480
train_bubat_timur,C:\Users\hanif\Downloads\capstone-agung\capstone-agung\data bubat timur\train\images\BubatBrt_20260513_045406_jpg.rf.hyxj8BlF2gi3QNmH8rv9.jpg,ok,640,480
train_bubat_timur,C:\Users\hanif\Downloads\capstone-agung\capstone-agung\data bubat timur\train\images\BubatBrt_20260513_045428_jpg.rf.7x8w5GXO6BFlC9l0WClV.jpg,ok,640,480
train_bubat_timur,C:\Users\hanif\Downloads\capstone-agung\capstone-agung\data bubat timur\train\images\BubatBrt_20260513_045449_jpg.rf.wdns9yxzWB21sFcmV0MT.jpg,ok,640,480
train_bubat_timur,C:\Users\hanif\Downloads\capstone-agung\capstone-agung\data bubat timur\train\images\BubatBrt_20260513_045509_jpg.rf.YE1Rh1SfaEWDBvPho1IW.jpg,ok,640,480
train_bubat_timur,C:\Users\hanif\Downloads\capstone-agung\capstone-agung\data bubat timur\train\images\BubatBrt_20260513_045530_jpg.rf.K5AjJL9e8SUng5Ll25EX.jpg,ok,640,480
train_bubat_timur,C:\Users\hanif\Downloads\capstone-agung\capstone-agung\data bubat timur\train\images\BubatBrt_20260513_045550_jpg.rf.3qPmzL81j24FcuQkCjC6.jpg,ok,640,480
train_bubat_timur,C:\Users\hanif\Downloads\capstone-agung\capstone-agung\data bubat timur\train\images\BubatBrt_20260513_045611_jpg.rf.nQjsFx0zokEnEI9t3jTV.jpg,ok,640,480
train_bubat_timur,C:\Users\hanif\Downloads\capstone-agung\capstone-agung\data bubat timur\train\images\BubatBrt_20260513_045633_jpg.rf.q3eIHyz4vuW4OoDCYJSP.jpg,ok,640,480
train_bubat_timur,C:\Users\hanif\Downloads\capstone-agung\capstone-agung\data bubat timur\train\images\BubatBrt_20260513_045734_jpg.rf.0f36LB9WJbPd4Bt3XyUG.jpg,ok,640,480
train_bubat_timur,C:\Users\hanif\Downloads\capstone-agung\capstone-agung\data bubat timur\train\images\BubatBrt_20260513_045816_jpg.rf.9jx1vOQJgHUN9kevYUWQ.jpg,ok,640,480
train_bubat_timur,C:\Users\hanif\Downloads\capstone-agung\capstone-agung\data bubat timur\train\images\BubatBrt_20260513_045959_jpg.rf.urUiLKnZ419DT7Fhhaev.jpg,ok,640,480
train_bubat_timur,C:\Users\hanif\Downloads\capstone-agung\capstone-agung\data bubat timur\train\images\BubatBrt_20260513_050104_jpg.rf.5t4E9qLk7zoe8ZiIMteN.jpg,ok,640,480
train_bubat_timur,C:\Users\hanif\Downloads\capstone-agung\capstone-agung\data bubat timur\train\images\BubatBrt_20260513_050124_jpg.rf.cRrkx1TslBSHNCU3yF2N.jpg,ok,640,480
train_bubat_timur,C:\Users\hanif\Downloads\capstone-agung\capstone-agung\data bubat timur\train\images\BubatBrt_20260513_050144_jpg.rf.Jlqz6o1ArWbnRoPFFo5t.jpg,ok,640,480
train_bubat_timur,C:\Users\hanif\Downloads\capstone-agung\capstone-agung\data bubat timur\train\images\BubatBrt_20260513_050206_jpg.rf.xukN83rKi0Cg9655Vgqo.jpg,ok,640,480
train_bubat_timur,C:\Users\hanif\Downloads\capstone-agung\capstone-agung\data bubat timur\train\images\BubatBrt_20260513_050226_jpg.rf.mZ06d2TzLsFpGfzi9iop.jpg,ok,640,480
train_bubat_timur,C:\Users\hanif\Downloads\capstone-agung\capstone-agung\data bubat timur\train\images\BubatBrt_20260513_050326_jpg.rf.WTpu8LEztMhXflVLhzbX.jpg,ok,640,480
train_bubat_timur,C:\Users\hanif\Downloads\capstone-agung\capstone-agung\data bubat timur\train\images\BubatBrt_20260513_050346_jpg.rf.6dLhCaoY9S0RrTL664Tq.jpg,ok,640,480
train_bubat_timur,C:\Users\hanif\Downloads\capstone-agung\capstone-agung\data bubat timur\train\images\BubatBrt_20260513_050449_jpg.rf.uNMphdQRYmqKYJG1tCr9.jpg,ok,640,480
train_bubat_timur,C:\Users\hanif\Downloads\capstone-agung\capstone-agung\data bubat timur\train\images\BubatBrt_20260513_050510_jpg.rf.KycMLzLRTGx9yA0uGy0t.jpg,ok,640,480
train_bubat_timur,C:\Users\hanif\Downloads\capstone-agung\capstone-agung\data bubat timur\train\images\BubatBrt_20260513_050530_jpg.rf.H7GaKTvvG4LeG2BrQinc.jpg,ok,640,480
train_bubat_timur,C:\Users\hanif\Downloads\capstone-agung\capstone-agung\data bubat timur\train\images\BubatBrt_20260513_050735_jpg.rf.gUfk0LsdhfSfYLnGnyVP.jpg,ok,640,480
train_bubat_timur,C:\Users\hanif\Downloads\capstone-agung\capstone-agung\data bubat timur\train\images\BubatBrt_20260513_050757_jpg.rf.1Dvg83y2nJCtnUao6ndx.jpg,ok,640,480
train_bubat_timur,C:\Users\hanif\Downloads\capstone-agung\capstone-agung\data bubat timur\train\images\BubatBrt_20260513_050817_jpg.rf.j10xp0JzOwkinqV062zY.jpg,ok,640,480
train_bubat_timur,C:\Users\hanif\Downloads\capstone-agung\capstone-agung\data bubat timur\train\images\BubatBrt_20260513_050837_jpg.rf.HPaTBLhIlKFbLH4CaCHQ.jpg,ok,640,480
train_bubat_timur,C:\Users\hanif\Downloads\capstone-agung\capstone-agung\data bubat timur\train\images\BubatBrt_20260513_050858_jpg.rf.evqi5SPW5ID0dgb29csK.jpg,ok,640,480
train_bubat_timur,C:\Users\hanif\Downloads\capstone-agung\capstone-agung\data bubat timur\train\images\BubatBrt_20260513_050918_jpg.rf.GSENnEh9uuW5lj4uHgRK.jpg,ok,640,480
train_bubat_timur,C:\Users\hanif\Downloads\capstone-agung\capstone-agung\data bubat timur\train\images\BubatBrt_20260513_051102_jpg.rf.sM6EcmbSdnmMt2iZtqoU.jpg,ok,640,480
train_bubat_timur,C:\Users\hanif\Downloads\capstone-agung\capstone-agung\data bubat timur\train\images\BubatBrt_20260513_051223_jpg.rf.0lkKn9etSg9EDuRfWTYT.jpg,ok,640,480
train_bubat_timur,C:\Users\hanif\Downloads\capstone-agung\capstone-agung\data bubat timur\train\images\BubatBrt_20260513_051243_jpg.rf.53Bq7yAnxHOIpwfXgMFP.jpg,ok,640,480
train_bubat_timur,C:\Users\hanif\Downloads\capstone-agung\capstone-agung\data bubat timur\train\images\BubatBrt_20260513_051345_jpg.rf.6BIvTqd6CSgeOrvC2Hj5.jpg,ok,640,480
train_bubat_timur,C:\Users\hanif\Downloads\capstone-agung\capstone-agung\data bubat timur\train\images\BubatBrt_20260513_051428_jpg.rf.a2ajhyu1SUzVUSlUye8S.jpg,ok,640,480
train_bubat_timur,C:\Users\hanif\Downloads\capstone-agung\capstone-agung\data bubat timur\train\images\BubatBrt_20260513_051448_jpg.rf.2xgO4B3cxkqYw4mzUjjO.jpg,ok,640,480
train_bubat_timur,C:\Users\hanif\Downloads\capstone-agung\capstone-agung\data bubat timur\train\images\BubatBrt_20260513_051528_jpg.rf.lUqCYiReOKGGX1FEml2S.jpg,ok,640,480
train_bubat_timur,C:\Users\hanif\Downloads\capstone-agung\capstone-agung\data bubat timur\train\images\BubatBrt_20260513_051610_jpg.rf.6EuJjPq6uE4hkU2Bol59.jpg,ok,640,480
train_bubat_timur,C:\Users\hanif\Downloads\capstone-agung\capstone-agung\data bubat timur\train\images\BubatBrt_20260513_052018_jpg.rf.Zotg4kgi6RS5agEC7Rxd.jpg,ok,640,480
train_bubat_timur,C:\Users\hanif\Downloads\capstone-agung\capstone-agung\data bubat timur\train\images\BubatBrt_20260513_052038_jpg.rf.RAjkFoefHBndI90lIOY8.jpg,ok,640,480
train_bubat_timur,C:\Users\hanif\Downloads\capstone-agung\capstone-agung\data bubat timur\train\images\BubatBrt_20260513_052059_jpg.rf.qQUo94rK4vrZDmL5MVIa.jpg,ok,640,480
train_bubat_timur,C:\Users\hanif\Downloads\capstone-agung\capstone-agung\data bubat timur\train\images\BubatBrt_20260513_052119_jpg.rf.6E3yUBzRGSgY2ZcMnxcu.jpg,ok,640,480
train_bubat_timur,C:\Users\hanif\Downloads\capstone-agung\capstone-agung\data bubat timur\train\images\BubatBrt_20260513_052139_jpg.rf.HDPZzcYCwaeaSUneViKa.jpg,ok,640,480
train_bubat_timur,C:\Users\hanif\Downloads\capstone-agung\capstone-agung\data bubat timur\train\images\BubatBrt_20260513_052200_jpg.rf.SJlqwroA3SOjeNtyqk3V.jpg,ok,640,480
train_bubat_timur,C:\Users\hanif\Downloads\capstone-agung\capstone-agung\data bubat timur\train\images\BubatBrt_20260513_052646_jpg.rf.tcryibraxnumfIG7tVqo.jpg,ok,640,480
train_bubat_timur,C:\Users\hanif\Downloads\capstone-agung\capstone-agung\data bubat timur\train\images\BubatBrt_20260513_052726_jpg.rf.btDsedpPMOXUvTkTlNJT.jpg,ok,640,480
train_bubat_timur,C:\Users\hanif\Downloads\capstone-agung\capstone-agung\data bubat timur\train\images\BubatBrt_20260513_052807_jpg.rf.DkZ7Cmrvu55yAwVwQTdM.jpg,ok,640,480
train_bubat_timur,C:\Users\hanif\Downloads\capstone-agung\capstone-agung\data bubat timur\train\images\BubatBrt_20260513_053010_jpg.rf.bKZC1PuSZxDcIa2r89WG.jpg,ok,640,480
train_bubat_timur,C:\Users\hanif\Downloads\capstone-agung\capstone-agung\data bubat timur\train\images\BubatBrt_20260513_053257_jpg.rf.NGgD2k59MprlsLGCq0tr.jpg,ok,640,480
train_bubat_timur,C:\Users\hanif\Downloads\capstone-agung\capstone-agung\data bubat timur\train\images\BubatBrt_20260513_053317_jpg.rf.YrfqV5VYIx1KCVLd8Kse.jpg,ok,640,480
train_bubat_timur,C:\Users\hanif\Downloads\capstone-agung\capstone-agung\data bubat timur\train\images\BubatBrt_20260513_053338_jpg.rf.clhoHUjyvAL5O3OjeaIM.jpg,ok,640,480
train_bubat_timur,C:\Users\hanif\Downloads\capstone-agung\capstone-agung\data bubat timur\train\images\BubatBrt_20260513_053358_jpg.rf.trkh2hPrHqbgFZlaPaos.jpg,ok,640,480
train_bubat_timur,C:\Users\hanif\Downloads\capstone-agung\capstone-agung\data bubat timur\train\images\BubatBrt_20260513_053418_jpg.rf.DrLdu2vQ5oloGwADHHpZ.jpg,ok,640,480
train_bubat_timur,C:\Users\hanif\Downloads\capstone-agung\capstone-agung\data bubat timur\train\images\BubatBrt_20260513_053439_jpg.rf.WrmERyfwJffh4clq5jzU.jpg,ok,640,480
train_bubat_timur,C:\Users\hanif\Downloads\capstone-agung\capstone-agung\data bubat timur\train\images\BubatBrt_20260513_053541_jpg.rf.Dwrw6f68fUBwHKpgkFwx.jpg,ok,640,480
train_bubat_timur,C:\Users\hanif\Downloads\capstone-agung\capstone-agung\data bubat timur\train\images\BubatBrt_20260513_053825_jpg.rf.Y5JLmoigM3xp0hI5wwMN.jpg,ok,640,480
train_bubat_timur,C:\Users\hanif\Downloads\capstone-agung\capstone-agung\data bubat timur\train\images\BubatBrt_20260513_053908_jpg.rf.WrMg3YAYWHCsEQjaXcnQ.jpg,ok,640,480
train_bubat_timur,C:\Users\hanif\Downloads\capstone-agung\capstone-agung\data bubat timur\train\images\BubatBrt_20260513_053928_jpg.rf.IrV1W49qX82aQIRNtjC7.jpg,ok,640,480
train_bubat_timur,C:\Users\hanif\Downloads\capstone-agung\capstone-agung\data bubat timur\train\images\BubatBrt_20260513_054008_jpg.rf.OP3lisO1YLqtb7Du4C33.jpg,ok,640,480
train_bubat_timur,C:\Users\hanif\Downloads\capstone-agung\capstone-agung\data bubat timur\train\images\BubatBrt_20260513_054028_jpg.rf.vQ9o46Xq1zLjEg3iDjus.jpg,ok,640,480
train_bubat_timur,C:\Users\hanif\Downloads\capstone-agung\capstone-agung\data bubat timur\train\images\BubatBrt_20260513_054048_jpg.rf.bO0iHDmXXyFcVIgqzxKb.jpg,ok,640,480
train_bubat_timur,C:\Users\hanif\Downloads\capstone-agung\capstone-agung\data bubat timur\train\images\BubatBrt_20260513_054129_jpg.rf.5MbIgGKXwDCal0cBulQg.jpg,ok,640,480
train_bubat_timur,C:\Users\hanif\Downloads\capstone-agung\capstone-agung\data bubat timur\train\images\BubatBrt_20260513_054209_jpg.rf.haOg47DUpDr9AgusYjSe.jpg,ok,640,480
train_bubat_timur,C:\Users\hanif\Downloads\capstone-agung\capstone-agung\data bubat timur\train\images\BubatBrt_20260513_054229_jpg.rf.8tGZvddpXOgcz0yHOVSB.jpg,ok,640,480
train_bubat_timur,C:\Users\hanif\Downloads\capstone-agung\capstone-agung\data bubat timur\train\images\BubatBrt_20260513_054250_jpg.rf.lXDgpAdjwDbAeOAdwGB1.jpg,ok,640,480
train_bubat_timur,C:\Users\hanif\Downloads\capstone-agung\capstone-agung\data bubat timur\train\images\BubatBrt_20260513_054311_jpg.rf.glRU4ubP7cg3nkudU08m.jpg,ok,640,480
train_bubat_timur,C:\Users\hanif\Downloads\capstone-agung\capstone-agung\data bubat timur\train\images\BubatBrt_20260513_054433_jpg.rf.PwXjeJIW6PVFm6Tm8Dt0.jpg,ok,640,480
train_bubat_timur,C:\Users\hanif\Downloads\capstone-agung\capstone-agung\data bubat timur\train\images\BubatBrt_20260513_054453_jpg.rf.luQltfaRvkuJlNdY4giX.jpg,ok,640,480
train_bubat_timur,C:\Users\hanif\Downloads\capstone-agung\capstone-agung\data bubat timur\train\images\BubatBrt_20260513_054553_jpg.rf.eeMnwmcLXBaiN143tbQP.jpg,ok,640,480
train_bubat_timur,C:\Users\hanif\Downloads\capstone-agung\capstone-agung\data bubat timur\train\images\BubatBrt_20260513_054633_jpg.rf.xNCjolvUXT0EuyQKA3oC.jpg,ok,640,480
train_bubat_timur,C:\Users\hanif\Downloads\capstone-agung\capstone-agung\data bubat timur\train\images\BubatBrt_20260513_054654_jpg.rf.EOIQjj3Mo069r3VVcy5n.jpg,ok,640,480
train_bubat_timur,C:\Users\hanif\Downloads\capstone-agung\capstone-agung\data bubat timur\train\images\BubatBrt_20260513_054734_jpg.rf.EWI24PLuICFTzr1863i8.jpg,ok,640,480
train_bubat_timur,C:\Users\hanif\Downloads\capstone-agung\capstone-agung\data bubat timur\train\images\BubatBrt_20260513_054754_jpg.rf.kIIf0tKg2916rBwetyxa.jpg,ok,640,480
train_bubat_timur,C:\Users\hanif\Downloads\capstone-agung\capstone-agung\data bubat timur\train\images\BubatBrt_20260513_054814_jpg.rf.ydKzBKELwPydqxeta4VV.jpg,ok,640,480
train_bubat_timur,C:\Users\hanif\Downloads\capstone-agung\capstone-agung\data bubat timur\train\images\BubatBrt_20260513_054835_jpg.rf.At4wzFO1pgyMZQycxtxh.jpg,ok,640,480
train_bubat_timur,C:\Users\hanif\Downloads\capstone-agung\capstone-agung\data bubat timur\train\images\BubatBrt_20260513_054916_jpg.rf.qUUUrzD7c6UCWfZGqsNQ.jpg,ok,640,480
train_bubat_timur,C:\Users\hanif\Downloads\capstone-agung\capstone-agung\data bubat timur\train\images\BubatBrt_20260513_054936_jpg.rf.GcK7o9pRfN9Nc6nDMSNr.jpg,ok,640,480
train_bubat_timur,C:\Users\hanif\Downloads\capstone-agung\capstone-agung\data bubat timur\train\images\BubatBrt_20260513_054956_jpg.rf.xX8J9WBHGdaPtVOP8Dpf.jpg,ok,640,480
train_bubat_timur,C:\Users\hanif\Downloads\capstone-agung\capstone-agung\data bubat timur\train\images\BubatBrt_20260513_055017_jpg.rf.fug2aupyE1BNpNeimo8L.jpg,ok,640,480
train_bubat_timur,C:\Users\hanif\Downloads\capstone-agung\capstone-agung\data bubat timur\train\images\BubatBrt_20260513_055037_jpg.rf.My07e59oI4uyc9ds1f4L.jpg,ok,640,480
